BJD n order chunk rv e_rv norm0 e_norm0 norm1 e_norm1 norm2 e_norm2 wave0 e_wave0 wave1 e_wave1 wave2 e_wave2 ip0 e_ip0 atm0 e_atm0 atm1 e_atm1 atm2 e_atm2 atm3 e_atm3 bkg0 e_bkg0 prms
2460799.8702591914 1 4 0 541.9377580134138 240.43229577943234 1083.667194380639 712.0607970215859 -0.00018900607586218706 0.001485698227651419 -4.571342738404159e-05 2.987171310185641e-05 15247.899089454058 0.010692529816738447 0.04820348940615556 1.1295910998049088e-05 -5.364776126950267e-07 2.2944578581202356e-08 1.812456734301948 0.21853617160069252 4.4959886158040865 3.3504388859331176 nan 0 nan 0 8.132810445756292 5.9060164214077275 0.9826803829292488 1.3034968809956533 2.7412783517108887
2460799.8702591914 1 7 0 -491.87369802208735 235.08358271923115 1988.3068388237155 212.86664098930174 0.014466546374754698 0.0026248570192231326 -4.487967706522438e-05 7.0930989313457965e-06 15671.358898075465 0.0077955493756486855 0.04951609322821407 1.3181006802802633e-05 -5.670309557121923e-07 1.3422580167331017e-08 1.151330693224665 0.06861036631299997 1.8299643932770913 1.1625173039285144 nan 0 nan 0 1.4513453043005415 0.2057186921790799 0.14960137155924874 0.12324522758064627 2.539227636833569
2460799.8702591914 1 8 0 1184.147145388766 125.46098894736856 2202.573969268468 113.74954692853086 0.0014931218039667957 0.0026812288832411832 3.4540137343477214e-06 5.810623061145346e-06 15777.177648271629 0.0014247467329839972 0.04698141631378752 2.1327590683876174e-06 -5.830376233113555e-07 3.9089592963760985e-09 1.128909794370964 0.04226506240445773 -0.08123806307214304 1.5462153713760916 nan 0 nan 0 1.2747810459696878 0.0944444908715021 0.03184695036022374 0.05352407834526116 2.7139165991900938
2460799.8702591914 1 9 0 -395.7925035832907 170.69274419247375 2226.1698991775456 105.475761307526 -0.005456475832230634 0.0028273007180817248 -7.899838015590772e-06 5.538640413871163e-06 16004.48322920071 0.0018435613423709578 0.05326450018000126 7.802748191043564e-06 -5.349920876142e-07 1.0478609319632719e-08 1.1168263562128844 0.04202831310474432 2.7983739931726976 1.1265140303825543 nan 0 nan 0 1.3448478829666144 0.09317342198864716 0.07504856904737617 0.051292654894363285 2.7034808759161177
2460799.8702591914 1 10 0 404.9108755867448 151.92930353593292 2379.052390977566 119.77605246105549 -0.0455090197679149 0.003469030430798135 -5.624024278060747e-05 6.061882711233953e-06 16118.931198804192 0.0017215786020760469 0.05086142068047911 4.819002680862435e-06 -5.606367986811399e-07 6.875255009652387e-09 1.145408104702147 0.04237059758963257 1.4790222745184605 1.2142848662737993 -0.5391343859325641 4.659514466539863 nan 0 1.2399725807703597 0.08839766628093679 0.0012874464351644176 0.05066017272234534 2.46954494872525
2460799.8702591914 1 12 0 456.112882647511 145.85507164102376 2688.6846607971315 283.25894655799686 0.020733635565377252 0.003545297703671241 -5.201426088450241e-05 8.04587025774223e-06 16474.94937950938 0.003310378885364251 0.05479004084601154 3.998830508066936e-06 -5.337603349585302e-07 8.74348452225481e-09 1.2991519787819432 0.06835218261858293 1.0760354672229269 0.3931768948226677 1.1316673535387742 0.15892659336316908 nan 0 1.061346357825933 0.12109418862164747 -0.04832735029776474 0.10037650614028878 2.3710704580154647
2460799.8702591914 1 13 0 -452.2924979495094 189.85562962117302 3838.272780902191 2680.8127173419516 0.016338871207417813 0.01223651236298263 -9.098963765049181e-05 6.405272273168211e-05 16592.589189943053 0.008073247675677249 0.05231643692663954 9.604616562869485e-06 -6.642677719867193e-07 2.6401406851508123e-08 1.471621657915606 0.11536027748114151 1.0790116635043576 0.7766000720355607 0.7337994563398603 0.5669804692053424 nan 0 0.6914968618591817 0.5926379816977559 -0.32384895552887916 0.472329277569001 2.101437241280018
2460799.8702591914 1 14 0 419.25021294789985 193.48657570568724 3371.005076382047 715.3627128750283 0.02056631717006517 0.0062892357733386 -9.627219770666967e-05 2.2838945805554776e-05 16704.49605311348 0.010768339252933835 0.049687348898253 4.4293416521407455e-06 -5.966890810914419e-07 1.5837969951775148e-08 1.524598687183607 0.07898753295027361 1.0577752720121227 0.3699525525236605 0.9103052007779056 0.2240998318219385 nan 0 2.2769761023148654 1.7835147010664694 -0.2239518659008317 0.164735312544624 2.327863346682327
2460799.8702591914 1 17 0 345.704684158587 204.30297138303655 1610.8491828925646 258.43654258992217 0.0028700511035944457 0.0019230952480505225 1.2274599704968032e-05 4.13987260919139e-06 17210.026915996652 0.006243015787460147 0.05113114243555995 1.2749506003586768e-05 -5.992119043696478e-07 2.0175398662394162e-08 1.704708130955423 0.12282827826554314 2.976345789144173 0.6094665767577441 2.109513947382441 0.37985561234532134 nan 0 nan 0 0.5306030906587653 0.24578631266579215 2.466290288254123
2460799.8702591914 1 18 0 113.57022259427485 138.78564541964943 2290.721012619386 75.047662539638 -0.0019453647788259122 0.0027386026767115836 -9.765370144438463e-05 6.653474510190823e-06 17503.354912427985 0.0051401084527436655 0.05811054956636065 6.149792995099091e-06 -5.881347012374754e-07 1.5141482852389866e-08 1.7264898770501207 0.1271563563710902 1.8559309962771064 0.08850292724507101 0.3096579647419512 0.27955898587693706 nan 0 nan 0 0.035315445256510765 0.03402781479313784 2.6798484272620784
2460799.8702591914 1 19 0 566.1939148713456 149.85812590367152 2261.9948755631203 18.847807926851228 -0.029795500333484062 0.003055306950809681 -2.8741206381572478e-05 6.24114127353193e-06 17628.123973611982 0.004194159167914888 0.05547224399572409 8.669060318315507e-06 -5.257383373189534e-07 2.063566356031576e-08 2.296203084632194 0.13602730546267922 1.8430473892904666 0.03409555001046242 0.9067007039678897 0.3326757866829835 nan 0 nan 0 0.0015169535480016665 0.008337476516301944 2.9638618007075577

2460596.537283731 2 4 0 577.657839167061 179.4603857683986 3219.8439751708684 4261.879418332812 -0.029736918052460547 0.039907821595437626 -3.753302480514059e-05 4.9633977406325814e-05 15247.87520832171 0.0072911119482394005 0.048158821732260854 1.0279175894063288e-05 -4.824153967214693e-07 2.1071851312296578e-08 1.0291311403896894 0.13350374801532014 1.8840765282156589 2.639374040994914 nan 0 nan 0 1.963617299422898 2.771824859982362 -0.05497307734990626 1.2511718767913285 2.526014566095454
2460596.537283731 2 7 0 -37.96475605592098 198.1330066434741 2656.1472109772253 219.26686417488105 0.031091656617611846 0.003280659252521375 -4.239926929964867e-05 6.705709430554512e-06 15671.27204308877 0.006351836546516255 0.04948934023323771 1.1179051327953734e-05 -5.570191729943315e-07 1.0984882437747098e-08 1.1104847623792322 0.054856452977049296 0.5585945478557817 0.9290143690289323 nan 0 nan 0 1.5899188477929613 0.173997102015865 0.1415924644709929 0.09437811672335067 2.096207803896153
2460596.537283731 2 8 0 -309.34120291832926 103.96419150267805 3161.265810739362 117.07303844410517 -0.01148081315753918 0.0032109102101050713 1.937039075072929e-05 6.964291987321544e-06 15777.162856006431 0.0011463751938090843 0.04698126195244304 1.6230859710587375e-06 -5.845418131943658e-07 3.048324142402045e-09 1.0964979856762351 0.033678085254932745 -0.03799282103766699 1.301380722582303 nan 0 nan 0 1.4341447712160345 0.07802589566954508 0.03290035852383838 0.03844064966072886 2.2675916333337582
2460596.537283731 2 9 0 -532.947656508487 134.64432578619463 3249.849391810984 139.56150261477683 0.006358523730570493 0.003333054616996265 -2.1434416367371582e-05 6.704079779330282e-06 16004.50963897619 0.0014081250198039134 0.05328163058752807 6.033230528227663e-06 -5.533408084242668e-07 8.25488266557881e-09 1.0261299742829908 0.0387552208694366 0.3570957754995498 0.8729992400656744 nan 0 nan 0 1.441030398362706 0.08826307845668713 0.056384751477726425 0.0456842214871077 2.231404124122192
2460596.537283731 2 10 0 -342.13101325501736 117.95072824645786 3252.155715829883 136.9278673981845 -0.06982124398628808 0.0041000652171050795 -8.290253309815292e-05 7.097383510658715e-06 16118.895347556756 0.001365810221913396 0.050862716935697855 3.6011108614959742e-06 -5.553502253989688e-07 5.440980271187259e-09 1.040032910983083 0.03747487647003367 2.423818414429565 1.1080678947847478 -0.3807319578590542 3.8536041362762186 nan 0 1.4603117657603588 0.08623540706101285 0.05380409062050959 0.044592019183252424 2.0493890759600277
2460596.537283731 2 12 0 349.34422422509664 130.53539110369198 4236.838455696213 445.98904163965324 0.04079858547516354 0.005656672461328875 -8.424643005036335e-05 1.175564265646962e-05 16474.941311287563 0.003021218715525784 0.05478721577361503 3.2323179624837783e-06 -5.397247934732371e-07 7.580293121649194e-09 1.3440813051138494 0.061083814734255365 1.9701171691153239 0.3845748267445346 1.0991675048868375 0.1537802796934535 nan 0 1.2873865549611772 0.1453015865477891 -0.1145675894266439 0.09332951351903533 2.0280648308286504
2460596.537283731 2 13 0 -170.23066262272812 131.75639516473854 5866.3816038597815 4427.9788897479675 0.013968606030205366 0.012081833612493976 -0.0001547419432884464 0.00011750660061437836 16592.568764740743 0.005654928388904457 0.05232201116369427 6.461903641295129e-06 -5.832928792947052e-07 1.8344880989547575e-08 1.152727679055561 0.09601019440870252 1.2129792113193014 0.9340238443081538 0.7900579258767827 0.6516516291064383 nan 0 1.2227009701856622 0.9688983571312317 -0.350598576937334 0.4902527212130219 1.7926220614872184
2460596.537283731 2 14 0 233.5207316008901 160.17403607541758 4154.113887937843 810.9276079805426 0.019405348934879715 0.006230601099835361 -6.491806944536831e-05 1.6468208247651368e-05 16704.489643707264 0.008761267798904447 0.04967005559407823 4.173219160311263e-06 -6.251728169944552e-07 1.3320306927306514e-08 1.4842189370255672 0.06977384577532601 1.9908859276224922 0.5079045840266412 1.1802948215076687 0.2714245889641016 nan 0 1.097147713650232 1.770313334957718 -0.08745976892855759 0.17820007691672182 2.0574264255845147
2460596.537283731 2 17 0 195.69932671982494 162.97179917214925 2519.579075566604 494.9456472229612 -0.009555115723060992 0.0036277625493114666 1.7525939289916706e-05 6.072429686396418e-06 17210.009569498616 0.0051487112064230916 0.05112163574541315 9.72780832599417e-06 -5.975659675234144e-07 1.5815721331782866e-08 1.4549232399541405 0.102032652564263 3.080619107734284 0.7413347453080932 1.7885012371088813 0.3839627041301739 nan 0 nan 0 0.460013938041317 0.28705354030213837 2.1594523426098364
2460596.537283731 2 18 0 -197.15455852175367 126.57870502934627 3542.4801745446402 134.86065224355596 0.012583586622451492 0.0038739376479595138 -9.96002180544205e-05 8.94189111731621e-06 17503.29661130804 0.005268078422341245 0.05810625771985722 4.88674040364578e-06 -5.567770377051461e-07 1.1921699187710522e-08 1.6562319982138074 0.11626223173220339 1.886785447342825 0.09755295660093814 1.6056299146591095 0.2627968748704828 nan 0 nan 0 -0.016283805199594183 0.03755076451117896 2.425836776371466
2460596.537283731 2 19 0 65.78331184847843 130.11568113383618 3355.677110040751 23.6664934067213 -0.04250116101113182 0.003946083787935206 -4.0191759440551714e-05 8.0276197970797e-06 17628.113174797516 0.0036582696897321347 0.05546557046390957 7.760371260974937e-06 -5.945449497699559e-07 1.8147604991221167e-08 2.1518107369747748 0.13560789910061913 2.0715075907023026 0.035470717180215515 1.8602196361435426 0.29544310035794935 nan 0 nan 0 0.0014744052837522728 0.007053740611100326 2.5980004228361526

2460609.530274893 3 4 0 344.5152955846841 294.8050348941722 2583.7050758102678 19710.369140018018 -0.026510504713789258 0.20243850302514607 -4.041694427741156e-05 0.00030791830124615255 15247.914491173697 0.015711085791646533 0.048194918842482046 1.1014441625069117e-05 -5.256642303372501e-07 2.3380715620442437e-08 1.009884816799778 0.16108900635288545 0.7420230619086464 5.798174025885822 nan 0 nan 0 0.5998853723057777 4.695000009275922 -0.06305935190963513 7.14796729227172 2.646773182235543
2460609.530274893 3 7 0 -75.96400395182579 219.54594309259542 2511.123854969347 165.70267797818283 0.021106644590632963 0.003146519453348571 -5.9758766051626504e-05 7.370642375469472e-06 15671.371180634145 0.006668593328552712 0.04952505195497194 1.2654176241844635e-05 -5.680606830949901e-07 1.1944199294438954e-08 1.0623461692425886 0.05488533515639519 1.6783420550590225 0.9723787609312614 nan 0 nan 0 1.4943802958463006 0.13629049573543026 0.01902093319931561 0.0673713196775683 2.498782036755765
2460609.530274893 3 8 0 299.83473440943465 128.76754720436716 2335.8634136795686 92.16490561968456 0.00416944816117211 0.0028044177873855903 8.702508850366947e-06 6.035939679740814e-06 15777.194056075456 0.0014327627742665835 0.04698338503785533 1.9675692285727414e-06 -5.777090596060263e-07 3.746887404333958e-09 1.1606781449350236 0.0430192253390317 3.4495595304162574e-05 1.6401487365038887 nan 0 nan 0 1.6833643733531574 0.10125491860423362 0.09766178355513716 0.04356081016603201 2.660522673602484
2460609.530274893 3 9 0 -205.37650914392398 157.20290600543402 2566.9801658445067 82.06864795102342 0.02903620344704837 0.003263217275619668 -1.842624759362878e-05 6.503011843008301e-06 16004.516526497342 0.0015567942149509485 0.05327743592477587 6.7706975717994975e-06 -5.421727720889477e-07 9.16082120787558e-09 0.9813323416440676 0.03886879133106602 2.6594994772194487 1.0474143200786485 nan 0 nan 0 1.5095119767722822 0.07480502184990676 0.03573675919745563 0.03341342477447182 2.781004832714838
2460609.530274893 3 10 0 170.42316086042317 137.9982029769866 2620.9050445902835 89.95755759277652 -0.04006546075932063 0.003172035918739809 -5.05075080794356e-05 6.129821953281347e-06 16118.933752827856 0.0014391723019245139 0.050863445579108074 3.906787399045683e-06 -5.553811165065229e-07 5.725363854440426e-09 1.0303885448303756 0.03841710299602746 1.549094583095526 1.2560853884538692 0.15898421877449653 4.36897752028052 nan 0 1.5088883030996305 0.07767728767421561 0.023476680019593778 0.03535845661457394 2.4248420366477648
2460609.530274893 3 12 0 935.7938861194473 161.61207054610944 3086.7844751931675 349.04284392798496 0.06917479468450946 0.00840141752976532 -4.011032769928301e-05 8.289673592594776e-06 16474.959216982217 0.003810542308616643 0.054791361245938884 4.38986371205366e-06 -5.407614829739694e-07 9.379534450724577e-09 1.3250348765548752 0.06707070255764556 1.3145931506830983 0.431558462451832 1.237107079156486 0.18879075238331736 nan 0 1.4375557884861687 0.17425624599826298 -0.0700827143288325 0.10530328136647492 2.471442596628734
2460609.530274893 3 13 0 125.23507538659342 156.76851939033003 1625.468572346998 343.92101525584906 0.016112469715716126 0.0038750458839040785 -4.118159756452552e-05 9.326339773031528e-06 16592.61887773073 0.00787166847386275 0.052342501371579045 7.98453808152056e-06 -6.656188876757663e-07 2.2386657773692398e-08 1.1105048012659011 0.1080432266031823 1.6367665934647546 0.6205707535197569 2.7718596856929474 0.7667449318857472 nan 0 2.6371444520824365 1.0583632112017942 0.8204176162314785 0.38538266908112223 2.0097271869558
2460609.530274893 3 14 0 -297.3190068950816 176.18113759334392 3151.8378140175305 548.1654979858449 0.037369358412210965 0.008147874995553398 -3.9505545874407845e-05 1.1176103694601687e-05 16704.53070991621 0.009622043721185537 0.049679524128424066 4.391769753722802e-06 -6.224682603568291e-07 1.4772916451642849e-08 1.4152076631981392 0.07417097959220359 0.02713373877492256 0.3779597966498957 1.3576418045180787 0.2851430321711345 nan 0 3.1501065823228442 2.206102647742633 -0.05229668599877605 0.16490285955397196 2.4343566049375496
2460609.530274893 3 17 0 -78.49236842397667 186.625683393494 4255.234222935975 3241.826308841873 0.002211754671933929 0.004842014678664975 1.364699300277804e-05 1.3638425833775606e-05 17210.050214223593 0.006767340577959549 0.051146694492777166 1.16565329406114e-05 -6.4618732385847e-07 2.06088025250517e-08 1.5369794869443938 0.11557226926302595 0.5910459483665346 0.48567109315735557 0.8352127239051962 0.6476392452807522 nan 0 nan 0 -0.32669372718043227 0.513040891091325 2.337706764274928
2460609.530274893 3 18 0 154.44261322278527 133.3435173904532 3173.8679859534072 227.6033352242774 0.03517172323523442 0.00473300517518474 -8.810519329944502e-05 1.055983652433756e-05 17503.372124780184 0.005726605447937327 0.058108838402099926 5.03912323934379e-06 -5.683180513827303e-07 1.2654548522452924e-08 1.3972748901543186 0.11771942076455383 0.6978135669266216 0.06773506347166372 1.180098930260054 0.2585952402390003 nan 0 nan 0 -0.14299013083300852 0.061565292521958574 2.819159629909127
2460609.530274893 3 19 0 499.37123889965864 119.70293361027827 2618.1670686501093 39.26998140876382 -0.012770574170289812 0.0034054097085553965 -2.056266144025047e-05 6.975447788528032e-06 17628.154548108363 0.0052190877830208945 0.05545918367396988 7.745473308648918e-06 -5.744295328441529e-07 1.8927094268226682e-08 1.460305465181956 0.07757580579226862 0.9228876701284302 0.02649610379931051 2.0843213298154946 0.29247458158367684 nan 0 nan 0 0.020517244260439257 0.015374049716532438 2.864296283058766

2460584.5810624743 4 4 0 -326.6565660947926 147.31643734605453 1875.5716470189434 4048.367241205085 -0.01616633397048219 0.03515030369296812 -2.553437140434136e-06 7.974204033867904e-06 15247.884678106382 0.007585031645558178 0.04817561432438267 6.5730025618288335e-06 -5.519872856303791e-07 1.2975566596573195e-08 0.23863982732348285 0.2082677348713462 1.3501130275883273 3.048409703412757 nan 0 nan 0 0.15090434268317418 0.958061844993386 -0.17798332738872008 1.7745989502106145 3.410712982523472
2460584.5810624743 4 7 0 298.94638718238264 278.0061614685628 1208.0824480929716 89.16791140907358 0.01785126401251401 0.0021224967263843582 -8.392602443126225e-06 3.8354253723280905e-06 15671.385053985161 0.008785138366810172 0.049485392284749644 1.5928012003480713e-05 -5.587116513805633e-07 1.5805644923574155e-08 1.03882156250795 0.08404917667876886 3.0757197841400954 1.7009108256991834 nan 0 nan 0 2.1461884427657356 0.23233568765018045 0.36349632683126154 0.10086424956958003 3.19239584123923
2460584.5810624743 4 8 0 -257.12016681534567 165.57500587773444 1571.5231028593726 83.58697769740725 0.009581352974170992 0.0025496875270428518 -6.426063783054006e-07 5.319205684117803e-06 15777.181892964129 0.0018171995007456962 0.046985372861954595 2.5691393381348996e-06 -5.736509983741008e-07 4.827277042201301e-09 1.1509698314973482 0.05271376507315565 0.02397751950289706 2.078052719691008 nan 0 nan 0 1.5085180294621723 0.12015286667958919 0.05953464761566938 0.05664930513106694 3.536283411216199
2460584.5810624743 4 9 0 384.8201033166291 242.36546269870382 1513.7217302049319 75.7464645929503 0.02656527888642029 0.0027812056433176332 -4.802747766374719e-06 5.253645893808101e-06 16004.54129383436 0.002386593559149113 0.05323779079628574 1.045541425283379e-05 -5.016995129457561e-07 1.4183746527248329e-08 1.0867559398806823 0.05807501660163342 -0.13907247098574516 1.6117236542870548 nan 0 nan 0 1.6154454661482263 0.12457216226935812 0.13036107746136602 0.05705173179430721 3.7737919299932865
2460584.5810624743 4 10 0 390.3114408697941 211.79030236906047 1596.9556570274633 89.1726084424507 -0.015064156031399326 0.0024606874257108256 -2.260529768851243e-05 4.882710664915152e-06 16118.912835518498 0.002257754764759933 0.05085656180774258 5.977270083263754e-06 -5.538377887297556e-07 8.791904328055107e-09 1.2509693090521246 0.05949384090791846 4.14801014049756 1.7998769665852317 -0.3613570488866482 6.219294471080745 nan 0 1.5653264922115195 0.12979850284758299 0.08637821238391136 0.061030487896060505 3.166787174733505
2460584.5810624743 4 12 0 8.147777279423822 170.8332993090433 1727.4824565866397 159.21275442424678 0.054087295576840395 0.00549226371129871 -3.379383801765851e-05 5.9421838708611816e-06 16474.961822828245 0.003988169433724591 0.05478593507067589 4.732393545317608e-06 -5.289323127649612e-07 1.0229157910660663e-08 1.1166203294612091 0.07827012247550012 3.549252371720819 0.7117272541442964 1.54338143790711 0.20995488463665543 nan 0 1.5955088617506505 0.1680843172148234 0.09193820984107313 0.10084170498603212 3.2089612302731516
2460584.5810624743 4 13 0 -548.4975851671109 199.3718215415703 1918.1294936143636 1067.4854767886375 0.04080855055777026 0.023087099074222198 -5.4143313437633534e-05 3.06399300553903e-05 16592.592977718952 0.008233339695327531 0.052319644019371836 9.831526626300047e-06 -5.959325772378998e-07 2.7124927971073762e-08 1.1604160447827467 0.1135106281056846 1.9844445198174054 1.173611946162989 1.377458905096421 0.8895409915206619 nan 0 1.2161462107884669 0.9502276219320976 0.012481146132181223 0.5636382966454752 2.7210349625004975
2460584.5810624743 4 14 0 360.2115170368127 215.65874395174868 1639.1366351474157 266.75803900648833 0.020088150568332963 0.004426613049929929 -3.139484447909228e-05 7.649255797909912e-06 16704.533243756712 0.011671305350529501 0.049691490144232096 6.029506058976948e-06 -6.097041372736354e-07 1.8308825271051277e-08 1.3790221826190483 0.0952868616764452 1.590464850509017 0.6583608798320116 1.7874524256779938 0.36927656277110965 nan 0 -0.08922785345630113 3.408797597993015 0.20216111793718047 0.19576404933485242 3.0245428704085904
2460584.5810624743 4 17 0 148.6038144968686 141.1440947971284 2533.27160684451 1620.0150240474218 0.008227970591996238 0.005796387613621641 7.666233505668588e-06 8.646392069993157e-06 17210.045417988633 0.005959401266953002 0.05110359713986661 8.879764037061604e-06 -5.866633689208599e-07 1.578220488540575e-08 0.763110588001134 0.09309825343667598 1.2220621312649305 0.8538710398544413 0.8634067720256893 0.5690695335909051 nan 0 nan 0 -0.25508605004974444 0.476553051468288 2.9999685475812004
2460584.5810624743 4 18 0 87.3575947977354 82.50231892485958 1664.6177842413576 39.95673970428287 0.027521746145923242 0.002631047464036338 -3.783794000510035e-05 5.41697016537666e-06 17503.34085037271 0.0043456042992658156 0.05809783665049934 4.6215197487791346e-06 -5.877382314863163e-07 1.0509393543148225e-08 0.2997128140951579 0.12933829813128372 1.8979475934238648 0.07188749700916254 1.5502230485708712 0.33080495658025144 nan 0 nan 0 0.07286770126280526 0.025831931952210195 3.443965072893424
2460584.5810624743 4 19 0 229.264764211432 168.2585222962126 1778.4184116317333 18.54228910246898 -0.001537789878064595 0.0028161484353593784 -2.4028096415884856e-05 5.753215173795372e-06 17628.14411369805 0.005199685492160361 0.05547402337469023 1.019965274529782e-05 -5.675057679530378e-07 2.426816763878122e-08 2.044221504225701 0.16967479304543756 1.7303445998087632 0.04289663299126987 1.502588807174085 0.3861672054543026 nan 0 nan 0 0.00037635380738426855 0.01043967683983342 3.528405915824876

2460574.600927066 5 4 0 40.21947076259691 141.0158927551426 2051.5554433480556 2456.2570861660793 -0.0436983253290166 0.052570054183671965 2.295532240784243e-05 2.861070904580374e-05 15247.842768719713 0.006981547805017658 0.04816135915291092 6.942214747164999e-06 -4.673825973995329e-07 1.3733767868147023e-08 0.43061519120191405 0.13561848710506674 1.992032323577237 2.5454495260291288 nan 0 nan 0 0.38163419234735696 1.1699512590208376 -0.0025970395176345687 1.1945098406022552 3.22546271079008
2460574.600927066 5 7 0 71.90401230862237 218.3513585208409 1400.4286395549173 94.41364611592361 -0.006409075682372617 0.0023791129730758535 -2.740071283461778e-05 4.667491401374353e-06 15671.353980953145 0.00775219220387397 0.04949325074378952 1.2409354815800844e-05 -5.392546584356162e-07 1.3799072010213138e-08 0.7859345338561334 0.0846094822440914 5.847630909675621 1.8448878432036777 nan 0 nan 0 2.21177127526118 0.2214748375774804 0.5151205914546243 0.10235195267678722 3.1114214662384745
2460574.600927066 5 8 0 -213.70453102111082 165.83433363696966 1938.7500680340404 101.60068841762596 0.00495813128350805 0.0030265480972697196 1.8032450142873462e-05 6.5344466303394065e-06 15777.152840110599 0.0018140565716723825 0.04697841230146423 2.56388484393938e-06 -5.873076385463567e-07 4.810726808877245e-09 1.1482794198004702 0.053138588907499625 -0.11153727041218064 2.103480472116777 nan 0 nan 0 1.5382058935834881 0.1212501368638349 0.08765192928349656 0.05729193910620797 3.467223759071931
2460574.600927066 5 9 0 118.61918081819658 228.30790807433377 2001.7012176795668 87.42811431684436 -0.0006578238201517958 0.0033034685832606906 -1.5202945007385978e-05 6.58355551846542e-06 16004.46696811623 0.0022225205581317 0.05324964190977525 9.691402590362005e-06 -5.090684370092779e-07 1.3172262014605872e-08 1.0785727874293063 0.0537994054311452 -0.04294452465952625 1.4603319968769777 nan 0 nan 0 1.577560222271909 0.10769354921108819 0.10929670745703114 0.048874610975408815 3.6010094626988294
2460574.600927066 5 10 0 63.32471884941791 193.98816271904835 2101.8863437044365 109.35308077330986 -0.02751226606804466 0.003388280556164489 -1.1577651114158717e-05 6.357978674602478e-06 16118.89337831745 0.0020513047483298567 0.05085901559274369 5.597909425114091e-06 -5.617077187305199e-07 8.130955445078565e-09 1.0892849188889548 0.05270881897850841 3.5822722470287047 1.7036417165365876 -0.8136371356131544 5.861693152544006 nan 0 1.416851603436043 0.10848453173951927 0.02678045766324406 0.053738496831014504 3.2210741207774647
2460574.600927066 5 12 0 372.21103840442265 181.739964479203 2711.770308363009 414.2413782985151 0.05224419845687425 0.008745658767374997 -5.383367366391432e-05 1.122875783872232e-05 16474.925639868874 0.00410271890866566 0.054788190044181 4.631903569527146e-06 -5.347018165691023e-07 1.0208723837111445e-08 1.1817663165853325 0.07719738977456954 2.5339364998613707 0.6096963079079754 1.0756673690953495 0.21567550829508994 nan 0 1.1595469135054726 0.18983681688646134 -0.15066874050986606 0.12990658318137785 3.1119823355420397
2460574.600927066 5 13 0 -351.73856202008363 208.82776968539795 2474.0301764966052 1123.29588769334 0.015353103488207398 0.007788074572973666 -5.698233742568395e-05 2.6756373136724768e-05 16592.572716325027 0.008989938533981225 0.052321597194967456 9.317629543892e-06 -6.507441986029804e-07 2.9150792652631723e-08 1.2970557702457477 0.11724591217507657 2.1417888132365697 1.0330701082528022 1.2060473544968362 0.6470899380951847 nan 0 1.266557162882445 0.8272490259564951 -0.05842041810785098 0.4276366412988672 2.648948981782158
2460574.600927066 5 14 0 -901.6443822000205 212.63520728415133 2030.3570667467195 223.3415066577478 0.008933664103111296 0.0034288699692246053 -3.0883574677692514e-05 7.79135419050125e-06 16704.491821039137 0.011826933300735485 0.0496907403626837 5.1909005621971874e-06 -5.938994139356393e-07 1.7826810468672988e-08 1.3205966266608158 0.09102854133797636 1.8778117593726653 0.6355678656168842 1.6329492373807122 0.23953867319097774 nan 0 1.4880275778388827 3.302689409856106 0.14302656391296262 0.12581697183304089 3.161591840350687
2460574.600927066 5 17 0 223.74019185707525 215.19220657110012 1598.7079977039655 377.28007620845347 -0.009831984088607528 0.003798653086563553 1.1838135798337193e-06 5.008555407000915e-06 17210.00463456817 0.006926134984439696 0.0511486457281731 1.301076704804359e-05 -6.308041122350357e-07 2.147774032839421e-08 1.2120547125103185 0.1289312695574095 2.929403897896189 0.8543242149912855 1.835948993297952 0.478590499140549 nan 0 nan 0 0.3643566386208655 0.3223054459999175 3.289655153400745
2460574.600927066 5 18 0 83.46278292378447 160.74265910707115 2019.6018939918993 48.26375194991954 0.008041894380724767 0.0033140416042821896 -5.6307126659327654e-05 7.033251671206449e-06 17503.32104765411 0.006695636903946056 0.058108114115533606 6.213818803498138e-06 -5.650466344765346e-07 1.5316368007272623e-08 1.1429174774297954 0.14771163712692298 1.9993498907370788 0.0782685721371433 1.1208534629642082 0.37811712231392164 nan 0 nan 0 0.030016054921244352 0.024672362893842746 3.689747343543149
2460574.600927066 5 19 0 80.41241579401398 156.51170060932134 2018.4601968433647 18.298280399610842 -0.01798258234247292 0.0033671403834757943 8.237975463424763e-06 6.8735053965209964e-06 17628.089854890935 0.004463780924193408 0.05548813958652033 9.145592920648397e-06 -6.11503930494885e-07 2.1774079845942593e-08 1.6281192969186933 0.10105228095166098 2.161521053939384 0.04396700994292353 1.280977104714603 0.390430381225018 nan 0 nan 0 0.011298931572480849 0.009151655015751265 3.7247668275487795

2460574.6158835627 6 4 0 -194.62655648791093 inf 1292.776275713371 inf -0.039113873151811133 inf 1.35483199455944e-05 inf 15248.11802616938 inf 0.04816201441807963 inf -5.13454264440143e-07 inf -0.007579667095081198 inf 2.918393406519287 inf nan 0 nan 0 -1.2805308053029074 inf 0.32727904782513834 inf 3.3569910816707402
2460574.6158835627 6 7 0 41.93736831240614 222.45383361506077 1523.069664041126 168.7339319693746 -0.001465361869344463 0.0023601822903927313 -2.9878741793481682e-05 5.601276736245716e-06 15671.346653578246 0.007733977420269619 0.04949801506637964 1.2867584491523844e-05 -5.548915519265033e-07 1.4647115227380777e-08 0.8921472312727705 0.08221910502729342 -0.050012069119701685 1.5561835863164284 nan 0 nan 0 2.185266823236467 0.3223282520328449 0.4393864338442039 0.15967981149182256 2.849276158836236
2460574.6158835627 6 8 0 1479.3737613707444 149.33080612811708 2001.5070799645898 92.2880547140524 0.005515353727178406 0.0028618313105097616 6.715674441205557e-06 6.133714920856396e-06 15777.15223235189 0.0016396743674684407 0.0469807411381569 2.3239696786033462e-06 -5.828578174081899e-07 4.3637914992154266e-09 1.1087711551751125 0.04884760717951368 1.6901082775249114 1.9236029745768806 nan 0 nan 0 1.5660483330055432 0.10924358860485225 0.083070949300138 0.05020614679150927 3.172151682155089
2460574.6158835627 6 9 0 -666.8427922019061 211.85626653810505 2085.8728773140497 99.71386120666972 0.005007943714441024 0.0031467154134080626 -1.949592598815803e-05 6.325247359498927e-06 16004.465974421499 0.0021523110589645317 0.0532679798650011 9.201700000612403e-06 -5.333393764741762e-07 1.2444918638880578e-08 1.117088763275927 0.05318244268619891 4.7308816180907955 1.3585093725440158 nan 0 nan 0 1.6045360352075022 0.11615831431839525 0.09983346270216006 0.05300874093374415 3.287356140114761
2460574.6158835627 6 10 0 37.55698756153275 176.65147294907845 2151.7316688235087 92.71189449036011 -0.03837323588393463 0.0033137458121420445 -2.792033596427183e-05 6.055893136547689e-06 16118.88623114228 0.0018426168763248697 0.05086666837433667 4.966130671720245e-06 -5.628985578417907e-07 7.289389395743437e-09 1.0781288030102563 0.04856025805720627 3.204991162588393 1.6011775440422749 0.30049090283899726 5.538116500556345 nan 0 1.534259473218409 0.09945533204962005 0.055487747959934455 0.045770867564729145 2.9598900134630743
2460574.6158835627 6 12 0 636.7397050932163 191.08696236223196 2375.191103455592 301.34410587553765 0.03672343506226359 0.005584837534207283 -4.582523568561031e-05 8.777609463784312e-06 16474.92868800999 0.004366603983054642 0.05479384966030551 4.9939304307631074e-06 -5.535655358498957e-07 1.0799795011688778e-08 1.2780344079115613 0.07576085133439772 2.492621943238307 0.6384240083480522 1.409031549593091 0.24451155406770123 nan 0 1.6610309519525472 0.23125573473000438 0.025719812928843292 0.13033757094230075 3.0502892796079384
2460574.6158835627 6 13 0 -198.29641157956615 192.4595069836609 2572.273835423362 1319.8140711180442 0.015081887052828398 0.008570293670406364 -5.008731583641894e-05 2.6588730958478604e-05 16592.562287690766 0.00823190367609097 0.05232520216415488 9.452880209606696e-06 -6.209272270652765e-07 2.7054956761647495e-08 1.2096301236715195 0.11749942018308632 1.7172083027363725 0.9461103806297237 1.2263426342492423 0.7369572842686872 nan 0 1.3142980583494466 0.8848166544154532 -0.04683276647304925 0.4892106349517173 2.5371031373735136
2460574.6158835627 6 14 0 354.03160890858373 215.43153667688435 2307.29075682049 404.64029505041316 0.011428635833823487 0.004130035750514284 -3.551492543193503e-05 9.782003127882533e-06 16704.47315528112 0.011509036245578492 0.04967874112405709 5.631513779627156e-06 -5.880526376834949e-07 1.742535860046141e-08 1.4734504392015748 0.09339025317222288 2.031947170658283 0.6325610299595997 1.5279090846076384 0.333239520444701 nan 0 -0.023751202053226422 2.873005903550352 0.07916055648418875 0.18936145718058367 2.846246776665056
2460574.6158835627 6 17 0 75.85366723031063 189.11346814225263 1088.6655401379564 165.83977038946492 -0.002442910878931425 0.0017483017714314123 1.2224202759240572e-05 3.584008489648185e-06 17210.00989608103 0.007290989064877421 0.051119713703798 1.1387206716091696e-05 -6.247586239654652e-07 1.9593765220590277e-08 1.1116318911258223 0.12372063071440209 5.370741805894563 1.1221130393238663 2.9918517113706726 0.5412316834098104 nan 0 nan 0 1.143994315009419 0.3271182003873891 3.017338894831143
2460574.6158835627 6 18 0 353.74416672571743 166.9911740496456 2157.825999199452 68.8183548748793 0.008928307359936891 0.003260064860592539 -7.118843450175751e-05 7.1846158078359835e-06 17503.33163043244 0.006131513692758291 0.058116548173531346 6.240521877025104e-06 -5.852908391429578e-07 1.4932564634082543e-08 1.5384313301998107 0.17858147526872814 2.045334114004077 0.10516560108573955 0.879284904905443 0.36652274662835865 nan 0 nan 0 0.038147811091810584 0.033234441475888166 3.3793411877180533
2460574.6158835627 6 19 0 265.48446146645347 162.31593643448912 2145.491481297561 18.07348413828264 -0.01789496492483928 0.0033409554551629603 -1.3745800779214734e-05 6.806125561416755e-06 17628.0896595291 0.004495868608210225 0.05547579286623679 9.271798246252122e-06 -5.838698786857614e-07 2.2440538513565235e-08 2.0265271565531546 0.13449473042250643 2.299671101731911 0.04482937993383173 1.8008858724326449 0.3873809295204185 nan 0 nan 0 0.015491701330351444 0.008532108079109695 3.460647855493073

2460546.6642773873 7 4 0 -3.639499234542324 201.08962084205137 2181.0524012762867 3396.2443573655505 0.001962830573382114 0.00416756761938102 -9.205318891344754e-05 0.00014300448287079873 15247.897923255316 0.009391357674657607 0.04816944823100177 1.0303379414564543e-05 -5.191424271264478e-07 2.0493871182172365e-08 1.197620758885716 0.16510360173468847 2.004300190336991 3.313820767210928 nan 0 nan 0 2.4053827690988845 3.9588932203944527 0.1236405263156536 1.7500693151996416 2.7555267202955926
2460546.6642773873 7 7 0 661.8767342260934 204.27805096747832 2574.173703021129 311.1375499242376 0.017548936362790035 0.003082787246905125 -6.19513168316386e-05 9.835849001054025e-06 15671.38533804562 0.0066238464372847 0.04948836222073656 1.1462940528889425e-05 -5.691666571067726e-07 1.1250035144934996e-08 1.0414399843658635 0.06530362168441543 1.977882297898735 0.9114326819190579 nan 0 nan 0 1.3017045656713844 0.19849640749019726 0.019676109626323286 0.12338485638669712 2.2617969800598265
2460546.6642773873 7 8 0 692.9849459145958 118.12311378399122 2398.4268441360887 98.52947622220867 -6.511689315186851e-05 0.002606324822879503 6.87626504661252e-06 5.633022201133219e-06 15777.178706939096 0.0013012121230819502 0.04698628825321881 1.8457510688567966e-06 -5.765770007064953e-07 3.4551814667800106e-09 1.1512433191703548 0.03983549561217472 0.014389184068617958 1.4826273700292032 nan 0 nan 0 1.4900555142774292 0.09098636419042158 0.09167399620348418 0.04507685035825493 2.4207527787526133
2460546.6642773873 7 9 0 70.04824135273888 166.52955666180483 2707.6639379553153 128.8007903965654 0.013037198126260875 0.003167028746119273 -6.096174993682688e-06 6.404669695667651e-06 16004.535136280763 0.0017436074922109021 0.05326330527997069 7.269495703304708e-06 -5.394555197287027e-07 9.641878070365259e-09 1.1206703730517105 0.042968549458631516 2.708268587487929 0.9717364468676036 nan 0 nan 0 1.3326295496655773 0.09198984367346719 0.025124543947484004 0.049108101409359485 2.5606256076729386
2460546.6642773873 7 10 0 426.9859319339657 146.21043650983538 2949.6543327160443 167.4710070186418 -0.05173500058089142 0.004130238863928856 -6.318273987684171e-05 7.1339515680178236e-06 16118.924593432752 0.0016062373311379404 0.05085536208076621 4.4825888722718005e-06 -5.721150749762931e-07 6.420022838693605e-09 1.1876476332056085 0.04371127393425489 1.03335697984793 1.096971333300104 -0.6114958718738066 3.8726380972816568 nan 0 1.1925703697158274 0.09282080804712606 -0.0572789179300922 0.05376814814647499 2.2688438414075187
2460546.6642773873 7 12 0 124.38229102464129 131.52927376683027 3626.604091228641 437.4112892972728 0.06118147834635677 0.008167600534441011 -4.1167582937608084e-05 9.196745565433201e-06 16474.9794785685 0.0032293208024573613 0.05478813031560715 3.881389033814879e-06 -5.498316117059337e-07 8.171166839447952e-09 1.1600295198515842 0.06321983479817854 1.63097486685355 0.39971840144987253 1.024538814300768 0.16033983667120683 nan 0 1.1494363585967726 0.1467216521740711 -0.16129894569788084 0.10127039233639612 2.3344384479270794
2460546.6642773873 7 13 0 -285.2887654016281 160.24759410622065 3068.2102286748864 1356.5318832513321 0.016182519580008776 0.00788459839821776 -6.354051378052636e-05 2.875932215378364e-05 16592.583816523784 0.006486264398574459 0.05231538001438719 7.809663957446194e-06 -6.134591099868794e-07 2.0496042212617724e-08 1.322254380505167 0.10074812581621671 1.8236990892444824 0.8520228790127008 1.2436462519713167 0.6352793029541773 nan 0 1.8231827632536965 0.9398284213516509 0.020202412815153756 0.4511710539868958 1.8867820660897383
2460546.6642773873 7 14 0 190.19356875330806 180.7788661707915 2739.049155348027 322.7615800894849 0.017830127334132057 0.004009341807684271 -4.349034280702005e-05 8.681156623408852e-06 16704.50831851933 0.009872445542778566 0.049679948619884604 4.3491569139986905e-06 -6.172731165368528e-07 1.4732446223065294e-08 1.5004622256847702 0.0771606047288139 2.04200512155913 0.50043377337119 1.5452270086994078 0.23034367805691505 nan 0 -0.09942687882748613 2.4542879778158384 0.13499677878437918 0.13381634860689343 2.2832992094412283
2460546.6642773873 7 17 0 117.5164414668356 167.45211772549922 3008.432395734586 1218.9803194529163 -0.010582327805736216 0.00610149854474888 1.4589762403862312e-05 8.896040824512998e-06 17210.026100448984 0.006011033809063498 0.05113528309114738 1.0479094782762543e-05 -6.180239040000897e-07 1.6956025430104045e-08 1.2094318711445613 0.10042020504712847 1.6476776240417752 0.7517476736845505 1.2138751314689804 0.5102551939854125 nan 0 nan 0 0.007345910915318658 0.4083300788054762 2.4264585458540746
2460546.6642773873 7 18 0 -46.49869831973354 125.72653048076226 2748.3203399113067 162.31772926940323 0.023456334573729375 0.00347347656956474 -8.249979245357346e-05 8.359097232004123e-06 17503.35996536531 0.005071138112298259 0.05810968379896207 5.291706553446456e-06 -5.887289562722719e-07 1.2412330887198642e-08 1.4612606400911403 0.12445423849119011 1.8309325515873907 0.14238374258330272 1.4482462850175721 0.29998548284498316 nan 0 nan 0 0.05733415556567734 0.06261375005064777 2.5875803754291073
2460546.6642773873 7 19 0 213.58515224130022 144.68564548071942 2803.2713933730556 22.77170786758906 -0.020531485268483148 0.0036533123170183466 -2.938650597885419e-05 7.4843447252874635e-06 17628.133217273124 0.004076826221357739 0.05547744084184081 8.331292911960028e-06 -5.75197642563233e-07 1.999381212546772e-08 2.0559706457887605 0.12688247391361054 1.8281726918600532 0.03491919561212104 1.9836078067108143 0.321971807320741 nan 0 nan 0 0.0014889722146614781 0.008125813242850359 2.8972335879087816

2460480.683373451 8 4 0 1000.0514024952878 316.15882101332056 3378.2196337193536 26695.976763912236 0.047178875096503765 0.3725792116850332 -0.00015968428853238144 0.0012612587452331355 15247.896200952444 0.016439360457354682 0.04821869421839454 1.2578856547857148e-05 -5.269089523060064e-07 2.58803274378605e-08 1.2349461193356681 0.18709339389513466 0.7617994229594803 6.175154062254032 nan 0 nan 0 3.3585669866877215 26.78410138453429 -0.05444318592880448 7.472512687448372 2.6911343963842786
2460480.683373451 8 7 0 409.3039752878411 186.66273325361178 2965.8416975755813 268.02187032102495 0.02732147378551489 0.003296506472718115 -5.507036141382016e-05 7.953858228722503e-06 15671.37522316653 0.006110425930865084 0.049483301964936006 1.0523487565739895e-05 -5.568398810331462e-07 1.0823280904209878e-08 1.138157791202541 0.05618364071289022 1.1950244024892804 0.905604466713937 nan 0 nan 0 1.5800380417556157 0.18746204249745715 0.15980106177251682 0.10495895829376903 2.0006143746924874
2460480.683373451 8 8 0 190.9879190043915 90.84047705873353 3173.576393986035 100.11566893612564 0.005222340820577661 0.0031025735527308554 2.5845520034798563e-06 6.704426550371185e-06 15777.179156650556 0.0010621553069226123 0.0469858799189846 1.5245576004768204e-06 -5.822932035766494e-07 2.8427040408895524e-09 1.009116385837857 0.03255960330253032 1.688865178665923 1.3141896854494444 nan 0 nan 0 1.4877698753112245 0.07072453877911544 0.08579981528836102 0.03443962741191908 2.184970030383612
2460480.683373451 8 9 0 40.825446769201534 131.2141740652918 3593.348283842774 132.04173939966103 0.0059919817705638674 0.003486451567863777 -1.0893048189248059e-05 7.012910831212345e-06 16004.498314231289 0.0013890170631848042 0.053264955137908326 5.861698455959561e-06 -5.25069785019478e-07 7.924653692307341e-09 1.0993122819004362 0.033181481116476876 2.7993442293555684 0.8138275605634271 nan 0 nan 0 1.363279644179873 0.0725478764436751 0.030485600967562896 0.038139756315486315 2.11410873815155
2460480.683373451 8 10 0 244.89303559101347 120.02099776578252 3625.2744355674226 150.89748879965958 -0.06882783355203904 0.004177480951118132 -7.415314882060056e-05 7.147319269026758e-06 16118.907877405787 0.0013274968606970586 0.05086111676121426 3.6533287696765615e-06 -5.595646920028189e-07 5.365319500568542e-09 1.1554411310902308 0.035881051901586664 0.05082585183418176 0.9462666046651816 -0.036568568794112126 3.5801238981845485 nan 0 1.2956799349529171 0.07580053752466773 0.002689732170897042 0.04194041524181229 1.9224442813609692
2460480.683373451 8 12 0 135.47548400735812 122.93733995954229 4702.793442726283 531.840930847564 0.040484435973750565 0.006044210104597578 -8.452221230929958e-05 1.2762782100895817e-05 16474.96197421075 0.0028825173656703133 0.054793806160216035 3.2285156628567403e-06 -5.29875817744563e-07 7.212707772782731e-09 1.3365764016118769 0.05359140230298154 0.7055370387846366 0.2937524694359708 1.0351265938632923 0.1509871680603576 nan 0 1.1958878029015008 0.14457522362343983 -0.12425976901139674 0.09914761146543277 1.9401845245392964
2460480.683373451 8 13 0 146.536513705284 121.80560975079892 4047.4707480751913 1191.5919561793658 0.003094199992600118 0.0033358697690033445 -0.00010645977219742535 3.213807383064791e-05 16592.585896770008 0.004926434335486608 0.05231807748970979 5.772733939292287e-06 -6.311112392323814e-07 1.6610822466101894e-08 1.115000857797499 0.07057584018687431 0.3443754681291814 0.2512749934647381 1.330481965676138 0.45943239789385454 nan 0 1.1178816844874495 0.5141329343149197 0.009438444182643169 0.29727692940896167 1.694911603866077
2460480.683373451 8 14 0 633.494843318837 150.1424828121834 4376.740972319708 670.4358588569568 0.036094173349232934 0.007655364280194429 -8.778598753666861e-05 1.723874146274869e-05 16704.527142949923 0.008849157587408589 0.049678405996134656 3.99740948539945e-06 -6.387424774790403e-07 1.3325982393849354e-08 1.4225724953786187 0.06740677036700331 0.011091555101257394 0.3043239559798865 1.1655981501967303 0.21301509950414174 nan 0 1.1835775058178826 1.8043602054342374 -0.06797590189669693 0.1428216863864007 2.0363526476210785
2460480.683373451 8 18 0 -17.380542699738815 111.66317012677824 4935.419227526853 490.8867557237968 0.029338055096591906 0.005837798112424931 -0.00013166563391325454 1.7076458004002156e-05 17503.344955207765 0.004574862291771363 0.058120078546582944 4.468836226990251e-06 -5.816296084247824e-07 1.0663299411128442e-08 1.351287775556377 0.09482388120785884 0.47511881612082385 0.059070946051948826 0.9181993916477793 0.18417218830522125 nan 0 nan 0 -0.2725161367567678 0.07243622040202329 2.2869740374079255
2460480.683373451 8 19 0 589.817947863834 132.88519551720444 3667.2939509298 75.007420419724 -0.05728610748152939 0.004484967041979961 -3.433194991342642e-05 8.82316006358159e-06 17628.10131499766 0.005439378435502403 0.0554761120268598 7.902907570834239e-06 -5.516446666949514e-07 1.8486033694575012e-08 1.731657539372631 0.09229607604198983 0.7356643214091162 0.02556407377627024 0.7523393487577633 0.24733778032486275 nan 0 nan 0 -0.047537328571346626 0.019539344467100095 2.554038790025586

2460798.9027939644 9 4 0 364.78661137869574 128.9357651738504 574.035237554953 119.63669701703955 -0.008190578244951195 0.001901340240501077 -1.54697181114378e-05 3.442320753671409e-06 15247.905876134551 0.006354808951692474 0.04818945798537798 5.9728694435296635e-06 -5.544464811490552e-07 1.1895559763051425e-08 0.3252560129544614 0.13439244020668667 10.111689334215113 2.75285835393929 nan 0 nan 0 6.445140318459593 3.6740293295380226 2.4443401238416733 0.7189989955819118 2.903688065468858
2460798.9027939644 9 7 0 1189.5509174235342 248.96856692701147 2024.4584194705005 229.9702661327384 0.002318370775243455 0.002818835873960445 -5.9639354242404e-05 8.97401019055717e-06 15671.37443300367 0.008268283436650802 0.04946368885724836 1.383398508138953e-05 -5.421235066716249e-07 1.3906105325466645e-08 1.0949776269442695 0.07543592912918982 3.1354617643387126 1.189216582365958 nan 0 nan 0 1.271237708947255 0.1905695248656882 0.04911439827106873 0.11933663552320253 2.780490504154654
2460798.9027939644 9 8 0 491.5717314116774 129.26281188369734 1847.506848459029 91.19116679134392 0.025701694217284264 0.0028552956448825023 -2.3132046554758036e-05 5.51275213690683e-06 15777.167691242874 0.001568033479839323 0.046989510068825305 2.3591207273415426e-06 -5.774213081991983e-07 4.371499247388816e-09 1.0362973370213644 0.04766773175153805 4.401435462895461 1.903026023340023 nan 0 nan 0 1.4322981782518838 0.10515528115559396 0.12917610611009434 0.05600072322685413 3.0237011967777385
2460798.9027939644 9 9 0 -58.74373647213096 204.0151190437978 2124.7149543255096 120.53732481212333 -0.0054478877029749 0.003199985806330299 -1.7504610440458587e-06 6.308513269994202e-06 16004.519887982211 0.00221879665015095 0.05327054572531854 9.359267978066247e-06 -5.442076461559476e-07 1.2575926774380351e-08 1.1185924682900468 0.04952765199848083 1.8419465885656516 1.2490076427399455 nan 0 nan 0 1.2474559987634366 0.10234946594598043 0.03400388115079496 0.05904558173257461 3.2132631242861134
2460798.9027939644 9 10 0 905.148431274366 161.67019605942363 2176.0526869628743 127.13583363549043 -0.03594647798041047 0.0034459594638891282 -4.017355880770871e-05 6.126502341721474e-06 16118.912726032075 0.0019130707691533075 0.050859888487944885 5.3382135776628494e-06 -5.646030513944616e-07 7.623012694575029e-09 1.0576155834943464 0.04825973904496498 0.05653675954387449 1.3808814766969566 1.2140908372239028 5.314940124102769 nan 0 1.219888630390301 0.10050271399426833 0.00599732573744946 0.059059899128832416 2.82602759278438
2460798.9027939644 9 12 0 267.21070115494206 156.1893183984999 2821.034831159923 387.47267548505897 0.024722534217644355 0.004908171728308769 -3.379726106818926e-05 8.749960612844209e-06 16474.94454344651 0.003688691124992202 0.05478824049320285 4.1992931950595e-06 -5.336050482270099e-07 9.634657246241313e-09 1.1392785677876274 0.07058612644443378 1.7240926842683715 0.4609181696480847 0.8970679126640244 0.158953724380762 nan 0 0.8979087472193693 0.1321064319989914 -0.17016285666965864 0.11408929140490327 2.8354401886696756
2460798.9027939644 9 13 0 -403.4313123113476 146.656076178028 2009.722017486031 749.6029701446911 0.01226083695918559 0.005227850004196896 -4.8547979852479e-05 1.8707870525347387e-05 16592.576399503545 0.006277403750713518 0.05232277698944831 7.648417309775569e-06 -6.18849560215034e-07 1.997636145414586e-08 0.897165860554884 0.09414346690557142 2.8085076970672196 1.1242508888895355 1.4801344891416814 0.6577263267642675 nan 0 1.2976687042875068 0.8049131348494458 0.19635441320458497 0.44637803908120866 2.351727147536219
2460798.9027939644 9 14 0 438.5612874676654 203.83983024151152 2913.00868502926 566.2169177576144 0.04172185227332693 0.009558519659563294 -7.368240011594736e-05 1.7418261436924686e-05 16704.513184756965 0.011788922418233294 0.0496834109734289 4.930014500803293e-06 -6.393740589697541e-07 1.7214618433686738e-08 1.3277180655405532 0.0833473484068934 1.4572696696401628 0.4680946648782887 0.923317878600932 0.21464731533723105 nan 0 2.036728748377886 2.177600949682368 -0.16650217704631337 0.1620621245477808 2.757050598453724
2460798.9027939644 9 17 0 224.02413063898868 225.5342546444597 1197.926151237561 153.8569488630673 0.006387164019234089 0.001790384025087803 1.1552376699456054e-05 3.5811394872397235e-06 17210.022803901033 0.007203242466855238 0.05113340496910887 1.3555220163688926e-05 -6.139108803066193e-07 2.1455112186970713e-08 1.5065299370419192 0.141630437180667 5.887209876153188 1.062006624097403 2.925928862667607 0.449984513605472 nan 0 nan 0 0.9199185372780705 0.2470121763365585 2.929540223989815
2460798.9027939644 9 18 0 -268.0900744066341 172.8521082767358 2126.184158340799 60.57652186610549 -0.006280560967867234 0.003113219756376157 -7.189695195153133e-05 6.8364742963598234e-06 17503.346539767423 0.007437849987600722 0.05812586567614326 7.6488415151377e-06 -5.806863432513417e-07 1.98266816056655e-08 1.7366464971829105 0.15659815134285546 2.6225615262418533 0.11074089173233198 0.8792500201005589 0.33844280631666274 nan 0 nan 0 0.019819347095822063 0.029144204813037353 3.257196694233232
2460798.9027939644 9 19 0 512.7835592861909 173.08777401117894 2127.415033122969 16.075903788959067 -0.028341972706757135 0.0032788897668790283 -2.2566742295695258e-05 6.657965740251496e-06 17628.115165039126 0.004547223068151428 0.05547864825225346 1.0123018941551697e-05 -5.534477788086913e-07 2.3509146730926646e-08 2.514485929898484 0.232621229497343 2.775225994985794 0.05372345716538195 1.000778955396212 0.4005802404346272 nan 0 nan 0 0.009105800663631487 0.007579942766322129 3.3441565326811307

2460823.866632566 10 4 0 787.380945859037 196.84753035385148 2029.2235993395432 2082.447732523237 -0.03568718424552263 0.036769064608242245 -2.4858128246362482e-05 2.549885595352046e-05 15247.88852638848 0.008362084392333439 0.04817643672280574 9.198598732731599e-06 -5.254294132941465e-07 1.7267843326052517e-08 1.4057372960511354 0.1567560886029609 2.5282179333021904 2.7921493262632575 nan 0 nan 0 2.4555607562488135 2.798561720952117 0.29149849744090284 1.3257418577481483 2.391560811161831
2460823.866632566 10 7 0 -178.07915444926135 206.63079135212473 2299.6088856839547 215.8345065861851 -0.0018834311103703213 0.0027170592282296556 -5.056097762317461e-05 7.092509980548099e-06 15671.368307433679 0.0068049055815477336 0.0494888216857775 1.1631576056046573e-05 -5.589654476969452e-07 1.182952932425088e-08 1.119735449470055 0.06777007838902388 0.41842680098702856 1.0406070521982862 nan 0 nan 0 1.5563736371586339 0.19430219503795046 0.21132830522152585 0.11385196505763236 2.2076951563010496
2460823.866632566 10 8 0 892.6864889344567 106.59596337989068 2659.3200867563396 116.80759036262928 0.00504573256009303 0.002855015685476404 4.234432768353654e-06 6.1445347910606136e-06 15777.161825712252 0.0012604599149978275 0.04698230843566415 1.817156411900823e-06 -5.902958256299847e-07 3.39883425683421e-09 1.096408182866564 0.03827332797506128 0.14669719198067416 1.3838799648337121 nan 0 nan 0 1.3267719977429102 0.08428853244225426 0.05163927299239882 0.046407127682129116 2.371212504320956
2460823.866632566 10 9 0 50.6785110873766 138.87730739268795 2713.7860036633274 113.58439355654895 -0.01883227171012834 0.003223455020370977 -1.4421616115458261e-05 5.993874149009575e-06 16004.514790203473 0.001565248837954193 0.05327451013920202 6.445223409315486e-06 -5.363994719166309e-07 8.872481558419268e-09 1.0125890644308662 0.040066049692902665 1.9849136700600376 0.9646345660032852 nan 0 nan 0 1.400171430148166 0.08528005053073924 0.09361841921331752 0.04609958357432695 2.39563238196196
2460823.866632566 10 10 0 455.73018636145025 124.09765705489369 3178.2810310372683 173.49235679237623 -0.06500314360154685 0.00454224146497701 -6.74240281105128e-05 7.160054282000039e-06 16118.91147704983 0.001447456441434085 0.05086097042534351 4.1144260629863155e-06 -5.634533717402457e-07 5.836553456235468e-09 1.0986974440711523 0.0391638767317308 0.6058128024914757 0.9429186735031881 2.6362517924505706 3.643361246542413 nan 0 1.1201498787539024 0.08267994657640862 -0.07689418952344103 0.050601926735801106 2.0985939799581903
2460823.866632566 10 12 0 -32.72717974197675 116.33916273502797 3495.3279092949165 365.70729211634347 0.005605843194262829 0.0032983986098843085 -6.66291640571892e-05 9.726241107505063e-06 16474.942703670727 0.0028899203868298193 0.05478859030309146 3.1933580670985877e-06 -5.324728468116368e-07 7.240583159717826e-09 1.141822242346345 0.055268225281497954 1.4147190948666857 0.35080118664880633 1.0903462842168294 0.1494833114811854 nan 0 1.0563016672506023 0.12006933754047952 -0.08531617950835671 0.09581933473569886 2.0985379751546525
2460823.866632566 10 14 0 71.35601195154298 158.0765642619985 3911.4769067313828 720.4469269964043 0.043272757064783854 0.009589861225282971 -5.5952483439229535e-05 1.4172859618036293e-05 16704.502534857143 0.00936650015115624 0.04967958180077654 4.326064752271837e-06 -6.25463715500101e-07 1.4413940354234979e-08 1.4828704490041305 0.07097501651062836 1.4090825213864577 0.38596666714018385 0.9734053598030751 0.2105820252682497 nan 0 2.11375440803184 1.6802207489265766 -0.1776375098778739 0.15152094741922661 2.0978725626368417
2460823.866632566 10 17 0 -239.30440143127535 197.32120050526242 2411.292691423291 517.9229750195252 0.0028756039688326296 0.002591003472541586 2.5863020821750085e-05 7.274781652985552e-06 17210.01824066785 0.0054253432407083595 0.05115568082607811 1.1650982458540964e-05 -6.687454552106946e-07 1.8441170852580888e-08 1.7372681842225488 0.10991032425569618 2.2695029065452728 0.5872992666962374 1.38130675477897 0.32131045451841606 nan 0 nan 0 0.2815796751314859 0.2754355146844765 2.22075907358386
2460823.866632566 10 18 0 160.62423251714972 127.81423980205284 2904.3979640057078 80.1055224131441 -0.01823126351116111 0.003339014429754483 -9.494346561827036e-05 7.435512402723485e-06 17503.316674512764 0.0051712571567098945 0.058115563621854806 4.8054754833665485e-06 -5.855255317710842e-07 1.1904640259945338e-08 1.4808257246914238 0.11494919072647729 1.807063507696347 0.0740005461228105 0.4253923726211645 0.2566537632481876 nan 0 nan 0 0.027666318289842968 0.02842612833268104 2.5500708093312654
2460823.866632566 10 19 0 503.4468726860669 142.89115219354815 2856.7619391546223 23.495287658300867 -0.02820158265574563 0.0036819288896630534 -2.1879726501284043e-05 7.550519616420115e-06 17628.114804672467 0.003984826471644063 0.05547566646949924 8.137026902571345e-06 -5.304649773546121e-07 1.9416872067419247e-08 2.0153626969415166 0.10881066428607851 1.7809897948527689 0.032258688738723985 1.4882276385967619 0.30592780071944425 nan 0 nan 0 0.0017025224846579914 0.008241233475698617 2.8401494107605387

2460892.698862494 11 4 0 677.3333378816974 170.8266645868523 3397.258174005348 8044.939621307591 -0.08297154408763303 0.19674290901006505 6.4383960510282e-05 0.00015335051980370557 15247.842961283272 0.008418797641620178 0.04819115735247309 7.9964984383985e-06 -5.137736520690719e-07 1.5690663805478837e-08 0.7506954962578034 0.12147311392195317 1.2324466147948219 3.0361803802711735 nan 0 nan 0 -0.005253944129007836 0.768270944009264 -0.14883060821793437 2.0158902607723195 2.621327557487408
2460892.698862494 11 7 0 907.8388352097425 184.18791183805322 2546.339158718111 272.94504544223975 0.001783401544777342 0.0026559914935567032 -7.549489727666614e-05 9.863161129355481e-06 15671.351078602722 0.006111245464379234 0.049461517352587026 1.0370642147961857e-05 -5.459950926768346e-07 1.1684633923686078e-08 1.0929166158026455 0.06199616470427411 1.8384626239257378 0.9712234037028308 nan 0 nan 0 1.7011585383051737 0.23009803776447135 0.23644636332693264 0.13267491817605379 2.003873384455077
2460892.698862494 11 8 0 1075.1529879493653 90.87125543014514 2956.103780493731 100.38150815817191 -0.0045160494772821256 0.002987518603118583 2.1165511918295517e-06 6.476148501653128e-06 15777.121487968845 0.0010777768025085636 0.04698385757218582 1.5297049920331944e-06 -5.821948265402617e-07 2.866945540964313e-09 0.9472234986996183 0.032709347237733166 0.02371965553976385 1.3136568179319612 nan 0 nan 0 1.3928018041318186 0.06996247305298789 0.05135118153937454 0.035880061663267244 2.271480628303574
2460892.698862494 11 9 0 -567.013592766661 126.58163892406552 3359.466358161339 109.12502675813025 -0.02825735009737983 0.003807408545611443 -4.275708761577611e-05 7.174402723400653e-06 16004.508247713127 0.0013925314771402828 0.05327437949361819 5.798724534244882e-06 -5.415015548723617e-07 7.83753807484195e-09 0.960917056904935 0.033420542950093335 3.34951107179873 0.8654868207870354 nan 0 nan 0 1.312649812644379 0.06355938626750011 0.019752490746553785 0.03337391247699085 2.3271550224523843
2460892.698862494 11 10 0 169.2104745568712 113.88998307007503 3394.4495890088288 125.29667462820849 -0.08332362981483947 0.004357657529584204 -9.76424479934406e-05 7.364739431332112e-06 16118.85981164347 0.0012744011856703887 0.05086296387753778 3.5271187513973025e-06 -5.545682977128115e-07 5.143170510106446e-09 0.9895529629594332 0.03282338572325465 2.2948502467173837 1.0309384985061592 -0.3772611044044911 3.581486865877691 nan 0 1.255680810061426 0.06626813260832212 -0.020240792185106042 0.03636085926734775 2.0813736274296732
2460892.698862494 11 12 0 36.6888485236441 122.92197416196764 3967.313756210437 466.74567307930124 -0.005651463924885937 0.0037632340781847988 -0.00010873751704812914 1.4896228893265476e-05 16474.91352128219 0.0030673313806835107 0.05479277367159998 3.5420954171291405e-06 -5.228735042124172e-07 7.673393330484785e-09 1.2183929614453402 0.05870510217616566 0.8654849830432013 0.3547740678230893 1.1012507551064261 0.16934310835727 nan 0 1.312117226596448 0.16575721290671597 -0.07880900326643331 0.10851499228708782 2.1006315023642546
2460892.698862494 11 13 0 -10.238294501487516 154.0505159733412 3933.5602216661396 2386.209069038359 -0.02199934147785916 0.013395790906819822 -0.0001281400388134576 7.82435683382545e-05 16592.552366000753 0.006535110108323705 0.05231676162368283 7.500834406048882e-06 -6.418367031210058e-07 2.1005262851717168e-08 1.345516215235419 0.09512325871141551 1.4629052556575095 0.9215109999940471 1.0544326514059752 0.721224785169698 nan 0 1.5619393838413904 1.0349838756607066 -0.07189681019264328 0.5631236190533574 1.8081057996516454
2460892.698862494 11 14 0 496.763801510514 132.69858320403017 3496.947145725112 295.08556483576444 0.020586254876181213 0.004212831214173732 -7.735779473719025e-05 1.0550912579824858e-05 16704.487388625777 0.007799324405377042 0.04967811066764024 3.2134527772590925e-06 -6.513532972769194e-07 1.1320033373699738e-08 1.2052807732872912 0.057578576574172174 0.5840192383480466 0.35667417166399334 1.3618913239253785 0.14893794849222997 nan 0 -0.050148609588174825 1.9797136966098898 0.0431240184510022 0.08806502672486409 2.107080076225121
2460892.698862494 11 17 0 149.0958564569704 172.9572121001241 3113.6323638622025 751.7646984567639 -0.009379013452878462 0.0043342259200242535 3.108250473619878e-05 9.462892078303109e-06 17209.98596889761 0.005141328515216795 0.051123775969822725 1.061759644857911e-05 -6.053683548370254e-07 1.723798865089656e-08 1.63455627405496 0.10365939439533799 1.715775008834433 0.48524723982953843 1.3359761285481473 0.3413074478941707 nan 0 nan 0 0.09795725122017036 0.2652256191345951 2.1350753824518627
2460892.698862494 11 18 0 -407.48898001029454 114.50913963477348 3563.7694119236517 109.64600760598364 -0.026800173613799747 0.0038748044096249185 -0.00010988334303758994 8.664685852241193e-06 17503.30415651835 0.004433946700973136 0.0581008999480405 4.070946523609901e-06 -5.797950633508746e-07 1.0055267566120754e-08 1.426817705401565 0.10162152425494232 1.4188203478059567 0.06342655449378513 0.3017871845868818 0.22820320141671757 nan 0 nan 0 -0.04598665786667867 0.029438721052081805 2.4000315474306038
2460892.698862494 11 19 0 432.4832943661429 118.56281891631865 3168.9076464451823 23.806994485217306 -0.046420347763574524 0.0038700982831581412 -2.4838323722546363e-05 7.905568985874675e-06 17628.06877261953 0.0033838247598850357 0.05546051882478237 6.883085721414127e-06 -5.67689755415941e-07 1.6558486501807267e-08 1.5959267166724043 0.07179189980789494 1.6936407530321094 0.027324047546036685 1.282460834418115 0.27851346626144297 nan 0 nan 0 0.004532303946977748 0.007550819618687733 2.724417838913515

2460858.811777207 12 4 0 415.7189078826507 inf 1230.0115522297663 inf -0.015774156492296174 inf 1.0453758624202746e-05 inf 15247.901762052334 inf 0.04815722829010921 inf -5.367244449038044e-07 inf 0.010228393692059579 inf 5.511004598526284 inf nan 0 nan 0 5.328697030856842 inf 0.5351444305592966 inf 3.4349310945280127
2460858.811777207 12 7 0 -943.4692704351022 297.0424715636168 2034.1679610531548 315.6233754964381 0.0022705221783879694 0.003163824384096151 -2.1491195399048722e-05 7.124103212054531e-06 15671.354914735573 0.009484996834479108 0.049509361185572476 1.6426150767064233e-05 -5.455417508340883e-07 1.674882492309184e-08 1.2446649879293799 0.08335348398112336 4.3134584270832566 1.36369090282587 nan 0 nan 0 1.2233435968377628 0.2425889627573305 -0.015897787412834034 0.15288192314429253 3.0572991269264183
2460858.811777207 12 8 0 1030.521850815931 227.5248548841707 1504.9456618013348 92.96898792933793 -0.004411487496587853 0.0037475624725125363 3.644134012010856e-06 8.122044117116328e-06 15777.156342443393 0.0028915591193585132 0.04698220985943703 4.0007051082679885e-06 -5.933964687962376e-07 7.604283049376309e-09 0.9848699618616367 0.09387409799225734 -0.23573279349439868 3.9602659158893907 nan 0 nan 0 1.9587781478586104 0.19812119530565633 0.2732314009027168 0.07919773218908226 5.600231976535582
2460858.811777207 12 9 0 496.33694517952983 243.2094311437491 1894.9436563589904 104.11459476883523 0.025926878882874663 0.0035400841332787858 3.170576097355911e-05 7.220245905931187e-06 16004.460393351179 0.0026373883922008296 0.053249278662991714 1.1104967158943025e-05 -5.20348380046243e-07 1.4891667280531032e-08 1.1047097603994749 0.060887884974616224 3.502411943126936 1.6703671015529502 nan 0 nan 0 1.452335449844849 0.12126084588668172 0.1118008462742393 0.061548074304929354 3.9014166657208977
2460858.811777207 12 10 0 95.07214587140824 183.05612551936056 1917.7778791719022 106.95922354624689 -0.033762878495022665 0.0032352800759225713 -1.4862408465345748e-05 5.587343384210809e-06 16118.906287966991 0.00207739868722987 0.05086898237406568 5.4799078805943796e-06 -5.505414309610165e-07 8.179736935677024e-09 1.094264124088127 0.05473708834776926 4.4877026479207585 1.6952573131748374 5.980653073110425 6.17214143846239 nan 0 1.4523808283914512 0.1186775713155121 0.08868700873266888 0.06106252308005918 3.0806192644531656
2460858.811777207 12 12 0 -275.4101728389421 322.9499728118242 2271.3700515003998 374.8554138007311 -0.01938200268873173 0.006754321250074586 -0.00010824214905288558 2.17901735418027e-05 16474.962284768262 0.0071337079082391145 0.05479009922621676 8.269932778355468e-06 -5.54880846381949e-07 1.8258702428788843e-08 1.118272162714156 0.13379460013527392 0.006129227437707996 1.0481041061448069 1.2436201725084466 0.294898928086829 nan 0 1.910159581927886 0.35009580440177157 0.052319286205876524 0.17390651574755964 5.981035380660306
2460858.811777207 12 13 0 -431.71961950699324 163.6965497023827 2694.396302959521 2111.3253976512333 0.018991835236449 0.015584910424620103 -5.993284161684107e-05 4.7613017361350665e-05 16592.58051011617 0.006788240599507642 0.05232086488831086 7.737868830023289e-06 -6.131012105535469e-07 2.2261477552418655e-08 1.006485382385422 0.09765491527073691 2.5649143579315914 2.063731155248038 1.1238449407180222 0.9934123580554374 nan 0 1.355036336158739 1.175130481553501 -0.1500908459797795 0.6661513217846938 2.5193625858362996
2460858.811777207 12 14 0 220.89836613950965 199.1656297721985 2559.411030031852 447.86468492779125 0.019189213829381463 0.005388657368164315 -4.8940564553118314e-05 1.2303553383788784e-05 16704.526251091836 0.011326732358044647 0.04967857742565874 4.892406713226316e-06 -6.122284527430231e-07 1.7062832701417136e-08 1.3711385799640288 0.08790952040037954 2.7915318118461014 0.669000273470471 1.1671741390206758 0.25021882509866794 nan 0 4.556671781669166 2.574768893905183 -0.09587187398542857 0.15827438523311688 2.9486207751938682
2460858.811777207 12 17 0 135.3090444960027 198.58909225117037 1934.2652863224632 513.1995385889466 0.009406277462114235 0.0034443018234202524 9.99429958208061e-06 6.251835344048321e-06 17210.02099933599 0.006040156915388137 0.051095803496807944 1.2734138180277478e-05 -5.640059405923839e-07 1.9687680907762604e-08 1.1629792325224313 0.13291851335208368 3.4806005255731556 1.1089681767202155 1.6553917162195027 0.4756432754452625 nan 0 nan 0 0.13610484105399298 0.3017597486586327 3.1469113528089268
2460858.811777207 12 18 0 -134.66555439396427 218.1708175627298 2051.8127726284797 35.63945985184613 -0.09881771138320194 0.004468189406057678 1.1622547947416692e-05 8.539659778864347e-06 17503.308039692376 0.010072112667727414 0.05809102681550064 8.805381006116808e-06 -5.596139720554792e-07 2.3327904155026817e-08 -1.4302179355997455 0.19113829409339206 3.198466459839406 0.11027658590661525 0.8769827008363973 0.4778795011054824 nan 0 nan 0 0.12397549383964425 0.01956453524398759 4.446171997387798
2460858.811777207 12 19 0 857.3840385890076 168.24637533586952 2001.6032778180925 16.466759181539064 0.014977533980999342 0.003590849425078741 7.843207757901617e-06 7.305611027794275e-06 17628.15824500368 0.004653630877102202 0.05546490068705805 9.822463303070972e-06 -5.751688052969868e-07 2.1514075491623326e-08 1.4555960160989505 0.12750896626754435 3.4527909401551278 0.06570490422238327 -0.0029343824874161137 0.40029169538126125 nan 0 nan 0 0.02279573312428199 0.008349368619631323 3.9119974446657637

2460858.7856488577 13 4 0 -253.5598170312774 226.86438035139278 1563.1805514798361 2294.2481709379235 -0.049660744366372765 0.07329805127767809 -2.6985881087498087e-05 4.0479280349310034e-05 15247.890914791878 0.009552595565462072 0.04816798085823101 1.2045532030714027e-05 -5.331575926634945e-07 2.2851924776461653e-08 0.014121145247181697 246071.84938808315 2.4672966514615977 3.931478505508432 nan 0 nan 0 -0.01866765452834332 2.10626015136305 -0.15473742702406004 1.2409530538478246 7.788248566635815
2460858.7856488577 13 7 0 -622.0005543266809 205.10718657948968 1095.1985895420876 247.67026695491973 -0.05846108004636554 0.014722864116742087 -2.730044132369519e-05 1.0216481491706532e-05 15671.386392657016 0.005317361847494803 0.0494367907127094 1.1586586448401844e-05 -5.519091743446044e-07 1.7409731386006528e-08 -0.01437427341537607 200917.08582499725 4.190566749724189 3.13238304766988 nan 0 nan 0 1.1478646195122553 0.34797061080764596 0.117911796250565 0.2530584586788307 7.207869419291186
2460858.7856488577 13 8 0 -57.06731097475403 356.4441019272946 1148.7805638252328 149.16042930345293 -0.0027225771555006864 0.0039746524520984546 -1.3742930357575224e-05 8.74700840624312e-06 15777.163024309986 0.004025369264840383 0.04699234007149789 5.973375859701805e-06 -5.787532357094927e-07 1.1066565247161535e-08 1.1376939109614013 0.11644638293893787 -0.09275169609468409 4.550999470006361 nan 0 nan 0 1.3797811106252948 0.2627032401412123 0.04964984338804141 0.1369574765347835 7.783509069319478
2460858.7856488577 13 9 0 321.1114044667305 421.5528184828344 1101.7150481653166 138.6857033530606 -0.021846996565373412 0.005674798883639775 -2.3048227391500425e-05 9.422515052003425e-06 16004.479607126743 0.005212966490311333 0.05328340534747593 1.9976119816202153e-05 -5.625241287769186e-07 2.7526090275255493e-08 0.7596074934211313 0.13825673781756384 9.491500834379798 3.8968393220126654 nan 0 nan 0 1.297801439068526 0.24531684357390046 0.0856106530048699 0.1376399954110276 9.20073857984435
2460858.7856488577 13 10 0 -94.40771297328705 382.1412758039026 1047.046853588607 160.64082204743156 -0.017669378495324944 0.004793451956128865 7.183008418441281e-05 1.4100607673495462e-05 16118.900891473186 0.005065482656503659 0.05084640134486112 1.3313470317190603e-05 -5.597671996296535e-07 1.9487773593871494e-08 0.7954631299894184 0.1358622635990242 6.692212929153281 4.374969314713273 -1.2908385757961005 14.913104906375368 nan 0 1.1821934993047203 0.2587065565278124 0.021113641131343584 0.15744671173612051 8.309449306392166
2460858.7856488577 13 12 0 -8499.644684568486 inf 1381.3796646898709 inf 0.03242857632392157 inf -2.6001800651839452e-05 inf 16474.943116264072 inf 0.05478432896767301 inf -5.220583273996104e-07 inf 0.007650867167822945 inf 2.6362575540040614 inf 0.8241397369459783 inf nan 0 0.8161428921825561 inf -0.24713055626104952 inf 9.175497901864867
2460858.7856488577 13 13 0 -190.38717851763792 188.6369303465441 1027.4227270912722 792.7614384686165 -0.015889902881232498 0.012523791803054633 3.0263535497748262e-06 7.543717267368727e-06 16592.554045831195 0.008118117307115558 0.052360776991743824 1.0561305737104802e-05 -5.888549068573069e-07 2.287656475730236e-08 -0.015169681063920195 257321.23633056466 3.3552561715054527 2.815285371168912 1.033791048171188 0.9707098917308152 nan 0 1.9841840762482081 2.124731461301808 0.0019538485893972474 0.773351899305928 7.318844710340046
2460858.7856488577 13 14 0 67.30625943169052 212.5213711940898 532.985339548006 295.6630715283434 -0.012539321095254614 0.007209948709760408 -4.0094535529118974e-06 7.872768042942732e-06 16704.544738109336 0.010722846359023876 0.04967415597301835 8.25215549119878e-06 -5.785919488406001e-07 1.2997063093854297e-08 -0.014257949676325689 393157.22936006257 2.855129257122113 2.5474573770950264 1.0870531965789776 0.7649880277343507 nan 0 1.5276321880466195 10.351806146433436 0.004548187068472477 0.5573139139840082 13.216294304755301
2460858.7856488577 13 17 0 -188.7699078212957 inf 814.7095166500583 inf -0.026858256530996296 inf -1.7385205790302815e-05 inf 17209.998180543684 inf 0.051242668573095895 inf -7.337917447123108e-07 inf -0.007916217704816503 inf 2.8382830896209446 inf 1.479192519749897 inf nan 0 nan 0 0.0066416014437699 inf 10.945102927557596
2460858.7856488577 13 18 0 -324.57003258737075 223.4474664311831 758.7030143562397 22.3187520745948 0.01157130269002174 0.003940764091353589 -4.2683329459514775e-05 8.275626791740522e-06 17503.30317505274 0.009954937978171069 0.05810756718540592 1.1732199542275555e-05 -5.591806057458243e-07 2.215731330242796e-08 0.019537366843692318 703.1988049583648 3.5779158346189233 0.2288963154571462 4.690558476854877 1.1154945323179668 nan 0 nan 0 0.08541940661448066 0.03194533574995383 11.871915845501524
2460858.7856488577 13 19 0 -10806.935876985403 264.0084267537022 281.7236899717887 11.803064328965883 -0.00794857366438991 0.0027348469055055733 -6.424893756113153e-06 5.582491536016375e-06 17627.888442661962 0.01461094979224272 0.05572762283674546 1.7379252816678438e-05 -1.2390048760739771e-06 3.286282858526724e-08 -0.018995219355441097 2106.6928345631563 4.403938404086019 0.4510987825862555 5.632317227827961 2.678980495535268 nan 0 nan 0 0.2497346046435515 0.05194976053092717 21.552151835131994

2460825.909794447 14 4 0 -694.7866551626445 220.17326546596487 942.7196305921898 2633.5578158833687 -0.01918559076546661 0.05375698231466641 6.821481432892897e-06 2.0356600064525968e-05 15247.780057921564 0.010327996000958527 0.0481582502824048 1.1062360032314593e-05 -4.309077601718811e-07 2.0180556775606985e-08 -0.013937030753192043 273168.43660199415 1.7605143989172465 5.2186917489121285 nan 0 nan 0 -0.6941486331498449 2.7904739066723034 -0.04633565606373013 2.664690614353457 6.569503984689777
2460825.909794447 14 7 0 -717.9262412597029 188.61714289063136 1020.565340000503 152.57086263669711 -0.009512005145275957 0.003912497507214267 -2.2106497643488634e-05 7.52572839766252e-06 15671.439065540733 0.0037051364849155655 0.049543055649914194 1.1254272187190519e-05 -6.201903400435465e-07 1.3629138372773875e-08 0.015503728207603954 199200.89142606355 -0.09543591070413149 2.2470229451038053 nan 0 nan 0 1.116493270588463 0.22818664617444698 -0.051375127866153246 0.14198698421597164 6.5405171998951
2460825.909794447 14 8 0 72.78392233434825 157.07536349240965 417.6572432172597 34.51619788434511 0.006155324509585534 0.0016094085744708618 -1.450585069473518e-05 3.465494160227909e-06 15777.147117344943 0.002840186394904186 0.04698812078799304 3.913119809026056e-06 -5.709960000658542e-07 7.4149954578952685e-09 0.3378433296166207 0.1326682204415853 4.394636570793514 4.554356472739038 nan 0 nan 0 1.3579631075776992 0.1724603193269809 0.05810496122428414 0.08799379519747341 8.183827304528473
2460825.909794447 14 9 0 -284.89823188445524 438.5759721447511 1010.1198850091881 123.82739357426748 0.00043992744571302926 0.0035680727331905307 -1.7932950700349334e-05 7.2927286855520235e-06 16004.42467299662 0.004750829701891387 0.05329658075419286 2.0009098260401607e-05 -5.717056692804438e-07 2.6911358755766008e-08 1.0012176420464642 0.10837528937022257 7.606098539632314 3.130590940454994 nan 0 nan 0 1.1736301253644634 0.20749123772747477 -0.04822531852959426 0.11746152817119071 7.754402795637357
2460825.909794447 14 10 0 -69.06184111183109 387.7596353531823 1053.6438072774936 146.02888939488457 -0.004746542308822416 0.0031974749714054566 3.5936338935901963e-06 6.477766425339944e-06 16118.980416290273 0.004197865391787671 0.05086024013515579 1.2143361103486114e-05 -5.76602453289442e-07 1.7053127771750338e-08 1.1199730380211421 0.0993076469389393 5.761926232329175 2.9117225249960805 1.9595200403457533 10.448520814366145 nan 0 1.091324020025177 0.2081500014072983 -0.12512839599270145 0.12182276988092666 6.459231449425765
2460825.909794447 14 12 0 172.37608538871604 121.38707381280034 1200.5043842682348 163.4777978474607 0.015054659176870579 0.00401092264899379 -2.240470671685949e-05 7.798751650046975e-06 16474.989603734008 0.004127819042673556 0.05479338947621273 5.063807426847423e-06 -5.751261966403175e-07 9.77409449856538e-09 0.11947129327204462 0.18635274990319015 2.674962275765015 0.9737953766039934 1.0101061723192828 0.1927245636553759 nan 0 0.9368336747665723 0.1596038382747159 -0.12848877524883315 0.1188981404635378 6.46145318786021
2460825.909794447 14 13 0 210.76422066515255 147.24288763193476 967.2950416602426 844.7842634690476 0.008384902987841053 0.007856216852423365 -1.4552733554256554e-05 1.3662328892770757e-05 16592.554122841582 0.005999965350739802 0.052280916921985755 8.45998114818118e-06 -5.753229250647393e-07 1.8036460461142224e-08 0.025771113581583335 3.950899845362413 0.8392959901951603 0.9936107268746039 1.3309046640335445 1.355642059347966 nan 0 3.0929599234657825 2.975161471305569 0.005966391145365513 0.8788820067892932 5.184719440654603
2460825.909794447 14 14 0 -105.60277012105927 inf 1033.9323904964613 inf 0.0044676271777853915 inf -3.105984400499497e-05 inf 16704.489249571434 inf 0.04967333091183821 inf -5.977175741611693e-07 inf 0.010442167922097845 inf 2.782218917579543 inf 1.1121059343398734 inf nan 0 6.458934436766463 inf -0.010441968870513659 inf 6.259500065578499
2460825.909794447 14 17 0 67.77863204490339 135.88782856912832 1115.9099329454282 249.23308008645668 0.0007927078568251118 0.003384624152319209 -5.599165983942685e-06 6.908427675403537e-06 17209.930591995108 0.0053303885042788185 0.051098212558125425 8.96801165391598e-06 -5.394382047291892e-07 1.701186734996992e-08 -0.01555859295985527 213580.79379936063 1.8057860067608753 0.5098435576538082 1.0415355731536946 0.2833467086500408 nan 0 nan 0 -0.1003518149131712 0.2012048028182497 6.468466147962744
2460825.909794447 14 18 0 -394.57014896924284 inf 861.7676579266647 inf 0.0025632167700201853 inf -3.967586196823081e-05 inf 17503.390123786332 inf 0.05812005543398755 inf -5.268485454915008e-07 inf -0.005269673260572941 inf 2.406274122039673 inf 2.1377136109272485 inf nan 0 nan 0 0.07648454788417941 inf 7.836144844723984
2460825.909794447 14 19 0 117.0045222024686 inf 887.1495315939844 inf -0.014501271140878215 inf -5.428594152729143e-06 inf 17627.940772785303 inf 0.05546656470046458 inf -4.988532444497186e-07 inf 0.006532075988964582 inf 2.352228683392786 inf 2.9402048273215566 inf nan 0 nan 0 0.011947548140496223 inf 7.684880822185265

2460862.805574096 15 4 0 413.0248958565145 161.9327206130418 3226.2852697899993 2653.897456468012 -0.13388486485538212 0.11040962503752129 0.00014887335853854664 0.00012360894268948196 15247.909864304129 0.00604519228505724 0.048180915795853936 7.197634261760689e-06 -5.449317409317673e-07 1.3823037200351814e-08 1.0142022628869336 0.12954070888317556 2.896500644018816 2.559218149447865 nan 0 nan 0 -0.0189396269008281 0.9536945302267423 -0.0636843982341082 0.7705323426697765 2.779689450387139
2460862.805574096 15 7 0 -718.0619312900109 183.06953489873945 3645.033566275255 525.533380306941 0.005911557891092249 0.003728216620108838 -9.130309392241752e-05 1.561385750937041e-05 15671.35540867826 0.006027450679635487 0.04951759193098509 1.022595010217532e-05 -5.954835723315614e-07 1.1258354537910238e-08 1.0984175767101692 0.06319822071425334 3.3666419962295535 0.8652608465157241 nan 0 nan 0 1.181928434848551 0.20479425334456933 -0.0929757124991562 0.13088139306177 2.0315083978184894
2460862.805574096 15 8 0 492.08491929841836 102.62181819129756 3061.448252625371 103.16874602887215 0.003454107923229288 0.0033787352988504985 -1.2861619534432473e-05 7.307325478257103e-06 15777.16069765345 0.001183038673502771 0.04698130363936988 1.686252043660825e-06 -5.852980755702642e-07 3.1589749623902385e-09 1.0102603985817515 0.036399812767159596 1.295339294586607 1.4704494406476711 nan 0 nan 0 1.5336936682952513 0.07849805941507743 0.07573310325856988 0.036458058990257246 2.478377672241057
2460862.805574096 15 9 0 -638.8651149754012 133.45829990684385 3292.919288272453 127.28330133904001 -0.027182153811906463 0.0037191342943113815 -3.053282612848058e-05 6.751639865863004e-06 16004.506637393133 0.0014366987771875332 0.05326536291903474 5.909118613929195e-06 -5.324960428817217e-07 8.09432383189816e-09 1.0640174265982854 0.03847910807321165 5.533980806513293 0.9309156412658083 nan 0 nan 0 1.5331506760136475 0.08721597507799168 0.09803685262374753 0.0427737972816279 2.2200098307995892
2460862.805574096 15 10 0 228.87525338721142 110.1139026939623 3523.69141604259 161.0725530286339 -0.07900868562887743 0.004639131552472392 -8.690439685907119e-05 7.535710187949545e-06 16118.905945001336 0.0013113747899253204 0.05085527814203668 3.4410461455237753e-06 -5.624209033662182e-07 5.242317851714747e-09 1.0149476961779382 0.039644296519560654 1.0193706774105362 0.9656806867576037 0.7949156726374432 3.530050733273655 nan 0 1.3251610322743563 0.08281581713124617 -0.007756443233506153 0.04556811041915109 1.9672287299549347
2460862.805574096 15 12 0 194.6617591168327 132.64000682366878 4388.752372563284 456.3480805466114 -0.02416478287550463 0.005043684708769376 -0.00013143790111208914 1.630864978902258e-05 16474.935749630236 0.0028441471213423255 0.05479738269433125 3.3090430551937495e-06 -5.402957580022986e-07 7.35055369399729e-09 1.2435846152530525 0.06070692057449463 2.8526540854369533 0.4716508676789491 1.1318497012499928 0.15798138431373857 nan 0 1.319225130686624 0.148348470636869 -0.08903855084283628 0.09485361252910643 2.2275759186186375
2460862.805574096 15 13 0 -313.23060355114563 144.63760724699716 3691.865607009284 1327.8395597887463 0.0025045158710231587 0.003287538037209788 -0.00010764436222732279 3.941316646540737e-05 16592.54638774642 0.006121248171134817 0.05231226761715317 6.626408092490472e-06 -5.67689855176225e-07 1.981295029048015e-08 1.2981179259457454 0.11056782019378483 3.056428017350637 1.1419774650533496 1.34830943246505 0.5803787421775647 nan 0 1.8060274044974285 0.7928671606059589 0.05276384636651509 0.37876948933069965 1.8102339996274117
2460862.805574096 15 14 0 626.3178647262345 151.25763715218022 4086.239111579255 839.2396964375337 0.02967756301752789 0.008110039520238211 -8.640469310879748e-05 2.0927087603978225e-05 16704.492648320367 0.008709201939707844 0.04968203655976989 3.955042531688596e-06 -6.253868816237324e-07 1.3017610391682839e-08 1.4398490949719034 0.06763164471605439 2.072986979217319 0.5481505708624193 1.2323418063767164 0.2989237656530756 nan 0 0.01818178255254005 1.8641191076266372 -0.04805712874994105 0.195580538175113 2.07351314830325
2460862.805574096 15 17 0 32.78839411476667 177.0889818569824 3407.9991060851567 846.4606819993222 -0.006081340933336959 0.00447854056579681 4.636614729127703e-05 1.3252007049810174e-05 17210.00714289182 0.0051575830487371075 0.05113623417985441 1.0911337356436426e-05 -6.274781961773909e-07 1.6547654352721853e-08 1.5908701072074596 0.10786199752118275 3.4052685546368213 0.9954015832941984 1.534549703458203 0.4105681482090989 nan 0 nan 0 0.07761387536288354 0.26792410044937753 2.2222169825538787
2460862.805574096 15 18 0 -326.18993881437007 128.928584804048 3871.6852299245197 53.276876645489175 -0.037632578070121846 0.004254935246842463 -0.00010759654947121757 8.893066520058021e-06 17503.297114315505 0.005867979314126989 0.05810692790535748 5.394908784017259e-06 -5.881608620511722e-07 1.3764569304675267e-08 -1.6496574039874015 0.13454426549600443 3.0989495862694714 0.07368991072572745 0.7082323102140068 0.24500960450412326 nan 0 nan 0 0.004498241210034945 0.013867816050363782 2.4152790426814863
2460862.805574096 15 19 0 517.9431802731365 137.992137215825 3388.9261985401336 19.770060586621423 -0.052819320828637335 0.004197051427786316 -2.295246730912898e-05 8.516563367796481e-06 17628.109900634787 0.0034542903341954105 0.05546517257818445 7.700951874910337e-06 -5.806471323494609e-07 1.7452643682498448e-08 2.001777968701818 0.13117168364543672 3.3469748925078853 0.04702666420216255 -0.017830778260717495 0.2969794340330069 nan 0 nan 0 0.002992109261863546 0.005808866694450107 2.701404179451924

2460872.7277398705 16 4 0 -384.65803787473243 298.75589286509285 2840.049444405358 7655.555801866386 -0.18277164893305253 0.49313337340229896 0.0002865724445341654 0.0007737893420103083 15247.871459522563 0.013994347085400075 0.048191411348332734 1.4109649041686954e-05 -6.558948376222114e-07 2.7996864546361426e-08 1.0656770064701229 0.21726419500125504 1.7763107792628208 5.048397903549236 nan 0 nan 0 0.014185677122023843 1.6087634222778542 0.13530377279343703 3.0608638866334243 3.808437132939351
2460872.7277398705 16 7 0 134.8932503221413 167.99038039702384 3129.3970857521977 332.14634120426683 0.019007805658126656 0.0031692695553003974 -6.916571150474227e-05 9.735541845594093e-06 15671.389818648615 0.005746241010665342 0.04949077397299209 9.47852166451667e-06 -5.51128502361774e-07 1.04326072375285e-08 1.0734553832866867 0.056197510239702736 2.66343582748306 0.894219486681897 nan 0 nan 0 1.4631496331168574 0.19573181536171388 0.13467174338499233 0.1205638984385174 1.9046364740264086
2460872.7277398705 16 8 0 934.8728617532321 97.80127423483884 3384.9202786672654 152.9042147702294 0.001595592719124279 0.003329798359526797 8.038081556353513e-06 7.216793904109891e-06 15777.147819636419 0.0011909126890136252 0.04698044748311223 1.6559298552736542e-06 -5.872487136996366e-07 3.1422743248385553e-09 1.0355112335375793 0.03864288307843926 0.9047135859741043 1.2934293775354897 nan 0 nan 0 1.3029568867004215 0.08408922923818409 0.05106564089921983 0.047696290049910335 2.1789497738955257
2460872.7277398705 16 9 0 654.4852549730557 118.26177715664377 3501.5934676573297 131.7610845455398 -0.026767722103090075 0.0037238819418349673 -2.6352051997323996e-05 6.849221594718283e-06 16004.511125317418 0.001364674186387199 0.05327373868364705 5.575641574036316e-06 -5.31806250032462e-07 7.556744020028712e-09 0.9733217501674515 0.035684518032912164 0.4201708494883713 0.8208156592189175 nan 0 nan 0 1.3456344509978606 0.07325287927935442 0.07211762913107654 0.04061845139015041 2.1243442626032
2460872.7277398705 16 10 0 217.0519560958146 112.65730603649045 3943.8400092599395 202.69257386098104 -0.09090486130337377 0.005659823638118723 -0.00010884879552589025 8.926553311401024e-06 16118.89292329745 0.0013563310354546318 0.05086195907760014 3.711801841709588e-06 -5.605749675255872e-07 5.4290980262212805e-09 1.064777977805858 0.03758474200330951 0.4625579646011977 0.9195690866884452 0.1929859699473306 3.302751402400014 nan 0 1.13700380529435 0.07843902149656932 -0.05071239590540477 0.048988287603608176 1.9326538244981848
2460872.7277398705 16 12 0 401.82854904177714 116.88351347657006 5116.461094086954 752.0300178116153 0.0008666704603530194 0.0045477507574239835 -0.000104765309885253 1.8120336605826673e-05 16474.924558128663 0.002800361801309787 0.05479108142130962 3.222583445261024e-06 -5.369233362432881e-07 7.1855387467843064e-09 1.2267398042313606 0.05447648810931747 1.885256898787859 0.39829547233766194 0.889732612977794 0.16244323758950172 nan 0 1.0323783815432912 0.16116894470069154 -0.20465623257378007 0.11701114590887421 2.0078179456627625
2460872.7277398705 16 13 0 -64.08207473045421 154.4998766383604 9096.922093287003 9744.152801771039 0.03629530225400736 0.040198438459028596 -0.000278593910247181 0.0002990654340201688 16592.562893209586 0.006722615323762412 0.05231355852477056 7.452100269255166e-06 -6.411573067408164e-07 2.1687287263529976e-08 1.4165067722532734 0.10394541759188315 0.606286959086256 0.6585665831601353 0.4710424429811483 0.5394115628450984 nan 0 0.9232729005835685 1.0087981612750045 -0.5453037824265065 0.48709717203828956 1.7856376419594095
2460872.7277398705 16 14 0 162.41433262826965 142.44624546099524 3795.178198538625 523.4333427537006 0.03517912031626754 0.006602601840882187 -8.139876762802784e-05 1.4439797579951328e-05 16704.51397502452 0.00838650455923139 0.049679452229275944 3.6096997740660306e-06 -6.397234742657013e-07 1.2482395589055468e-08 1.3852112641724967 0.06655884239439977 1.203864753938237 0.3884094054915885 1.307192551437577 0.22041945792930315 nan 0 0.43890197236871487 1.9674238842915404 0.08324684840478308 0.14946191136914855 1.9540516623980826
2460872.7277398705 16 17 0 -229.32402170140352 164.0939081145106 2828.73089934121 532.6024946297275 0.0028703577345491112 0.0030398427140544007 3.230932153293617e-05 8.344920239936063e-06 17209.999084139945 0.005234597260338317 0.051148960111704445 1.004801900687189e-05 -6.46514687363505e-07 1.6127740857257234e-08 1.3573750231020287 0.10084353730212726 2.354872493128075 0.5374494269354305 1.5833176965002265 0.32568901571929404 nan 0 nan 0 0.3670780600884051 0.257582058053673 2.22766131242205
2460872.7277398705 16 18 0 -2.7651558710774107 115.18908088603185 3984.9731523417354 121.33444406623173 -0.008908699342320532 0.004257180106040455 -9.694595802410997e-05 9.391855260573866e-06 17503.282852101842 0.00454766862353013 0.05810823408732857 3.963831915063181e-06 -5.779533006370809e-07 9.751165453589403e-09 1.3269078512787162 0.10493700026687926 1.4890959643572523 0.0655265678296944 0.45499748283245883 0.21687786401680895 nan 0 nan 0 -0.06852235876233263 0.028451164010734373 2.3964003830595026
2460872.7277398705 16 19 0 489.09461090645436 135.73376859263448 3593.0668799015843 29.3713081307654 -0.041815746979007515 0.004317790311984927 -3.607976702897255e-05 8.813874125079035e-06 17628.097248013637 0.004084854794781888 0.05545181558186603 7.732163921010891e-06 -5.623550540683537e-07 1.848491575057049e-08 2.005249552915462 0.11681705735163196 1.694680935286849 0.03263029591363588 0.36333992006818533 0.28335218258025224 nan 0 nan 0 -0.004685280870163301 0.008147694537603807 2.638481575056476

2460768.868931108 17 4 0 438.6528082911311 334.4275913222256 4282.727864031209 6076.2502542940365 0.31323768746865405 0.4443994375597477 -0.0006697130622298468 0.0009494313230400355 15247.91769890609 0.011952309795386296 0.04819704258678717 1.5374364542748997e-05 -5.966399103033e-07 3.039547195044979e-08 2.293547177274782 0.3128628484997321 2.4734611486842617 3.764727885563198 nan 0 nan 0 11.164187972352382 16.209252263686324 -0.18187408864776367 1.1611781291308816 4.014722881171302
2460768.868931108 17 7 0 10.23101347005719 169.80834320644388 2905.082934621718 255.35501151464615 0.02430785391750979 0.003031537552860165 -8.367786997741532e-05 9.638910607987154e-06 15671.378052451906 0.005605477590885694 0.049502914628648566 9.25507940085272e-06 -5.754875554454417e-07 9.755926801930173e-09 1.042111127192234 0.06099411109457766 6.089146778117326 1.1131299589212942 nan 0 nan 0 1.8675817164853739 0.2166899221483585 0.28750849981002663 0.11333045188590796 1.9275511577638342
2460768.868931108 17 8 0 553.7517281726865 90.76513105498371 3512.2327459250787 122.20856934496851 0.0025858338953101316 0.003246438393143919 1.841327670557982e-05 7.084137907251321e-06 15777.179012265547 0.0010223910742175352 0.04698094502767894 1.4802968077428566e-06 -5.822648162906976e-07 2.76667388337345e-09 1.0530539311836815 0.03710018283317904 1.9942780023768896 1.2113206282304552 nan 0 nan 0 1.5132782986327458 0.07900756243250331 0.06681067052520491 0.03732908384816582 2.048732065720723
2460768.868931108 17 9 0 -346.7858886297176 116.69891561042469 3573.8732303476027 126.31933522795299 -0.0021334813886583395 0.0034118884401722516 -1.9270375121222706e-05 6.762232649144559e-06 16004.530071657351 0.0013139254046044236 0.05326824389214868 5.33723966386258e-06 -5.332442184903822e-07 7.340208273266633e-09 1.0157891469535918 0.04156524949802498 3.9758304114471654 0.8556161478397069 nan 0 nan 0 1.5854478422607807 0.08327557066193847 0.10871226002353522 0.039505955916609235 2.0512326911228804
2460768.868931108 17 10 0 -52.78468094447348 104.77676100973409 3699.3552822552365 135.8996576645087 -0.07876658856270255 0.004010414093257778 -8.830489932446014e-05 6.895555296462066e-06 16118.919670475052 0.0012196291505840952 0.05085593358767904 3.0929003745922784e-06 -5.584599482475183e-07 4.645166554628202e-09 1.0462640660599523 0.03833009120907853 1.9551089378014486 0.9372011458517749 7.0127053803394315 3.5855060711536986 nan 0 1.4774677020639921 0.07707912736567296 0.06560712284451792 0.03935005070312579 1.7715403589031522
2460768.868931108 17 12 0 75.09856586821147 103.30643523225723 5174.317776995993 644.9178238426479 0.020463468296479305 0.004844795767277675 -9.065120560601191e-05 1.428567324610105e-05 16474.986430393616 0.002369393533092304 0.054792198942764464 3.07763567591066e-06 -5.359979749282325e-07 6.474025568891863e-09 1.1409973487081395 0.057345238456808376 1.8983191559184034 0.36001461352613867 1.0653183353700577 0.16653976401439746 nan 0 1.054670058765909 0.14004257912241755 -0.16514673987554918 0.10417334450279717 1.8457300664035428
2460768.868931108 17 13 0 -283.8902350734771 143.3392637253268 5645.784355030426 3030.871940334609 0.01963405695995136 0.011794372709922356 -0.00013721994660987832 7.448384815096206e-05 16592.59142467329 0.006022935004851277 0.05232415198444085 6.867752834691644e-06 -6.301079913821951e-07 1.852673688108043e-08 1.3671152137597518 0.09296473452767151 2.026911394877337 1.1061957338826547 0.921561604696503 0.5555738672959095 nan 0 0.9069507836167292 0.5800992100304888 -0.22147154387517784 0.41802355432592164 1.6205785758250575
2460768.868931108 17 14 0 93.35064349906098 151.286873983865 4794.176136716037 918.521808683044 0.046886667178405665 0.010829509659830084 -0.00011587906788944964 2.515527012508765e-05 16704.50428248824 0.008281549701452744 0.04967044927710848 3.619724015935734e-06 -6.266244067065853e-07 1.223048590874962e-08 1.5034410330930477 0.06732277545202169 1.9522164228573986 0.47656519133011843 1.179065527107295 0.2660701992386576 nan 0 5.942928188258977 1.9963367041586435 -0.08181107626283966 0.17598548029402977 1.889115635759938
2460768.868931108 17 17 0 -216.96300325003904 142.8954623726295 2330.1187411477476 254.6985649062023 0.005165327071021707 0.0021248052095649986 2.1982542197864403e-05 4.675538174136336e-06 17210.01864602855 0.004643599652367205 0.05114625809671023 8.679312030918413e-06 -6.15656072582807e-07 1.3522770493303784e-08 1.4324681704277764 0.08968028001569309 5.276789619453276 0.7682097193642835 2.583409645416225 0.324101348521189 nan 0 nan 0 0.7942999039926485 0.19642118326228095 1.8724605774039706
2460768.868931108 17 18 0 102.23651911776071 114.99267424878597 4012.7419338411423 78.88506032364037 -0.021177902246645043 0.003921011310315156 -0.00012912390253927864 8.544732167629368e-06 17503.327708949604 0.004909218314763089 0.05811388685179151 5.261552917456996e-06 -5.943605371285424e-07 1.3400628714630596e-08 1.8102127397410877 0.12250564263824795 2.5572085320072317 0.07476666431901004 0.09992969135294066 0.21684323766224875 nan 0 nan 0 -0.01032218972853892 0.019519903997911352 2.1562913030851183
2460768.868931108 17 19 0 444.936518418192 122.30318544976328 3822.974469845037 21.671615125671508 -0.06744405401447051 0.004456302784755069 -5.864499275931005e-05 9.054324656759486e-06 17628.118855134184 0.0033514343589748953 0.05547119061401092 7.492778765038244e-06 -5.390221508579709e-07 1.7010866531654235e-08 2.0652697004223244 0.1285721940073291 2.6888818644135166 0.03921554212590088 1.7370190267506729 0.29364710440602354 nan 0 nan 0 0.0030616633273573587 0.005648109424369275 2.533286718260094

2460077.903530308 18 4 0 816.1959740176535 165.45470175234897 1228.960162929246 366.505146079985 -0.01278486513845147 0.004138658540198802 -1.1460070729419694e-05 4.3258017535722386e-06 15247.897609409143 0.005940744692364974 0.04816766829878827 7.4229994948071055e-06 -5.507147119526568e-07 1.424311819923195e-08 1.2117015090921197 0.12723282140064412 7.946503625093016 2.8089204771795084 nan 0 nan 0 8.029267292511202 3.258741271160732 1.1918638565283064 0.6543338811134184 2.4508074887930493
2460077.903530308 18 7 0 211.9592711372914 205.46462720799232 2486.6092814758813 264.00109193249733 0.011091400237600163 0.002944720601902922 -2.7845358958663973e-05 6.6493153064618365e-06 15671.374814365821 0.00701072985915245 0.049480564258395636 1.1320726037685822e-05 -5.57382874995963e-07 1.2017966374340938e-08 1.0441908113985168 0.06663287279361117 4.463928627816447 1.1706827188317024 nan 0 nan 0 1.4568263973758435 0.20324637816947821 0.15436402480990133 0.1227169238123536 2.373006315237324
2460077.903530308 18 8 0 889.8918180472555 115.97882692577203 2620.891579783406 138.50970580284968 0.002750002343349288 0.0031032005365480473 4.459207566118169e-06 6.723335503797748e-06 15777.171776050798 0.00167544685946223 0.04698368852758572 2.407798415349323e-06 -5.773957218111148e-07 4.337447996688273e-09 1.068545576778208 0.049194671847316775 4.5523867026524245 1.6292114438251821 nan 0 nan 0 1.3989139840104994 0.10737117449638374 0.10540058216376848 0.05870466276207106 2.588913036572358
2460077.903530308 18 9 0 -369.662920354544 139.51094483455168 2725.967341450109 109.80654269294149 0.001684345448105901 0.003117769403993523 -9.545321656078918e-06 6.240909766899654e-06 16004.525699005872 0.0015829527553889663 0.05324934817972347 6.529678850605217e-06 -5.160882543972993e-07 8.918462789343428e-09 0.977068017374441 0.04105214639645271 3.2753717188881026 1.0727186378005875 nan 0 nan 0 1.435736972361712 0.08572214791942326 0.12716978885904245 0.04574419739921733 2.4836564272332886
2460077.903530308 18 10 0 732.6802005529463 135.18052882454856 2967.4152781906587 157.53915240636806 -0.05387399912994627 0.00414074331677921 -3.822506615895957e-05 6.698368302653289e-06 16118.916593875827 0.0016957767768973103 0.05086128046586463 4.353015422955711e-06 -5.535426455241801e-07 6.459885588892227e-09 1.0675582229112017 0.04296124549960655 0.7831368886231452 1.1601985119000808 6.141606040798945 4.4705573154224005 nan 0 1.2450174655797583 0.09162012845290642 0.02338377040631859 0.05458145519190344 2.313496803984348
2460077.903530308 18 12 0 270.4711797427912 118.50490554503452 3390.3209464216466 322.308370384469 0.0332554990606946 0.004641396371640711 -3.714246923978525e-05 8.027613738923316e-06 16474.950925903777 0.0028134772829904015 0.05479142352120314 3.3085053305644397e-06 -5.43373315016474e-07 7.46326016832593e-09 1.0734797258927666 0.05774546403468031 2.8154805147439514 0.47066926679472937 1.1939996124013876 0.1549962535542775 nan 0 1.1503167805659968 0.12048591375036476 -0.013826759590504804 0.09388478390231896 2.294505024272473
2460077.903530308 18 13 0 47.50560154081421 181.02372845812607 4673.861216942187 3078.4089107147324 0.02669205124620877 0.018518150828840937 -9.256442175215581e-05 6.180663173951317e-05 16592.568658271328 0.007482340145932437 0.052307019390663394 8.582222213792936e-06 -5.908230082223246e-07 2.4663365341037184e-08 1.3785961941820195 0.10292375294206937 1.7990545104633409 1.2115617128191274 0.8288855022538587 0.6082522444805173 nan 0 1.1875834220840544 0.8668249829850325 -0.2759930502656044 0.47695473041351283 2.1024611202892487
2460077.903530308 18 14 0 -149.14322922263014 231.08678162976457 4692.912101384228 2093.1634651615745 0.042972801222263775 0.0210322854355701 -9.261006115361118e-05 4.4304538463386436e-05 16704.63777093424 0.012908147777643651 0.04967766808580499 6.931335684166363e-06 -6.448600753563119e-07 2.0572937527997403e-08 1.7925386897371358 0.12469083457267002 2.0817975709452603 0.9906011857279576 0.8034158229398864 0.3989593340467702 nan 0 3.488638424347641 2.307311476321267 -0.27957590270209737 0.3214011833918415 2.4017165553719355
2460077.903530308 18 17 0 -47.87704189833884 196.36656866018345 3158.740582963225 745.0060561886318 -0.0066118904297018345 0.004642236720465594 3.3289224637486454e-05 1.0764929386213002e-05 17210.150784234705 0.005761223461021185 0.05113103485691972 1.2038828858490901e-05 -6.199465334173569e-07 1.884859100254741e-08 -1.4520578502096513 0.1274064687600168 3.121675523581994 0.8683369738344097 1.2656076238680052 0.32361208851670853 nan 0 nan 0 0.028985543388148117 0.24291979510776757 2.587663200204248
2460077.903530308 18 18 0 149.84918037758646 141.4586586836478 3225.2773949910033 94.30527314605861 0.008284724991812136 0.003964098190248191 -0.00010288637549514725 8.839675223053102e-06 17503.33096329614 0.006020327538883222 0.0581166602224196 6.096690432269028e-06 -5.93922954384564e-07 1.577631132259415e-08 1.6168977623547003 0.15489769335421472 3.0094817217505963 0.12174041212430665 0.6994691350693618 0.2672121243246795 nan 0 nan 0 -0.023456723299259026 0.028642193564882477 2.722908904476081
2460077.903530308 18 19 0 648.0767344081055 149.89784077522143 3011.6377657099406 19.749463309124454 -0.05083562666570471 0.004181513052011588 -4.317903184798585e-05 8.486117074824415e-06 17628.12065661768 0.004045442753718303 0.05548041773639636 8.933210099688592e-06 -5.373784053589802e-07 1.9118280840315334e-08 1.9672767306707888 0.13982207811432967 3.186983539637346 0.05152227109255169 0.7729055936311173 0.3407911604635708 nan 0 nan 0 0.005760276288153192 0.0065437874224785735 3.0156947676908037

2460182.6708393213 19 4 0 421.14596367458387 186.50797166260406 842.8087508712339 117.17289369520513 0.01459519620319381 0.0025015190689335735 -6.0596638060284466e-05 8.725334441382449e-06 15247.90527792322 0.006868142563988493 0.048179149051116865 8.830987484035597e-06 -6.021130491861303e-07 1.749197621991579e-08 0.8652462280364915 0.14853963053135835 15.933038249723195 3.2019482088342825 nan 0 nan 0 27.290382336407166 6.114700872451522 2.3608928632950223 0.4685712834395554 3.515050324786869
2460182.6708393213 19 7 0 484.9545585860641 198.40372995598275 2489.977132222835 266.46380552426945 0.019936534922757185 0.003048114619061192 -3.7844204787213987e-05 7.069543387962293e-06 15671.379783842302 0.006517513605799643 0.04947480173416507 1.1029884369500594e-05 -5.535481899655479e-07 1.1444326953372163e-08 1.036751546240551 0.06216956770055064 4.8528832703716995 1.167690112508695 nan 0 nan 0 1.677272001692215 0.23156020954104545 0.20617334364232334 0.12923842682208175 2.228177439131264
2460182.6708393213 19 8 0 991.8193499587487 102.73572165964198 2860.2680580039178 119.87547679513726 -0.007022152479954165 0.0030864392284135293 2.3734276430456823e-05 6.747427480769699e-06 15777.168134379046 0.0012167607378806263 0.046984939605993106 1.7105325366757405e-06 -5.870307937203174e-07 3.220717076761534e-09 1.0010789768879405 0.03826268148343544 -0.005081990816419029 1.4075848098691504 nan 0 nan 0 1.4022062854464745 0.08552428989169245 0.04206790179591444 0.04389141914720372 2.39995447004663
2460182.6708393213 19 9 0 -627.294285237641 141.64697675073054 3020.844236542525 131.00332888423242 0.0002559666631852474 0.003419549663082622 -1.5227945994939336e-06 6.865195026157641e-06 16004.511082931174 0.0015419266740332284 0.05327429125531046 6.326540703335241e-06 -5.390972433113937e-07 8.589448018741913e-09 0.9919505997335497 0.04293618472746721 3.8793169041504023 0.965216082056203 nan 0 nan 0 1.4104895737678662 0.08874736549329394 0.05879670191215554 0.046249588021788454 2.442419406938735
2460182.6708393213 19 10 0 582.0674772811017 122.43518368568553 2942.933404500372 130.09464420892706 -0.06732770109778445 0.004174470807074713 -5.1286225538706096e-05 6.7033091943435175e-06 16118.91074789301 0.0015234122491407155 0.05086594050800566 3.88936648316028e-06 -5.570129799113724e-07 5.794016471995866e-09 0.9565236297551726 0.04340484677822597 6.233797625439798 1.397118103233849 0.05183879208948383 4.384562065191544 nan 0 1.4709408146244476 0.09272673669668 0.07532472776571449 0.04779136690330686 2.303911733064077
2460182.6708393213 19 12 0 184.20342255288506 143.40678471224828 3672.853563863057 451.13860655308594 0.032432655347273645 0.005385581624074831 -4.766125997100149e-05 9.65548094043643e-06 16474.9437689891 0.003462922920646275 0.054789143583721465 3.742000903951623e-06 -5.500112974428866e-07 8.587699742068453e-09 1.347913607303992 0.0644365748308348 4.388515972367591 0.6914032834407606 1.2020112592629955 0.19290963653590606 nan 0 1.3750491724920864 0.18483137574943861 -0.05249538481424124 0.11654506385732684 2.2797673145907504
2460182.6708393213 19 13 0 -69.1596011077862 167.6983551759366 3251.2739119903285 1682.0503914856567 0.010924960300598323 0.0066709304992652 -7.180518460738692e-05 3.7817115432919585e-05 16592.565032051407 0.006884604008646403 0.05232794396944979 7.767806684067691e-06 -5.710356417531621e-07 2.1413414042009947e-08 1.3702802206407831 0.11162860553578967 4.138647261053524 2.213091115472652 1.3022627124568948 0.7802568807944066 nan 0 0.8519114090471558 0.6867323840239544 0.08465303493723113 0.5613040290860825 1.9710801940175493
2460182.6708393213 19 14 0 -131.13866502726816 155.98006830750182 3045.9024118321217 323.5925404765438 0.014494030961531732 0.00406666789601483 -4.0449091363271886e-05 8.989702470595258e-06 16704.502099354384 0.008463143175201372 0.0496867254676235 3.8124505474012583e-06 -6.113741351221717e-07 1.2517100882142654e-08 1.2818755057481592 0.07128672553261454 3.9315640239568292 0.6234178432445844 1.623821348297869 0.22290903864798992 nan 0 0.04437443799467555 2.48052452394597 0.14723350942206986 0.12195457749477813 2.3493799777469575
2460182.6708393213 19 17 0 291.85318239267315 187.2076519848922 2841.095383714346 507.80831063812235 -0.00471602320781353 0.0038080576598894748 1.4032975131839653e-05 7.051799938284527e-06 17210.031543588622 0.005138174717299056 0.05111944991496963 1.1556629335769549e-05 -6.171794483787175e-07 1.718926051842505e-08 1.4892560639338634 0.12669736004894933 3.849445826420453 0.8412640007227971 1.6713047534491767 0.33258356355599655 nan 0 nan 0 0.19424738516307982 0.2137209090799983 2.472137879023032
2460182.6708393213 19 18 0 -38.78011910294504 135.67908875196696 3281.7432648252716 43.74353226824793 0.02033864253044759 0.004030353217985497 -8.466859850191072e-05 8.41114399663229e-06 17503.30060974759 0.00578438760417526 0.05810106390216382 5.578252814147931e-06 -5.60802956163963e-07 1.4006181963743588e-08 -1.4658618116508013 0.14265002839101038 3.2709027453145096 0.07883869650391347 1.1965697843118657 0.28321483262901753 nan 0 nan 0 -0.0022519946980421443 0.013336079509071933 2.7259950640588744
2460182.6708393213 19 19 0 397.74337626278253 151.5862258113136 3172.527810397375 20.700361410360948 -0.034117131869977516 0.004474568692644411 -3.27178666465734e-05 9.060840043343143e-06 17628.08333461683 0.004003971925144971 0.05547875581206977 9.130986007660369e-06 -5.875199842448426e-07 2.0041901787227167e-08 2.0199910508551158 0.1478797708822835 3.513305564916131 0.05650021612346786 1.9815170050197635 0.35543193034706433 nan 0 nan 0 0.0037128547866435917 0.006491800258646553 3.0875986703285037

2460877.607085603 20 4 0 476.8379730226838 275.5340484427347 3062.1291071541395 23404.75034702597 -0.03751976256585185 0.28703361368759855 -3.964787328692398e-05 0.0003026289389057633 15247.87799491194 0.014689468318690219 0.0481656981634294 1.0404775646925336e-05 -4.890788231961601e-07 2.116197772691808e-08 1.2597813807983376 0.15979764698002313 0.7294346295102824 5.709268518132041 nan 0 nan 0 3.01476774981602 23.249790016663507 -0.03635363047502075 7.365744069575704 2.2075824735899183
2460877.607085603 20 7 0 82.92312320734663 186.14294435101402 3302.9197534097175 415.7713851733697 0.020392577602491035 0.0037849738976066176 -7.065544921900582e-05 1.1618230994264674e-05 15671.379031654742 0.006291396455196223 0.0494704277538172 1.060581781803944e-05 -5.622766462011676e-07 1.1242960649856248e-08 1.0733721512928975 0.05704103097922084 0.9611458186010168 0.7817366313841838 nan 0 nan 0 1.259576084698921 0.19329792098938645 -0.0451513333593161 0.12031075345592276 2.1004113461735767
2460877.607085603 20 8 0 671.6477420583823 106.73109846316557 3081.369414638171 130.33421800962037 0.008603923761926247 0.003175741637754779 2.0450809816213296e-05 6.840023457081216e-06 15777.145451593693 0.0011884811256743892 0.046982491071515906 1.6943594009669566e-06 -5.804616275748289e-07 3.186970662376736e-09 1.1232473325860275 0.034907437703924474 0.2050608381016814 1.3001848951001447 nan 0 nan 0 1.3219120841702663 0.08034434533191295 0.018399201182217568 0.04327784601738451 2.261014642188642
2460877.607085603 20 9 0 -349.38013119915956 135.45396761843017 3237.7896484746734 105.04218736743863 -0.016469258088447687 0.0035398097906334004 -5.971547236637759e-06 6.878479302273243e-06 16004.512371297802 0.001458305470292118 0.05327144655859339 6.1311716281805364e-06 -5.392945925648826e-07 8.22364111660401e-09 1.0432882420954486 0.03390310670939452 0.5010495234432378 0.8588538612146465 nan 0 nan 0 1.3655877010771535 0.06640325206326571 0.03375707421480907 0.03379332807970616 2.316682887264079
2460877.607085603 20 10 0 367.71082472083543 119.5348501697201 3296.83150764445 153.45389700336196 -0.06124118751427231 0.004105387544524603 -8.20974772131142e-05 7.3279208229357166e-06 16118.906965025993 0.0013997995920962542 0.05085620555535156 3.799981019829676e-06 -5.668137430331754e-07 5.700020049005934e-09 1.0642623741305834 0.037559361222575444 1.0717919696449318 1.042610500331301 -0.09455466539055823 3.6902493295102645 nan 0 1.2748765725249178 0.08202392942622072 0.0017038990389688612 0.04684507030166613 2.0621032672109423
2460877.607085603 20 12 0 811.4184932719962 118.69792344386221 4185.207410269651 471.44203867333266 0.012901831730041028 0.004097700727208976 -6.442011605849236e-05 1.077933989975175e-05 16474.93715911361 0.002790793444371123 0.054791609522273216 3.1187196440401993e-06 -5.272991904048645e-07 7.070450026586978e-09 1.2079410612658492 0.05912260945708297 0.9988935986801316 0.33137501797237917 1.0340206689782176 0.15211290086439475 nan 0 1.1877365187448423 0.14328544165198082 -0.1325826537720183 0.09782755627674258 2.0818502541378097
2460877.607085603 20 13 0 -301.37904622201705 136.25891503509686 5385.232894407135 3182.4320010352685 0.020088584000538347 0.013000740348246456 -0.00014999053420698292 8.932044911505499e-05 16592.57198472983 0.005968468706723354 0.0523163769359219 6.378408030677471e-06 -6.17606603682558e-07 1.9459124290430487e-08 1.1962190755426427 0.08587067259882572 0.2945250998898309 0.2398276401200853 0.7795468797942533 0.5103632388067447 nan 0 0.9196274365715271 0.6154300949271314 -0.31863795200801365 0.4027242374774847 1.7916663142433806
2460877.607085603 20 14 0 -34.653873612775165 150.06291431607679 3556.4192531193175 632.2793987436862 0.025078852250816828 0.006258064430903042 -7.506985228621015e-05 1.6159573381023375e-05 16704.499873613593 0.008488921349661041 0.04968774763611809 3.847565197695342e-06 -6.233816203757943e-07 1.2767063860794812e-08 1.4143240092531073 0.0668195385125466 -0.004038777455441359 0.3448710117177383 1.3111374321607343 0.2788866345976486 nan 0 0.07045775539899463 1.974272739137919 0.035470970332839344 0.18416117927532055 2.045395516487819
2460877.607085603 20 17 0 135.14862053657157 170.66231847376528 4092.1641700957584 3123.5421005007383 0.00671093888556974 0.0058803026393246735 3.858244686386647e-05 3.0021550423516054e-05 17210.01571314035 0.006713408106467438 0.051127570681613936 1.0618225443201002e-05 -6.018732030310049e-07 1.855249228310831e-08 1.5571491206218109 0.10728164779424164 0.6413202346279387 0.5300429419702005 1.1354740127886833 0.8892671941276045 nan 0 nan 0 -0.1519951500182358 0.6473999457026994 2.0425776242871443
2460877.607085603 20 18 0 -137.69806212350485 113.11217998303867 4364.176376481933 370.05370163248364 -0.00850656985149718 0.0046237534631368435 -0.00014294224861699338 1.5680759472990914e-05 17503.33219937726 0.0046750944906510175 0.05809822821581701 4.654451981327171e-06 -5.538526902492928e-07 1.0433695317834194e-08 1.2250748207855984 0.10008857348347264 0.5355920462601192 0.05843981110214888 0.4873768605217534 0.17875149959978928 nan 0 nan 0 -0.2458991843376376 0.0640318330911892 2.3736357850104093
2460877.607085603 20 19 0 617.2760860782383 124.49073239181655 3281.543861303843 55.28731569879854 -0.04825096452862804 0.0039919193085470985 -3.2777553176977195e-05 7.995072262559703e-06 17628.103514323127 0.005443337733194328 0.05547046947746897 7.562628871762432e-06 -5.55724750504527e-07 1.8283839227779873e-08 1.550180238330225 0.08217957834284662 0.8141611598871922 0.02574918890275945 0.8321725441571848 0.2493974773259407 nan 0 nan 0 -0.025377829057188488 0.016482679390885387 2.5863367340742753

