BJD n order chunk rv e_rv norm0 e_norm0 norm1 e_norm1 norm2 e_norm2 wave0 e_wave0 wave1 e_wave1 wave2 e_wave2 ip0 e_ip0 atm0 e_atm0 atm1 e_atm1 atm2 e_atm2 atm3 e_atm3 bkg0 e_bkg0 prms
2460077.9000580856 1 4 0 908.9282510732006 207.75272340344884 983.8818726741389 408.42975258276385 -0.017759645689822537 0.0076029719010819235 -1.0404774552437275e-05 5.16773141441527e-06 15247.898381355088 0.007260308270678955 0.048163726208487405 9.06090534792237e-06 -5.291302106446627e-07 1.7287906548474078e-08 1.0296143428489066 0.15608533185438117 5.3622491605715625 2.5758987914208755 nan 0 nan 0 4.59063543602031 2.7560133645591005 0.49007507132411404 0.6192096958631946 3.5348287691222815
2460077.9000580856 1 7 0 73.69234058063152 287.16487863875767 1426.2722821713826 152.52075761186 -0.002227722765699657 0.00252212179962369 -2.1709718178140383e-05 5.281453756366056e-06 15671.37882054917 0.009526678191925361 0.04948958898064759 1.60298738411014e-05 -5.688215313392092e-07 1.608664952783356e-08 1.0371442004964586 0.08674067748081728 3.7015305907178684 1.551013222445153 nan 0 nan 0 1.4911833797125873 0.2206553292128812 0.15850173582336965 0.12409375502612016 3.3430690419974254
2460077.9000580856 1 8 0 989.8499093890233 154.56169275236098 1420.2474860632374 95.25622335142482 -0.004950117184850522 0.002403218312532337 -3.9289073104878065e-06 5.186444085797983e-06 15777.175996468504 0.0019449371339375584 0.046980534406299505 2.8393691252927507e-06 -5.814421745104206e-07 5.252724976330367e-09 1.007940160265844 0.061561765504220906 7.47377028413762 2.299212002037686 nan 0 nan 0 1.3376922111216811 0.1309672057325093 0.07315588232604595 0.07231876380692895 3.77034021846828
2460077.9000580856 1 9 0 -242.87380393079442 209.18045056658366 1296.088588821798 75.095901298407 0.0067500276823818164 0.002213777024228297 -3.369440692992885e-06 4.463100329674529e-06 16004.533950920124 0.0023436452028533844 0.0532385420513014 9.65821999981068e-06 -5.066557487987336e-07 1.3134724663329009e-08 0.9746992734551434 0.05700195948379204 4.458283775006465 1.4752513930869549 nan 0 nan 0 1.284340812757434 0.10945605741431874 0.04357767601107129 0.060892000640782824 3.7482139929141005
2460077.9000580856 1 10 0 922.3928541187001 179.67920909776132 1684.2188534638287 119.98317143451932 -0.03538292188007071 0.0034957089767812177 -2.7007421504520192e-05 5.545714103461454e-06 16118.917986693868 0.0022032739749931413 0.05086310752682781 5.949000707013601e-06 -5.528873203250707e-07 8.586078483805943e-09 0.9691175429254084 0.057110703119862265 0.061458109631740754 1.68071288859568 3.1913910707088986 6.445561168959879 nan 0 1.2585864810375609 0.12645096908225928 0.04309822624280228 0.07467277133086249 3.3316373183391597
2460077.9000580856 1 12 0 344.4397696622242 174.45237747632373 1603.030309068555 193.82292705080235 0.02235269183521788 0.003636831331033502 -1.0031207950342007e-05 5.245122619647364e-06 16474.956561086085 0.004304530102317786 0.05479727254136153 4.873648964113167e-06 -5.431326453508382e-07 1.1118398891347958e-08 1.0482844186838696 0.08581198236036708 2.6319384194103437 0.6620863361306537 1.2154199263211791 0.20347450072111178 nan 0 1.2055041382839728 0.1624318706463531 0.001595884968573041 0.12127589911628689 3.4453153306799593
2460077.9000580856 1 13 0 -38.59560465281246 260.8867286218716 2017.645154449678 1362.6041894378034 -0.0027796790952414464 0.0033061841258237704 -4.545103991180164e-05 3.137094234187261e-05 16592.57033582085 0.010977040344810592 0.05231760535810948 1.2398571840931633e-05 -5.749519122136272e-07 3.563195510773124e-08 1.3240720909382366 0.1518467641243259 2.5287880814504984 1.7808658192238307 1.2245225089639404 0.9621005914542423 nan 0 1.2086803999969127 1.132702731774388 0.035675355139843316 0.6996297760009561 3.1271421372987427
2460077.9000580856 1 14 0 -1249.717208444568 263.26707548885764 2572.3098058589203 615.4360280609034 0.011109859729434587 0.005510873638889008 -5.769440143755673e-05 1.7613900594202816e-05 16704.492223679285 0.015103280554671132 0.04968077088030274 5.978531189833083e-06 -6.009526135323079e-07 2.174325091171272e-08 1.3690900484723179 0.10321865466771638 1.5984562347347246 0.5735482926867518 0.8736228446838394 0.2487239007571327 nan 0 1.9504785009526062 2.4552283216809294 -0.25988440428768106 0.17712847122898634 3.5487395362717993
2460077.9000580856 1 17 0 -257.86308871561664 275.29908899197443 953.9164551678963 144.14598324256153 -0.02062870635762637 0.0038744483640463893 -1.0847769670765616e-06 3.3330322170728745e-06 17210.028614957966 0.008377106464729415 0.05112728522155028 1.700409616347856e-05 -6.096746265678889e-07 2.676939610264671e-08 1.4361006907035814 0.19925950018426317 6.579606605656758 1.3928385096535452 2.0125845668245796 0.4036621986148604 nan 0 nan 0 0.8518783273782222 0.28036557598868006 3.664625179654072
2460077.9000580856 1 18 0 -57.507948937939354 196.29734436258323 1578.888032333051 34.25119507378252 0.017567070574447393 0.0027557088971871 -8.675412880610419e-05 6.051009547593669e-06 17503.148638352748 0.007957579211632307 0.058109783457410615 8.254276321753606e-06 -5.591556283911452e-07 2.0977514463655266e-08 1.5864479441129211 0.1743698241888666 2.915313306857529 0.10396749657789145 0.5092342771866332 0.38065292286652186 nan 0 nan 0 -0.013822937744901516 0.02145411954365811 3.8649628137316343
2460077.9000580856 1 19 0 589.1977211736452 192.6928064765031 1666.2766427665088 14.351915537960801 -0.04785281240009885 0.0030767271166940707 -3.2571903180205034e-05 6.200746359268067e-06 17628.150723113027 0.004930403309360856 0.05547422771374868 1.0913656427091222e-05 -5.411707452669425e-07 2.4754448096659894e-08 1.9668105479695932 0.18108247032949226 3.130695405562304 0.06516001191496223 -0.06881455797365177 0.44325967283952833 nan 0 nan 0 0.00641711313702908 0.008614666600645096 3.992754663101772

2460077.9000580856 2 4 0 621.3322639032202 241.0699959022859 1011.6461036953086 606.0887539963641 -0.009777040678403223 0.006161352955910894 -5.314207843370243e-06 4.5065834846594575e-06 15247.958346401818 0.008471281873335259 0.04818434543890052 1.0001258341190496e-05 -5.275449074290163e-07 1.9060038956894704e-08 1.25287628005483 0.1773995283021813 4.693323734894011 3.179809811132328 nan 0 nan 0 6.257605619107181 4.260017334759495 0.3836545405318878 0.8296040869388933 3.6516104913579697
2460077.9000580856 2 7 0 77.59232294737419 294.0336716533713 1321.2627642013153 158.28661795568172 0.002696786449259199 0.0022978437725425004 -1.4961658207433913e-05 4.902628801931228e-06 15671.438619863118 0.009673904046249 0.04948942971133181 1.611202484906189e-05 -5.524154442091304e-07 1.6441995090563586e-08 1.0262110717537767 0.08880254212739615 5.812676714653789 1.761320630585447 nan 0 nan 0 1.5168657338286082 0.24803727897520128 0.19175203510260733 0.14299543886282579 3.46252187057062
2460077.9000580856 2 8 0 994.7599489158642 154.83459650177494 1348.2699783286378 80.55618139789458 0.0062050264328315135 0.0023014186690853613 -1.1483600316164785e-06 4.888897451205795e-06 15777.252749559993 0.0018947063332321252 0.04699543927434687 2.7882738324042676e-06 -5.794020335972242e-07 5.183640580649938e-09 1.015631607396039 0.057915455195630544 3.187010513351695 2.286816688569127 nan 0 nan 0 1.409902036694902 0.12527594687005192 0.10789958436892895 0.0665209749700926 3.7341588965640207
2460077.9000580856 2 9 0 -250.02241756595822 197.17827141061855 1162.9890959558072 59.69027863907943 -0.0076784226824312745 0.002030566703291463 -3.459051694412773e-06 3.881386607411122e-06 16004.519179948902 0.002253493989823668 0.053275516883725844 9.229869147317252e-06 -5.222379103925342e-07 1.2635372186181324e-08 0.9474096979005412 0.057921774975075016 3.375324891278723 1.6319665495138544 nan 0 nan 0 1.4903644362982575 0.11642414553342084 0.1499595641392476 0.05948859927416359 3.6149163283739205
2460077.9000580856 2 10 0 478.26420106050756 197.6174172367673 1661.811004482516 114.78442974487461 -0.028253570822729147 0.0031804355254083385 -3.0129828170438466e-05 5.653097156329916e-06 16118.988984670515 0.002395365830443237 0.050877863831974776 6.225535917425449e-06 -5.51002428040315e-07 9.1353086139509e-09 1.0483359585059269 0.059649002540403014 2.1573791579711394 1.6841708926702579 13.023073423659122 6.5583243918739305 nan 0 1.2374473835917277 0.12107016524744232 0.009661518478346676 0.07008422554543202 3.395483037028512
2460077.9000580856 2 12 0 380.00505346886916 174.36158454063155 1585.645256596915 204.68120245491852 0.00831734648534432 0.0026510729401630346 -2.2924836362462962e-05 5.885682018231053e-06 16475.095605671657 0.00421148243301386 0.054801967096470734 4.830408625820273e-06 -5.413912274942806e-07 1.1158244953513778e-08 1.0492620989529535 0.08366714787687671 3.2172314840748535 0.7037545703544594 1.138571403300292 0.20134597925749786 nan 0 1.0441558282915862 0.14930909509875898 -0.04333094588371973 0.12365556845978795 3.441035727490997
2460077.9000580856 2 13 0 -45.95174008977645 249.93894771327044 2657.4847580098112 2026.8626930023538 0.024361231023270813 0.019194335785546687 -7.266218697778862e-05 5.602930389965144e-05 16592.691242811332 0.01005990663522112 0.05232028316784848 1.0941186125902767e-05 -5.834981301296947e-07 3.2531892452950235e-08 1.3001786791194532 0.13830818308028892 2.385132856395681 1.8639417226956174 0.875248676040482 0.7546707402688129 nan 0 1.7874531121271557 1.466085761598782 -0.2564139858494876 0.5673020202842795 3.074904235745544
2460077.9000580856 2 14 0 152.72654148544927 240.92669580740002 2923.4560512880275 927.6183027771177 0.02712418028215563 0.010551388715092052 -6.732331405468702e-05 2.4903207979765658e-05 16704.724473379836 0.013968352264894039 0.04970599103880944 6.066994846120736e-06 -6.362683332652499e-07 2.079271247413464e-08 1.326642998288349 0.1024511823553397 2.0186121862800004 0.7414253485747001 0.7003446511023022 0.2550835831988816 nan 0 4.1924421434097345 2.4793701623216475 -0.3599540922069236 0.20313981770720224 3.4456013645643573
2460077.9000580856 2 17 0 -54.79732173839702 302.55787579783805 1294.9132961732262 304.39684356779384 0.007503088690085991 0.0027842112229302684 1.4497211650705288e-05 5.853053447474945e-06 17210.21842399791 0.008169691866924884 0.0511808803761868 1.8640915407052143e-05 -6.407634426585777e-07 2.9088387859319216e-08 1.5045333791644775 0.18261233761923953 4.4746854358588175 1.3444324260116465 1.8984868469799616 0.508294581922314 nan 0 nan 0 0.3429061403498023 0.31615438798858125 3.9763474152047182
2460077.9000580856 2 18 0 278.7363978050822 212.9090208544233 1412.1991629466875 31.54986832569017 -0.0005694507363388034 0.002719705048067637 -3.447287923287321e-05 5.748182820315879e-06 17503.55537557219 0.009070484382787637 0.05813848162740823 8.757870386885896e-06 -6.13864171150145e-07 2.291712203392791e-08 -1.5285422371205402 0.1992163522182108 3.1448074113292 0.1179240745535272 1.5592888401881444 0.41892053548356667 nan 0 nan 0 -0.014977480203303176 0.022056715048515717 4.258704951974246
2460077.9000580856 2 19 0 581.1958963912488 225.21482500488096 1598.5789313233204 15.140644901178534 -0.01437521294547451 0.003259529963649549 -1.5372550978810914e-05 6.647044423949479e-06 17628.39985972842 0.005828542868422431 0.055512391403074526 1.304043912793119e-05 -5.317098968561498e-07 2.924261557860423e-08 2.2310787993626033 0.23893950676354622 3.2186894346616217 0.0747963937872981 1.2033436743178247 0.5132129467646059 nan 0 nan 0 0.006533011323710783 0.00946739414237034 4.396201694022219

2460182.667367099 3 4 0 601.2078347049064 196.58928703201312 527.6279049628376 135.42109010902692 -0.007526557591891087 0.0022030908970122093 -7.413265851201313e-07 1.9290171594490793e-06 15247.916626225635 0.00744619097657824 0.0481667056255155 9.417667572977693e-06 -5.587213143630274e-07 1.7743665031680206e-08 0.8203382836163945 0.15609714419006604 10.441632379897714 3.40930678713916 nan 0 nan 0 12.184072037844139 4.845853038669357 1.5322836101351671 0.6511220667138355 3.7798262183770146
2460182.667367099 3 7 0 888.1589671960627 304.96764367013935 1227.741856338805 159.14458838210732 -0.004305912589937737 0.0025331190374149933 -2.5992508996887354e-05 5.660465905793939e-06 15671.400587525895 0.009736047576489805 0.04947824572570879 1.7143390321745284e-05 -5.613078330251803e-07 1.750700018249796e-08 0.9982071667442134 0.09431799972983212 5.490923785881115 1.8242981682431303 nan 0 nan 0 1.738594598911717 0.3066153385794802 0.2220778997771631 0.15867037634866146 3.5811440778238905
2460182.667367099 3 8 0 1189.6217447948961 159.2086869663667 1451.6094500167212 95.66645257695541 -0.006322197145679755 0.0025535579304743184 7.2678206617273374e-06 5.489502164904655e-06 15777.192976093962 0.0018961316300486082 0.04698382399746587 2.685512474383591e-06 -5.89949916824522e-07 5.018101407065184e-09 0.9745586534580132 0.057897371801404175 0.32218189180898027 2.173106163728084 nan 0 nan 0 1.3202001937283838 0.12609016988819272 0.011726600381916941 0.06700699925461662 3.9109938308193364
2460182.667367099 3 9 0 -792.3267099279293 232.01053473111773 1192.390109741592 73.349730625373 0.0008303211242043876 0.0021936726379324363 2.911949436260072e-06 4.4300332407906e-06 16004.524441560878 0.0024840331018702658 0.05328236714314729 1.0187801494244933e-05 -5.45492678484126e-07 1.3669887415864338e-08 0.994448323797892 0.06367162179169587 5.742754679845697 1.62773880448739 nan 0 nan 0 1.3819746057692524 0.12655470073100786 0.04970198010530659 0.06507227430147239 3.994512476764875
2460182.667367099 3 10 0 505.71965239061456 175.2141577893784 1553.9711108410536 95.62610790268621 -0.03697383158614987 0.0033161109598470193 -3.897344169670903e-05 5.664325240102422e-06 16118.916745101342 0.002071272072957893 0.050869912726566435 5.669471756648801e-06 -5.556839556916105e-07 8.292318449336782e-09 0.8701764890303627 0.05795252217524528 2.6939720526041833 2.0090080253556173 0.5721304663949471 6.453994408283389 nan 0 1.3378499187995843 0.11823072456282366 0.007872065868489108 0.062372341771646175 3.571742352527902
2460182.667367099 3 12 0 -228.97129028218416 228.89356077821213 1742.3564635852533 261.79852293545724 0.030449071624221422 0.0053910160893954106 -1.3624391559976266e-05 6.280442064951272e-06 16474.96429904993 0.004992159221220399 0.05477592830249864 5.269759603533059e-06 -5.626835800994988e-07 1.2476577148616927e-08 1.327512120048268 0.08970750295783869 4.095360963180329 0.8529424591410014 1.062302591079654 0.21331124329838153 nan 0 1.2097717820156495 0.19615610469693473 -0.1605067643824968 0.12629866766407657 3.7000113316155097
2460182.667367099 3 13 0 85.08128057428117 227.4752820542962 1725.9245013948753 1405.9641346643507 -0.007889489362004828 0.006619862617299533 -4.807018762975888e-05 3.9698885848149065e-05 16592.575570183104 0.009046266485467204 0.05233944997905186 1.0306098237384464e-05 -5.541393403626657e-07 2.9193036383284206e-08 1.0477442621048443 0.13449247512823734 3.7208346973506887 3.1366066207834065 1.4041908781789285 1.3226936801272249 nan 0 0.5509167280856663 0.9249038260251349 0.06683923261254142 0.8693214325464536 3.2740049251791623
2460182.667367099 3 14 0 -322.150802964224 233.6143845472243 1557.6392201663061 204.6991106077942 0.0006604808444444169 0.0027472678376257303 -2.775734314918004e-05 7.151611692848754e-06 16704.51009043142 0.012694723274513566 0.04968940742589761 5.4975024962150185e-06 -5.950601309881622e-07 1.8747731078346667e-08 1.2748744154334197 0.09839267660817413 2.9419296981052168 0.7756730211456108 1.6164644192084627 0.28054221799044077 nan 0 -0.0105545217092331 3.645051090256472 0.11516002530529847 0.14665046815484467 3.6022386333022474
2460182.667367099 3 17 0 91.68515214980768 244.2216696094131 1308.31960650874 286.6997819657614 -0.03345510637992575 0.008258564313552602 -1.0492312354119561e-05 5.480331476391752e-06 17210.052003452955 0.006697213524628094 0.051140793518408646 1.4944728719084617e-05 -6.390452775587856e-07 2.2529894858433852e-08 1.1589210546598343 0.1509323082002316 4.065827847520562 1.1131903753338788 1.6577136804916128 0.4117996191653665 nan 0 nan 0 0.1753341987340202 0.25794308811942435 3.8854698948739435
2460182.667367099 3 18 0 -65.30044074342483 198.93036480300398 1403.8445869567481 26.203979417415805 0.016312224358787104 0.0026399540287646264 -7.183459279307742e-05 5.658390908660137e-06 17503.139397290444 0.008387821864286965 0.05810835505584122 8.470773274512987e-06 -5.621659616633976e-07 2.0569821841486374e-08 -1.3287591626261865 0.20479908637931457 3.1604315373500587 0.1101439786481713 0.9330506557869306 0.42906868041104773 nan 0 nan 0 0.008570724182432078 0.01887518679909188 4.161101605885177
2460182.667367099 3 19 0 194.2797938320193 211.21961511606804 1512.9244429820192 13.63244563047679 -0.028107271140577338 0.0030211997787919233 -2.832282688469539e-05 6.096532325047282e-06 17628.163406995853 0.005380571851946358 0.055489054837844956 1.2122556266986175e-05 -6.079238879853312e-07 2.765760584650526e-08 2.021129910987191 0.2059195724564216 3.526019575684051 0.07776448363909472 1.547782148532026 0.49659575965710845 nan 0 nan 0 0.0027623287056455985 0.008967397838673802 4.366565905992672

2460182.667367099 4 4 0 1022.3166364712233 342.52720635487793 1393.7496749536956 1079.4468967159899 0.06872414674805734 0.05328515164781141 -0.0001989771976077886 0.0001537876300580005 15247.943473796124 0.01054717104041226 0.04822526917549864 1.4130391722063326e-05 -5.78536885918168e-07 2.7070218608908e-08 1.2521309170502064 0.23664496594949042 4.313575537737935 3.7930492074803905 nan 0 nan 0 15.38244053278823 12.453996295805872 0.20320547808128525 0.932651580633487 5.5345751319033765
2460182.667367099 4 7 0 398.7596451427099 272.5821564814928 1700.5729941986901 231.3580412988292 0.020570323016271208 0.003263144136221262 -2.4074736679641927e-05 6.239592571460457e-06 15671.432569797837 0.00893165099917242 0.04949620790467677 1.5278408206661356e-05 -5.580453845793449e-07 1.5627531712036802e-08 1.0579827453384987 0.08070509145042623 4.71890064606956 1.4590988473712443 nan 0 nan 0 1.4786932175733063 0.260017962405792 0.10366034180831606 0.1503423305077844 3.02787039494108
2460182.667367099 4 8 0 1093.2057520624357 126.49217214575162 1593.5578221031012 74.44374386834612 -0.0008817725546617963 0.0023875331930141744 5.150976585966081e-06 5.1786398028591904e-06 15777.230292839546 0.0015172562911734012 0.04700109541080486 2.1469208049142783e-06 -5.86039882979198e-07 4.0493624020156614e-09 0.8925474142618282 0.04698509132965065 1.443708996024618 1.890401762760751 nan 0 nan 0 1.4194842525668894 0.09891530316537772 0.02989268700230778 0.04837756567451466 3.358719727130514
2460182.667367099 4 9 0 -570.6041718433385 187.04118541770217 1477.4966876585318 84.77547876795866 -0.0011977199733666933 0.0022175651760731854 -5.208121752566233e-06 4.393380252651555e-06 16004.535758436677 0.0020006760295509943 0.05328470167495565 8.28827282681819e-06 -5.256299194697484e-07 1.1300143248065463e-08 0.983977409469352 0.05418980628137448 3.9734001425551053 1.3707630710176615 nan 0 nan 0 1.4001175808284836 0.11666564585835454 0.04747937778350181 0.060540959136662985 3.2053451123074663
2460182.667367099 4 10 0 545.3032983608271 168.00389887807034 1930.1151214951428 119.85854568020268 -0.04185338651693024 0.003639347996092033 -4.0196676631799404e-05 6.089649366371765e-06 16118.999399133072 0.001991968335577283 0.0508756833933399 5.2684563967080825e-06 -5.607923089647623e-07 7.860113615299627e-09 0.9801505909581599 0.06022258930867454 4.977393525388671 1.673219970551644 -0.45176381230530493 5.670403446535367 nan 0 1.412977277720041 0.12367075811224683 0.04221703633818113 0.0650486156833637 3.064723148463817
2460182.667367099 4 12 0 727.7442695537242 165.34211927727887 2008.754079762554 303.86601119703647 0.006039624510640205 0.002919673424677072 -3.090253020991633e-05 7.479434144390026e-06 16475.0283701024 0.003779191432258882 0.054816398275451574 4.708583565957448e-06 -5.431500260807789e-07 9.978685520949084e-09 1.102888646114474 0.07533069749510962 3.9993275510821076 0.8057097294577997 1.1167852772097069 0.22317571130416625 nan 0 1.243751866794424 0.20363699678761502 -0.11069490250163548 0.1347064604311829 3.118152886257335
2460182.667367099 4 13 0 58.104942934754845 203.9922611287311 2861.1642477794367 1954.5731187963572 0.02073407045286957 0.014903639394588115 -8.489958973526513e-05 5.862952399120855e-05 16592.687799214127 0.008286123839812325 0.05233828912015326 9.057500236720402e-06 -5.767411623110742e-07 2.648331285268271e-08 1.1832584263258257 0.11341380600635236 3.177877397632711 2.2292669886237704 1.0011731876151577 0.7761728462441735 nan 0 0.8819840207884749 0.8050710403766831 -0.16203709914749367 0.5725804302786576 2.7397854453554102
2460182.667367099 4 14 0 -185.8349982303378 186.2977037661771 1749.9848099763924 249.75162459353768 0.010757534139602365 0.003388712604843224 -1.8531100411264324e-05 6.6696001935123954e-06 16704.673956736457 0.010253320676002058 0.04970336123100834 4.8269288223353565e-06 -6.115751879938881e-07 1.5579560348174352e-08 1.1411163821721868 0.08555586525839785 4.76355021365851 0.9706064829322072 1.8055179005597621 0.33606487850510863 nan 0 2.805590984828326 3.713105689582399 0.2386963581040891 0.17690663548143465 3.1662558701588206
2460182.667367099 4 17 0 642.2559311216321 250.6884493463773 1298.53956135992 183.40669417702128 0.00954127448983987 0.002429365408112471 1.0861909879374073e-05 4.6224159645885175e-06 17210.213520259345 0.0072154112542656395 0.051133722667295003 1.572184970679367e-05 -5.797882610611254e-07 2.3687979065613816e-08 1.347523107188651 0.1599146427772015 6.154412282144508 1.1938261732324413 2.268482153586178 0.39411915500839645 nan 0 nan 0 0.6353217754979449 0.231429322610003 3.535484106918554
2460182.667367099 4 18 0 278.9602730226715 186.2815997639327 1638.5511485004704 29.861156141484386 0.013612889008235712 0.0028735061048030456 -2.6765754500435703e-05 5.988074251395533e-06 17503.522573750237 0.007947380934886323 0.05813345087967694 7.650722097611362e-06 -5.852696055290327e-07 1.9293449435296558e-08 -1.406219728435417 0.18128904388766443 3.4083805343959166 0.1083943401876987 1.8939167066409124 0.40556154154676244 nan 0 nan 0 0.005901108961147335 0.018368392688805517 3.859369972439065
2460182.667367099 4 19 0 499.5758979005805 202.04626207852834 1923.967209888995 16.682794672407663 -0.010520398673060928 0.0037180100160192726 -1.0717312001910814e-05 7.576714006482226e-06 17628.354700530726 0.005369797538910339 0.055499724738465095 1.1562637290160373e-05 -5.771473632273782e-07 2.6791337489187236e-08 1.9619291614370444 0.18563729139503649 3.4772396255018547 0.0748522729665157 2.6681902395323025 0.48758160746042095 nan 0 nan 0 0.0074538458314248246 0.008665957418447591 4.209716775967494

2460480.6799012288 5 4 0 1599.781586557861 403.1536317827521 1395.0441099525021 8519.765638663872 0.05161274596236485 0.3150325645861962 -0.00014448579962316464 0.0008819955198723771 15247.906379230599 0.019621639017118025 0.048233373118896083 1.8454474356250738e-05 -4.45434385107151e-07 3.6906747909726696e-08 1.0788567339963226 0.2663450332874578 1.2006012690619277 7.639868122966904 nan 0 nan 0 7.2883377195518735 45.26497752245433 0.11799262181826964 6.828516633047553 4.614129962709944
2460480.6799012288 5 7 0 -793.6120136542717 279.8551803691089 1455.991241082241 155.57943108397376 0.0009540653457213216 0.0022298779746829536 -4.180666317403149e-05 6.3283724262846725e-06 15671.399832905572 0.009076945786962528 0.049530797362346994 1.596135575982108e-05 -5.93251110567131e-07 1.6342350058279438e-08 1.1609543784915366 0.08199202274282001 1.514100294185155 1.4132776962379316 nan 0 nan 0 1.6823399660663372 0.24586204863926628 0.22569719071138739 0.13119236046051913 2.9688091613010457
2460480.6799012288 5 8 0 599.8245365872111 130.69991178745798 1404.1389422425673 74.02740143682998 -0.0033116117230319654 0.002093468935489725 -1.311466362235036e-06 4.52730855839065e-06 15777.20244443574 0.001753956075018037 0.04698743130125461 2.501890967509669e-06 -5.793195879654642e-07 4.691275572928507e-09 0.9561170307304749 0.06326112553398638 1.2403544939396427 2.177099690413748 nan 0 nan 0 1.622305176361206 0.13104407432051937 0.178601492326521 0.06251023644039104 3.3092801135204164
2460480.6799012288 5 9 0 470.1476227659245 201.11521002904956 1405.6137915372792 77.1269920648835 0.011005726283773512 0.0021123020429780043 -1.4424413383329115e-06 4.232082297194913e-06 16004.462647132756 0.002168934081466794 0.053249696216708435 9.079243213810249e-06 -5.019811127094904e-07 1.2237139141681259e-08 1.0820914551446765 0.056182502507756034 0.11357849537208792 1.2773588898141175 nan 0 nan 0 1.4035538399555472 0.11365413367685452 0.06508445126920695 0.05887483327233712 3.246879311771446
2460480.6799012288 5 10 0 509.56895443307036 176.5661894973749 1942.514686505246 120.15764795592509 -0.037256685075533064 0.0033539628993989943 -5.894341488146279e-05 6.271921719655175e-06 16118.902241809086 0.0019352446577547877 0.05086471063344508 5.3317629816469525e-06 -5.580900244195656e-07 7.72356473817799e-09 1.1090644685080713 0.05175421953523342 -0.10524857193856985 1.3932490137948927 12.999258392155813 5.406675957836828 nan 0 1.268374914800235 0.11017540193474377 -0.007217302969220875 0.0617083257956383 2.8714406175282177
2460480.6799012288 5 12 0 -340.783635294366 164.3505497359352 1886.936616244222 218.7789945910789 0.027285648537408974 0.004007840544464188 -3.1353757516193486e-05 6.386330758291163e-06 16474.933695064665 0.00385970770926491 0.05479664169834885 4.358083375347477e-06 -5.405610654522349e-07 9.733461968064145e-09 1.1185586159792906 0.07342912660996935 0.8555568358657637 0.48872887148123934 1.2070029011712715 0.19068588411196946 nan 0 1.3112277102223326 0.16714518367437337 -0.02225435524633814 0.1135195771314532 2.99980746716854
2460480.6799012288 5 13 0 568.4907081769877 168.68341748416563 2531.733873555184 1020.3021404511647 -0.01051133790876338 0.005045468616254489 -8.620150855066315e-05 3.5372165439788353e-05 16592.60881810604 0.006966567088708886 0.052327754540709086 7.922128239431689e-06 -6.221767765420211e-07 2.3447216396998692e-08 0.9633644579714777 0.09950023468220925 0.24929532300462692 0.33426537646051613 1.1588212082423193 0.5473868188874909 nan 0 0.6883032765428092 0.6041312582252826 -0.08579696986239599 0.3685456393220493 2.6229239777902045
2460480.6799012288 5 14 0 328.64625125400005 207.38800336931217 2781.0873361515537 578.9395265066531 0.012512150126169604 0.005140609740340668 -8.224727575488998e-05 2.001420235595518e-05 16704.575496443336 0.012323702436876097 0.04968046617116358 5.325644457480378e-06 -6.165210074499382e-07 1.840152172889113e-08 1.3638732872523118 0.08980386794664001 -0.004605823010445542 0.3820823868786979 0.9872718886174563 0.24491144008031096 nan 0 3.7014176633899107 2.354788157180152 -0.1881297571662263 0.16906733416153708 2.9569803827177705
2460480.6799012288 5 17 0 -91.8458831937622 237.04613689127612 3106.584481975854 4838.663828738687 -0.057027649545659795 0.08981749816427934 -1.4618746429031688e-05 2.4937484828650112e-05 17210.050240491728 0.01023760507944163 0.05114778717206765 1.5140056042831148e-05 -5.742410523414924e-07 2.8123542061970883e-08 1.3463122220105677 0.15755592344929487 0.45248599148104357 0.7474752492499714 0.7441194898613982 1.1782608535005514 nan 0 nan 0 -0.36167276429691264 0.9943558711286198 3.109578924380386
2460480.6799012288 5 18 0 -106.56686215691623 145.19954619348104 2702.4076471485514 467.08956517252835 0.03376146635002477 0.0070943051140650365 -0.00013077438798674598 2.44246538394759e-05 17503.16914957369 0.005350473244232861 0.058125421921795 5.250206786843527e-06 -5.886488146046644e-07 1.2309452973545553e-08 1.2304978359658862 0.12436612807965682 0.3881476094454198 0.08104409421523193 0.6905684213874514 0.23210886394809768 nan 0 nan 0 -0.36460623396841174 0.10992276881307297 3.284053573544382
2460480.6799012288 5 19 0 594.8788910305291 162.47943465924067 1918.776814325194 45.50103182806163 -0.039812195470676846 0.0030929940849519335 -3.3031144569990476e-05 6.009852864519422e-06 17628.16046490886 0.0062669438665273755 0.0554758636415641 9.605458878497785e-06 -5.470142864222671e-07 2.2653895412266194e-08 1.62753496599805 0.10615815072913212 0.752426937237277 0.030872077052909126 0.6572784712232531 0.32267716435271393 nan 0 nan 0 -0.018815114549498992 0.023367726993752478 3.3297814436175632

2460480.6799012288 6 4 0 845.5031425214586 462.61198515787925 1914.0452461877355 24513.234675047068 0.0029142759864999733 0.03725571310812668 -3.00129740184927e-05 0.00038380763444757814 15247.952629670906 0.024530271300810504 0.048220970594429625 1.7090930049506865e-05 -6.243758549840799e-07 3.5984033865738486e-08 1.7579206169613795 0.30684526791508854 0.686578730925402 8.989005751462514 nan 0 nan 0 3.0424660640677947 39.26253706129752 -0.040409228500023237 12.289953792615595 2.9357912513639564
2460480.6799012288 6 7 0 833.714732366193 217.69378032976988 1710.8953471760026 166.18201957358156 0.02404090952468006 0.002799145930072997 -3.281533195312992e-05 5.7280499553813724e-06 15671.433313159705 0.007257176113188876 0.049477130357767546 1.2749639734476618e-05 -5.448719628495711e-07 1.3103572043352343e-08 0.9587360340482269 0.07065491119012733 2.0862670623488744 1.2876839347568305 nan 0 nan 0 1.708899904587658 0.22496541933302713 0.21733232287330279 0.11843311194699666 2.69361405927047
2460480.6799012288 6 8 0 -430.76119792139235 111.20529053814765 1807.6689858803575 75.18432688058992 0.010795372673112952 0.0025099644501350438 -1.9838633411021993e-06 5.322494973896597e-06 15777.239668717048 0.001377701053923197 0.04699625415464968 1.9745847954733653e-06 -5.872063535171453e-07 3.6952041810238294e-09 0.8824620378670683 0.04390937058131611 2.377510903282552 1.779352405407566 nan 0 nan 0 1.4486270387665405 0.09077142609905271 0.06814637460814835 0.04467521568282232 3.038763112839455
2460480.6799012288 6 9 0 -486.1891241038816 167.292610602683 1732.6828610253067 69.62667562288286 -0.003453601511471422 0.0023355395651696417 -6.468853282106775e-06 4.6218193531381745e-06 16004.550885833074 0.0017562673710525122 0.053295889223476015 7.379836195247881e-06 -5.443064380169338e-07 1.0010381135270919e-08 0.9979894424817671 0.04159751656505273 5.66325799722915 1.136808684604404 nan 0 nan 0 1.3320158024709041 0.07982791451255666 0.009796285017837922 0.04089164038089982 2.9125394408119742
2460480.6799012288 6 10 0 92.15331386173273 142.0516891331333 2202.7163998531937 106.44203730263611 -0.034272694604729044 0.003033449385317487 -4.99119980506284e-05 5.8095827952660765e-06 16118.998655031026 0.0016362967408240908 0.050880309578302044 4.4604186110358815e-06 -5.553207614578476e-07 6.507033589013533e-09 0.9868009528295381 0.04309203676005979 0.34551117056102637 1.2444151256133764 -0.5902345252318533 4.651961965030703 nan 0 1.268463545831904 0.08743436550350815 -0.007279779328997482 0.048225260427487864 2.579995624886342
2460480.6799012288 6 12 0 391.2529627294234 170.41788701466984 2372.3017490318543 280.3479229180876 0.009689981410527833 0.0031361373934329947 -4.5447494063588036e-05 8.126537660563903e-06 16475.04197060481 0.003658235110553849 0.054810218831680114 4.077935228153451e-06 -5.258109992254538e-07 9.27630271317297e-09 1.2928829098303756 0.06617350360873817 0.7591645195030834 0.39890664704084894 1.012296169221004 0.15726488053795848 nan 0 1.1690402197692782 0.14919603087333624 -0.1517441580827938 0.10035804576668637 2.758645959192119
2460480.6799012288 6 13 0 -237.36410294999584 191.55944484086547 2401.3879144650887 1123.6340506275287 0.014630766618950344 0.007542120417770267 -7.833530681892364e-05 3.7194121687956895e-05 16592.69353276099 0.007978111313587378 0.05232226195594279 9.268453141079376e-06 -6.235268133844707e-07 2.6601626671525264e-08 1.2800864886074494 0.12824371245679209 0.5351804888657761 0.4313743920681765 1.3475824545585353 0.7463805776638237 nan 0 1.735341916569474 1.0208642410565447 0.08171639325693891 0.5062989048105703 2.382582514081077
2460480.6799012288 6 14 0 742.854109867914 163.55319387843986 2477.002230910954 332.9655696557104 0.02107553411535546 0.004672721491792202 -3.398020564872801e-05 8.804416987658677e-06 16704.666034626083 0.009783107556519616 0.049704772749651606 4.043573248604223e-06 -6.375164235685374e-07 1.4490236377649853e-08 1.1967687894577044 0.07106926245007614 -0.01136499248630203 0.3940505767229413 1.2147578579282723 0.2033948420578535 nan 0 -0.015160923764935719 2.394585241796772 -0.0712031737230809 0.12490716156601946 2.725321799416406
2460480.6799012288 6 17 0 243.28200709795962 253.12941105335736 3249.6884240461563 4146.959806307679 0.022779875663259005 0.02856606805581046 2.1264685589482092e-05 2.812756422815836e-05 17210.214979683722 0.009807737655621613 0.05112100773369705 1.6193504454781047e-05 -6.193285191004991e-07 2.9546375894592625e-08 1.6656272819753026 0.17004110196841854 0.5151401183909259 0.7014541820901932 0.7366846092698799 0.9543870245808774 nan 0 nan 0 -0.3395263781782308 0.8429478959238718 2.920127688591966
2460480.6799012288 6 18 0 114.98975063517736 162.6416211261207 2364.181159613839 341.6307743283987 0.019631754049864572 0.004481680661546547 -5.010834434762472e-05 1.0317909307823307e-05 17503.514162465668 0.007143818656494999 0.05814354927786544 6.38705812435443e-06 -5.744525467917438e-07 1.490663421252166e-08 1.3574637132418343 0.13729256950475519 0.4672089972137602 0.08380878647045045 1.3987666042058116 0.2935792571958315 nan 0 nan 0 -0.3008989825248542 0.10112428999952623 3.181923344894788
2460480.6799012288 6 19 0 599.9521801693542 158.25881150482897 2015.0613408402974 49.34867961862088 -0.018194487524770132 0.003135794262784596 -1.1716553219677838e-05 6.382149417222723e-06 17628.37634893464 0.006600969215016317 0.05548413944980862 9.549385791859067e-06 -5.244873539692547e-07 2.2540078933315016e-08 1.565510080944336 0.0986770666625238 0.7190977900437898 0.030545939224248888 0.8245317895648894 0.3096432152217424 nan 0 nan 0 -0.05086148678725967 0.02334459587256959 3.3358002022433944

2460546.6608051653 7 4 0 -303.815569894127 269.6685059829806 942.497929774357 1416.46759059678 0.0005679712763284356 0.002026329408464962 -3.181287557727933e-05 4.7650574913607206e-05 15247.90308240551 0.012201744605774912 0.048180196580027757 1.3749119405661787e-05 -5.608503011171338e-07 2.7387952524456187e-08 1.0899583443210707 0.22018932258371846 2.68717157315508 4.376731012500407 nan 0 nan 0 3.565427658888189 5.797776549557255 0.3838462801718458 2.0804394696765534 3.9097819561436915
2460546.6608051653 7 7 0 477.8446027693201 283.23380328668617 1309.5695121798328 149.0563431812074 0.004567279399240208 0.002063306020310881 -3.633793468485384e-05 5.982421496636333e-06 15671.40160527553 0.00907431022840342 0.04949153608662425 1.5897253175574977e-05 -5.827644474502291e-07 1.5285842910319343e-08 1.0269685706027916 0.08516496391000944 1.978837764269028 1.3875517894472824 nan 0 nan 0 1.5205284901993126 0.23469595182192038 0.13346385251301357 0.12921870815559153 3.177704441104503
2460546.6608051653 7 8 0 1445.7960992737017 152.49665491696567 1144.6633953067915 56.76938582006035 -0.005176547095193518 0.0017977599469389323 -4.16239283765833e-06 3.863546693725476e-06 15777.191683185221 0.0018701417418185626 0.046987003860491 2.5510042395528673e-06 -5.778643736999142e-07 4.877059168830943e-09 1.039408306178926 0.060469236359813466 1.2230251708466986 2.292230314070967 nan 0 nan 0 1.6897706101697443 0.12968040180590987 0.1751890674735081 0.05862620923237084 3.4968204220438572
2460546.6608051653 7 9 0 16.413547864192658 213.42723882725124 1247.7987802785922 73.97641720460891 0.011625176662237688 0.0019985381759868074 -1.4575102451713586e-06 3.969743792577697e-06 16004.546473233915 0.002296226732139917 0.05326555742231127 9.521468942301732e-06 -5.401105706090344e-07 1.2561450074073051e-08 1.0732324020983082 0.05189988890237536 2.3603442871057925 1.2659659089627058 nan 0 nan 0 1.2785865149545097 0.10946806938159666 -9.248119606190887e-05 0.05968842405591054 3.4479286430177947
2460546.6608051653 7 10 0 536.8368995324404 195.7739968369858 1630.5109979024267 111.07781376433717 -0.039104418671842216 0.003483404986927344 -4.479295069567421e-05 5.648772173512385e-06 16118.93785636354 0.0021632253298191914 0.05086240879882259 6.058026043824207e-06 -5.680695131897672e-07 8.657725968330824e-09 1.1342401888649623 0.05692769135220851 2.3769376137465574 1.5987578175223967 0.03999536497191558 5.59887734471284 nan 0 1.2577865271437847 0.12029705124068882 -0.02398260702646652 0.06681904927098643 3.1826329278943466
2460546.6608051653 7 12 0 362.4521926689102 174.9797216851038 1650.1665743348863 239.44352035476436 0.04233797356707468 0.006530495737568025 -2.5030322982879095e-05 6.1441929375336355e-06 16474.975601023343 0.0042934145150184105 0.054790952544139175 5.09833554994749e-06 -5.45470878525486e-07 1.085492584013078e-08 1.098378759823728 0.08263655350777369 2.483221447261631 0.6409480256692963 1.1254486113692288 0.2196079164443242 nan 0 1.1811380054041802 0.18407313406288725 -0.09830233113945694 0.13100943791056932 3.2743720850671734
2460546.6608051653 7 13 0 -324.8523431378786 228.74472990866784 1982.9722813826424 1580.0804382249944 0.0012236148923353506 0.0027395745422819887 -4.563016287948786e-05 3.683352025084269e-05 16592.589533825765 0.009634383503273697 0.05232396929636108 1.1898945942232226e-05 -6.019750086022004e-07 3.0149557663630677e-08 1.2495190262246643 0.1445778592387252 1.2051175781702994 1.0286363971541177 1.0757458035971852 0.9721058848756081 nan 0 1.2889434126292207 1.2159314293369172 -0.019156707563356478 0.7817161101222491 2.6959861469918
2460546.6608051653 7 14 0 1028.6199289922608 224.0638519641293 1529.2275846492475 254.3147523658874 0.0026074061104669425 0.002480784051558681 -3.972263199685659e-05 8.724506349212427e-06 16704.53293091273 0.012637146019494975 0.04968342566293632 5.656465003785005e-06 -6.294509000898057e-07 1.864761749340142e-08 1.335843893647095 0.09581806647636229 2.706273204561718 0.7494010771070267 1.455132113167873 0.3060196888556991 nan 0 0.04830482683480905 3.2580832721380166 0.11355473903675341 0.1852852272338932 3.1703549956520902
2460546.6608051653 7 17 0 359.50629799401673 243.14100228432235 1577.8815940005084 514.2287683690334 -0.03270470561796138 0.011395317224326972 -1.1648345784716618e-05 6.3806873839217635e-06 17210.04208994161 0.007308246587818921 0.05111403893650675 1.518076796178162e-05 -6.192267708392297e-07 2.342980424598509e-08 1.365084852258095 0.13438520685906163 1.876313784930215 0.7175963909881721 1.3061434780323895 0.44906932354795287 nan 0 nan 0 0.053033172290132005 0.34336867438696916 3.2870725322092986
2460546.6608051653 7 18 0 93.78974044473995 161.35008711778485 1502.506646598257 47.70802234664051 0.026640704974751777 0.002446090969139117 -8.079978203966656e-05 5.47780305367592e-06 17503.170673051325 0.005716800186338582 0.05811863244599453 6.061807734193996e-06 -5.9082414365126e-07 1.4222296314140226e-08 1.4324291969943417 0.15737646887980575 1.6263327531805531 0.08372627170239191 1.3210371911049479 0.3531880800928743 nan 0 nan 0 -0.01936995970690717 0.03124712239303794 3.4406393340272152
2460546.6608051653 7 19 0 309.19251299383035 171.4356166237274 1641.1280800651896 16.359856076284995 -0.02019855784250563 0.002680000699849816 -3.0350113062236032e-05 5.492255379276844e-06 17628.17295891424 0.00487926098900359 0.05547469260911133 1.0062527967782327e-05 -5.629233556064899e-07 2.3831705227144938e-08 1.8631913516672738 0.13871942759135528 1.8314614684313655 0.042884762434226405 1.9782647180482986 0.39441916967383794 nan 0 nan 0 -0.0008598790855870024 0.009949030068652658 3.6278021204298643

2460546.6608051653 8 4 0 647.5807012176324 305.04384653211696 1338.7954036031588 3868.067642934301 -0.024222688308315202 0.07015952385719475 -2.3086495686109585e-05 6.64330147241781e-05 15247.970826717064 0.014326927676997668 0.04816572817008149 1.4615520362951843e-05 -5.321599581568506e-07 2.905950721857341e-08 1.4003089745436645 0.2459900346009885 1.5909582869189611 4.815395252161584 nan 0 nan 0 0.0010099450572857993 1.3384296488427012 -0.038443429808013845 2.7785903764823385 3.67012623115619
2460546.6608051653 8 7 0 418.9611549254343 321.9509418070928 1509.0022675606122 278.8960373205009 0.006813548710330679 0.0026258760152475576 -3.508279842056998e-05 8.62715117052651e-06 15671.431647709967 0.010419934945787765 0.04951848019731018 1.7797106359459132e-05 -5.715668849163443e-07 1.7497498873155276e-08 1.056900846916578 0.08486919377583643 2.2765530045945392 1.3571211773917493 nan 0 nan 0 1.1844474701558516 0.27740413390840396 -0.033726069922491324 0.17879058986157575 3.498400135229799
2460546.6608051653 8 8 0 310.448153283692 178.59949477579855 1328.5740560819968 85.12935253850684 0.008088710057395584 0.0023420835065148245 4.1912571295118805e-06 4.891766602736264e-06 15777.252447322226 0.001974827221425525 0.04699994606730513 2.8242577729165645e-06 -5.723290449199979e-07 5.319152170150103e-09 1.1209863518140528 0.056798650943121094 0.5579253520981856 2.218682237184501 nan 0 nan 0 1.3769798946016016 0.12907499445085777 0.043528655890891436 0.06718615534736877 3.8070225032757707
2460546.6608051653 8 9 0 -69.86459043025042 248.8074920880447 1124.3275252893927 66.22805552344151 -0.0012992261922344492 0.0020935991981953215 -1.2803070327696717e-06 4.177937436840544e-06 16004.582836479747 0.0025732932179618104 0.05327405587801788 1.0813405428761126e-05 -5.328980082903568e-07 1.4496086682050423e-08 1.0639721748999507 0.06159312422982179 2.4186265000999096 1.5401055453818304 nan 0 nan 0 1.3873486463967912 0.12259321757358803 0.045231588431877336 0.06204071784287095 4.027971336919487
2460546.6608051653 8 10 0 -50.954301732799465 195.4590063590163 1538.7330276673054 104.97405528871171 -0.018722317885846156 0.0026301195514925237 -3.350628953996629e-05 5.2490320167692806e-06 16119.017003118632 0.002229803577452949 0.05086305047986515 6.17687773269641e-06 -5.782898752867794e-07 8.930863453355103e-09 1.0950748041832685 0.05872776493664031 1.4033302027074288 1.8480221366450322 -0.2754699671406926 6.022640506638051 nan 0 1.2964722854318051 0.12524020172592695 0.007894979870245285 0.0691091048355832 3.312886125996898
2460546.6608051653 8 12 0 -130.49390624225686 192.3786559794938 1470.5361507067114 200.52475373008005 0.010875443786316327 0.0028056350541726923 -4.929298961558437e-06 5.025458169548881e-06 16475.09867975827 0.004396622157524268 0.0548066653716736 4.898188581390964e-06 -5.509406058452671e-07 1.1122595054721319e-08 1.099131334548661 0.08163775266249146 1.2584918721834923 0.6053598267734299 1.1452863132895286 0.21161742943052325 nan 0 1.3277759647692087 0.19824424575752564 -0.08552641534258161 0.12486678290237824 3.651795562907884
2460546.6608051653 8 13 0 -478.66661126250204 236.8893560522268 1917.7794637569057 1160.8621440377563 0.01396460612771822 0.0091013001426567 -5.975191566538162e-05 3.673777692096702e-05 16592.698235654436 0.00936322947970573 0.052319934670627746 1.0465085628140059e-05 -6.068627641802215e-07 3.0507237106361116e-08 1.2314126025490988 0.1314474658598269 2.1599968244529317 1.3785474590868192 1.2160486068404786 0.8561734566823823 nan 0 1.963067808084743 1.3851692246365772 -0.05775177771404518 0.5705251503895492 3.092482634852626
2460546.6608051653 8 14 0 -450.71910758825254 258.64380046380353 1585.4846938614655 199.49070437227198 0.013744405187696662 0.003350490882456124 -2.1871076575152114e-05 6.45894334504802e-06 16704.68546372838 0.01403913665586113 0.04969648677141296 5.792658990952607e-06 -6.250895634597471e-07 2.066172035447169e-08 1.475060424473023 0.10741070072951696 1.5462028595652793 0.6655889727792443 1.5746451192672506 0.2627147533537825 nan 0 0.07735868835903553 3.698002803658819 0.11804316583694355 0.14077332187596547 3.4008125519463
2460546.6608051653 8 17 0 -155.7538892862838 258.92191175661185 1639.02757330265 696.8782289007995 0.008260042196111317 0.004108004639892491 1.273761445762188e-05 7.651318773854249e-06 17210.214515595406 0.0076901782122643265 0.05114793126284912 1.6247767585017515e-05 -6.196663210950104e-07 2.547278199702114e-08 1.3194690006353382 0.14540021065476422 1.6328385597244879 0.8002592080482973 1.2016705881651162 0.5367085149214684 nan 0 nan 0 -0.01252674455599984 0.4200709228117081 3.6181278874078933
2460546.6608051653 8 18 0 -126.22847196668685 197.704953069289 1271.6237073127986 45.6214444996776 0.009999383563638031 0.0023582686823914794 -2.4813413249205612e-05 4.957113457429331e-06 17503.53888597738 0.007675932191345427 0.05812625932673462 6.9057897948459e-06 -5.793662332205688e-07 1.6991807196181482e-08 1.4946798857593744 0.180859727269364 1.6612447989555212 0.09685900893882458 1.9579805482423347 0.4244537895209096 nan 0 nan 0 -0.020104175112560012 0.03527595924001712 4.097109400474275
2460546.6608051653 8 19 0 280.65339779070325 203.2521684834757 1406.0818412706021 15.763933825693883 -0.005022585820924368 0.002611794177489972 -5.990660477094161e-07 5.392593573777526e-06 17628.402003352283 0.005629791293495118 0.05549844918931274 1.1488254743887132e-05 -5.641431575031793e-07 2.8224635065436547e-08 2.109228262278846 0.17021475014003173 1.847331614075454 0.04731284946226346 1.8980764620936545 0.45655761406498213 nan 0 nan 0 0.00552080401469797 0.011269463814330152 4.1061815308098675

2460574.597454844 9 4 0 -0.43448128102645256 inf 1425.5492955283128 inf -0.03502890811932 inf 7.551203065522707e-05 inf 15247.753872804898 inf 0.04812204556447521 inf -5.199115551089842e-07 inf 1.541405818413182 inf 1.6109803172991883 inf nan 0 nan 0 1.4959456316234632 inf -0.31041011026947957 inf 5.729239043924104
2460574.597454844 9 7 0 155.4173473945368 419.838924351695 811.2338919905052 87.7703553472664 -0.013485164711180437 0.0029414433037302195 -1.048297282727147e-05 4.386422534743093e-06 15671.516586146865 0.013672605750802893 0.049498511650547354 2.3770548217865172e-05 -5.628007892348037e-07 2.4150972742038144e-08 0.9077289877482455 0.13437243512318453 2.5508706908099104 2.70548147119077 nan 0 nan 0 2.0284668241040538 0.33139874342965775 0.3405922687366129 0.14539427082349796 5.317741228427037
2460574.597454844 9 8 0 -260.85907497923665 267.4623930942731 952.4756178853294 82.47515100506443 -0.003766139776236788 0.002491977509851651 1.413452238108244e-05 5.475580762478019e-06 15777.158235360372 0.0030684711799941985 0.04697725123583218 4.325865223231119e-06 -5.874819370403572e-07 8.106812243450859e-09 1.1312471532934654 0.09020551919891615 0.9105416844742226 3.6160149491689375 nan 0 nan 0 1.5749353890185929 0.20641230084490275 0.11342511659035279 0.09692961715712127 5.811470756206192
2460574.597454844 9 9 0 359.95504915882157 360.39959448801545 802.0718385762461 56.72610084819415 0.0025585982253637208 0.0021694801258465204 -1.3253994766187627e-05 4.3840066450748745e-06 16004.438896220192 0.00361017791294431 0.05324359641112226 1.55882446388687e-05 -5.018930516507148e-07 2.1164507845531713e-08 1.0191344649617136 0.089623044541037 -0.061885306038238275 2.5485453252336896 nan 0 nan 0 1.5899526817244936 0.17666636986287051 0.13318154617899294 0.08084778719555658 5.9536197495015175
2460574.597454844 9 10 0 775.2006329163161 341.1818655537582 1142.8149826718322 118.04253978424953 -0.018391586401178026 0.0033308050540003797 7.71582896956944e-06 5.82511893932436e-06 16118.970635843114 0.0035984220777812406 0.05086634962771621 9.947907161586935e-06 -5.521622269996853e-07 1.4218443567218134e-08 1.178343944997073 0.0880416582046857 6.528326684954633 2.7735287816442824 7.260947324499404 9.29628835209333 nan 0 1.2817161825311107 0.18854698428305872 -0.03120099066708971 0.10059807337536426 5.287356321266946
2460574.597454844 9 12 0 478.7092331318069 329.2840005191874 1062.9862293353312 144.35866987725888 0.03925352631137556 0.005875895978974573 -2.9556558612829638e-05 6.50797670084771e-06 16474.92877299104 0.006618827614366136 0.054789905824418166 7.627435307870739e-06 -5.154437189279729e-07 1.731391652299492e-08 1.2854456447012528 0.13018034978273696 3.2536944876090117 1.013879176926971 1.3301772639747276 0.26257181570359706 nan 0 1.112735961448778 0.17770014372089604 -0.03218773769341664 0.13164279727245962 5.305309059467683
2460574.597454844 9 13 0 -705.3427094017461 403.6637686868663 1368.7952218427736 1107.214239768469 -0.003060427952471991 0.00369427163838891 -2.3360990240656e-05 1.9942356913904915e-05 16592.581725702872 0.01710278220210929 0.05232872175280713 1.8503053459436546e-05 -6.577540746560136e-07 5.6279406849509044e-08 1.529337850339736 0.2273857331256501 1.767772053487969 1.555282339862533 1.21680180840886 1.1595062119083368 nan 0 1.1742683340874254 1.4288450364420284 -0.06044083920858413 0.7602308081661128 4.628515770564088
2460574.597454844 9 14 0 -1056.1981044120191 321.2910237844924 1087.239220374801 166.8585360841708 0.001905401526797881 0.0027430620977898445 -1.817949325160026e-05 6.588413824517762e-06 16704.505904160415 0.017960044452821334 0.04969194662191966 7.99074093638391e-06 -5.8186163054127e-07 2.707350667187812e-08 1.238643576409955 0.13809804687051294 2.172682311217428 1.0318133315944378 1.6960424628958493 0.35686151440329167 nan 0 -0.12636662590265213 5.369540519696837 0.174509681215064 0.1803853745547538 5.071087679323704
2460574.597454844 9 17 0 432.36219435322874 299.1244670815879 962.9097145418423 243.65907554086613 -0.02466038490096794 0.007115483341403672 -1.1191905577104525e-05 5.8536544918730925e-06 17209.926235233932 0.008287095359709656 0.051143126222072025 1.8593442462883657e-05 -6.06113024787134e-07 3.0228520693379706e-08 1.0014579228292788 0.181075649113066 2.3519940951090104 0.7555209194237786 1.417036210291761 0.4063861044049284 nan 0 nan 0 0.12994231973480144 0.286171684734145 5.415544218790816
2460574.597454844 9 18 0 5.336454819615451 276.36413561845296 984.8212458847477 46.165742410494516 0.007292932741699815 0.0026386596576102057 -5.7934116025568356e-05 6.161549533772066e-06 17503.1887963087 0.009598295902232096 0.05811756700748663 9.424462842494572e-06 -5.702480810653568e-07 2.3159454830719964e-08 1.6185512199115175 0.2548545412844869 1.6524407740448486 0.13179369435656524 0.8032101376532962 0.595345559667256 nan 0 nan 0 -0.054586105143697085 0.044533023481045694 5.984013526836078
2460574.597454844 9 19 0 67.3175359872612 255.87217772052446 1016.3501209450995 14.961477274784034 -0.008895137101865331 0.0027319590270547625 2.175765455504716e-06 5.567702937075764e-06 17628.030473522427 0.0072191601386308235 0.05550297075200668 1.471765161800125e-05 -6.615648805232878e-07 3.51056339653273e-08 1.6724448091089275 0.17401637962289207 2.0827678297402716 0.06880703018094975 2.2546663375631697 0.6262561298899567 nan 0 nan 0 -0.008770903444805456 0.014566549499983162 5.944074154065642

2460574.597454844 10 4 0 47.399514311696045 201.81146477738616 3448.4042641144356 22068.407265658447 -0.08727389610860595 0.5588415870718613 -8.361123139677545e-05 0.0005341570603816013 15247.908700418518 0.010256495499784204 0.048189569797119206 9.577210062995413e-06 -4.4216601689820146e-07 1.9083768278736768e-08 0.2916852212667691 0.22889901803257176 0.5919981652024158 3.8647769902629694 nan 0 nan 0 0.012484531867041529 0.5301079056030926 -0.6570331819375261 2.195027312792324 4.732145636637182
2460574.597454844 10 7 0 19.815993671690194 306.10076580314455 997.555599095154 94.3617880385707 0.0026245923657182116 0.002148300005453034 -2.8054926029594605e-05 5.034471352747315e-06 15671.410966343243 0.010466223050191365 0.049497519818711824 1.7642851468348277e-05 -5.510783501943772e-07 1.8488751529373617e-08 0.844052077904038 0.10561074641387502 7.879523048169225 2.2618655133466516 nan 0 nan 0 1.8280184463389042 0.2548938856527774 0.29292836831220115 0.12255699251310767 4.299693301285527
2460574.597454844 10 8 0 239.54140198133948 235.31557999661175 1062.9995981653801 79.22128262007375 0.007188896531548734 0.00239841881743741 -1.0999875134205309e-06 4.994223693975176e-06 15777.239798485347 0.0025200493230643304 0.04699266263715482 3.6020037533545535e-06 -5.85878992557236e-07 6.787472338138232e-09 1.1448649770311028 0.07341096688081956 0.10301116396806376 2.8914039891661316 nan 0 nan 0 1.503162832271785 0.16769145535434055 0.06745454204918537 0.07996304369180107 4.871985461783947
2460574.597454844 10 9 0 -142.59147334954739 317.10945682480184 958.5591291250348 58.97054568505729 -0.0039685508799298065 0.0022241828106071173 1.6311964920795634e-06 4.384525165386341e-06 16004.547581496534 0.0030303302146992344 0.0532702499176029 1.3250300069865752e-05 -5.116192051877945e-07 1.8029474192044965e-08 1.0969691077430028 0.07251162587591681 4.866919073515336 2.090787106977227 nan 0 nan 0 1.5268750399485347 0.14535792712928144 0.07342121366321708 0.0666059421709339 4.946441814855987
2460574.597454844 10 10 0 -354.87923657877843 241.76741761062016 1204.18261328244 73.7555391145779 -0.013620280023517234 0.002520425387496176 -3.07436442866266e-05 5.198619690573264e-06 16118.974103132476 0.00267987976098721 0.050867059832323695 7.117922357662917e-06 -5.701518125858758e-07 1.0564139284861176e-08 0.9968087630730398 0.07276164176772393 0.5051616359065079 2.409987827976464 0.6326539096337065 8.399318175213105 nan 0 1.5681666834850758 0.14577588720814386 0.1020216617633178 0.06793643082955114 4.339227469073968
2460574.597454844 10 12 0 146.2158627841671 250.68232013009057 1302.6992828110724 163.96263291686256 0.00552682167692798 0.002726721083920943 -1.1036170420221867e-05 5.64434997842974e-06 16475.05380136825 0.0050335258469793595 0.054807744500224874 5.658319256994968e-06 -5.457230309679478e-07 1.2908272683868939e-08 1.121375663869584 0.09468833290017065 2.219838282211979 0.739686278518255 1.1256019698748854 0.1967861232532867 nan 0 1.3479102354736368 0.18665807424814804 -0.1420219216982048 0.10813880468158407 4.553742266542588
2460574.597454844 10 13 0 -347.98734320218523 252.80982059219497 1923.0549138631952 1761.3536352659628 0.020728776882228364 0.01956036273225238 -7.379002183663395e-05 6.80835315984769e-05 16592.687648987154 0.01046744522304013 0.052329790879732455 1.1254370396959012e-05 -6.201561512184925e-07 3.436756686864451e-08 1.0363448438293232 0.14348796000359784 2.128770475788712 2.011724555803644 0.9937437909447598 1.029985634222147 nan 0 1.1673653125936074 1.2712463277218526 -0.21586279112938989 0.7183769126858502 3.8101849854843195
2460574.597454844 10 14 0 -793.193446188947 309.6483229975949 1366.728923607454 242.76215174682625 0.004590954309119692 0.0031994018730467258 -2.6017930343610214e-05 8.242104967754815e-06 16704.634951487988 0.01721394955072931 0.04971124315376315 7.238062537510701e-06 -5.760250486896254e-07 2.573769214297382e-08 1.329493341660713 0.12461833178679506 0.9793755054884248 0.7283533793420535 1.3246349392433963 0.3037999583421784 nan 0 5.1613300889660945 4.152296591133727 -0.03688381425415281 0.17116824585610102 4.4971482879489395
2460574.597454844 10 17 0 253.1549993555892 274.3011728248522 761.561470069372 116.65405828322328 0.00018077559239811642 0.0017722646227635308 2.1254581662334633e-06 3.459144138006558e-06 17210.202834238866 0.008666225700187274 0.05116423533911988 1.6932498706594443e-05 -6.773800336942122e-07 2.7947425172464013e-08 1.0587986384477108 0.1707608390185173 4.147388890069997 0.8900877341128843 2.1625716097827863 0.4270824616354512 nan 0 nan 0 0.6686370665855212 0.25596679599214667 4.726515412656458
2460574.597454844 10 18 0 -128.42235169495615 163.8415326332008 953.6552092165101 23.189921993382317 0.007961942425173573 0.002198486160083044 -1.3205301141585455e-05 4.618522037139936e-06 17503.4991603435 0.0075981345410354355 0.05812431810102844 7.45677383193799e-06 -5.73429674065697e-07 1.8069093617005984e-08 0.676023236721645 0.16484372503960226 2.2560408865553288 0.09579613602899992 2.2703647051476263 0.513471815224212 nan 0 nan 0 0.07097898124227361 0.026088015990745214 5.102301427285649
2460574.597454844 10 19 0 77.44785156604891 216.48128676033775 1179.0515501626924 14.688390847106692 -0.014282486132010514 0.0027494052583611644 4.051790511031044e-06 5.623525950160261e-06 17628.377410788456 0.006102144801501556 0.05550473933149612 1.2675767650135352e-05 -5.889445989279849e-07 3.093490192804406e-08 1.6427431799291674 0.13695233417728975 2.252482084880704 0.06212674709216829 -0.4355066238128501 0.5427849889977719 nan 0 nan 0 0.031018920522035684 0.012824822651857741 5.140097832827858

2460574.6124113402 11 4 0 -450.7481185362159 inf 1128.6275592627508 inf -0.036803723530264114 inf 1.3508269504638153e-05 inf 15247.837878566785 inf 0.048168108331747665 inf -5.151693119922074e-07 inf 0.0029559027336376886 inf 2.348909252219481 inf nan 0 nan 0 0.8974767727874622 inf -0.02209529752886501 inf 4.916205987988132
2460574.6124113402 11 7 0 178.85845926684436 300.23881442536697 836.6006278016953 66.67223630411017 -0.0071322362648872616 0.0022082385092606423 -1.8629533501422406e-05 4.128044337462665e-06 15671.365948460205 0.010346097054940455 0.04950319421678894 1.7394882542033123e-05 -5.896209980371947e-07 1.825612816893336e-08 0.6964957170811131 0.11780811120853778 -0.01635933745409568 2.486198106600003 nan 0 nan 0 2.331480953536108 0.28892185276046844 0.42375190966349124 0.11375477713670971 4.674263848531507
2460574.6124113402 11 8 0 1644.3366945110095 236.62714142312333 924.3655042297783 66.10056289966043 0.0003733659063723792 0.0021675735521592557 -1.8409616504933377e-06 4.6536003686813544e-06 15777.15932317308 0.0026582752185228997 0.046980102313848554 3.728225193177212e-06 -5.873049391159699e-07 7.049475039928567e-09 1.1086520283692056 0.08073180185877432 4.20418374468959 3.208959232508924 nan 0 nan 0 1.6493767244072857 0.180936864496658 0.08815986882066663 0.07827569794175304 5.252650799622581
2460574.6124113402 11 9 0 -632.354890995989 330.68751034091963 979.0869611785595 69.74750335539181 0.00680155873916306 0.0023349386896501603 -1.833419103512408e-05 4.758764950264678e-06 16004.497273617852 0.0031660166250584254 0.05325672044886447 1.4052988618199315e-05 -5.100335794640032e-07 1.8946047335724673e-08 1.0830073633909665 0.07311902082936493 1.6805777616957163 1.991813287711745 nan 0 nan 0 1.357274702804195 0.1447741167536551 -0.011868501862586481 0.07095550979525901 5.257411076124295
2460574.6124113402 11 10 0 113.90647417771943 271.6423640241777 1207.553725550736 87.81763133875474 -0.01895866732334498 0.0028602424125468836 -1.802109791457437e-05 5.3359929282095695e-06 16118.897262313892 0.0028745937135992937 0.05086053201475526 7.82367867727968e-06 -5.693177563184352e-07 1.139395124122437e-08 1.0654507786720808 0.07471883643174983 2.165175938164567 2.400330779007783 15.552139267194788 8.559594850637504 nan 0 1.4232091934199331 0.1526711017052847 0.021371521653346714 0.07472447243627611 4.614915517663793
2460574.6124113402 11 12 0 613.4958686017671 291.38852032910336 1244.683393512699 166.42619556934739 0.025464880499489036 0.0043248067308284295 -1.4325216089355239e-05 5.863827350621132e-06 16474.926075812542 0.0055214293073560464 0.054783967880041376 6.3018532478500764e-06 -5.392200049198674e-07 1.4234885908551894e-08 1.2398705898284144 0.10398800876091717 3.210030626886782 0.8763359568863488 1.1774137300956802 0.2208671796438553 nan 0 1.4895106309907788 0.21850970708751205 -0.12004956680269661 0.11782828796933517 4.864264553729761
2460574.6124113402 11 13 0 -531.6738174721104 233.0856420614643 1019.2650573126102 391.521808233011 0.0010329725176023619 0.0019417431481231642 -1.783219982614952e-05 7.92222983837434e-06 16592.560177115174 0.010251639762362088 0.05232018904826015 1.1239219713724967e-05 -6.276834500160055e-07 3.311073113627293e-08 0.8429396789902062 0.15177087763467206 2.530059401890837 1.2534473555261816 1.8733684477726207 0.9190693413802592 nan 0 0.8252906191205682 1.3049533150446941 0.4060627123419005 0.5403750553122558 4.023613677649578
2460574.6124113402 11 14 0 454.58411195215916 303.3226541277322 1295.6298807750009 218.54066983645296 -0.0029244725706356715 0.002926411927182755 -2.918553633105678e-05 8.409140166739564e-06 16704.464305034457 0.016583224805912487 0.04968491288801705 7.402197233142804e-06 -5.868919341094717e-07 2.4887752594300922e-08 1.267046991028682 0.12350962176804134 1.965922030964987 0.8421152279105657 1.4111745528470416 0.3125349684605879 nan 0 5.0862531398167095 4.296031345548281 -0.002159915837789699 0.16841065068374314 4.717889728061468
2460574.6124113402 11 17 0 -271.84234897863115 294.60717368275266 717.554539869098 99.6070120017172 -0.017110717822038952 0.0030779244689450196 -2.4649261051474185e-06 3.2368921245534756e-06 17210.008006912998 0.008839300290411446 0.051142158329955396 1.798953960228165e-05 -6.291034209528864e-07 2.8887268211314476e-08 1.1608047075567614 0.1805042758684012 4.429189949449315 0.8735466102499736 2.2147487663449366 0.4124788081307476 nan 0 nan 0 0.7117365216539515 0.2379281273528785 4.673045075822228
2460574.6124113402 11 18 0 64.85178247049576 237.6430085615718 1039.5861560603291 31.093045664766667 0.013279224716580797 0.0024286373060270444 -4.946589097087591e-05 5.2588901752989215e-06 17503.122367597836 0.008215640017697465 0.05811589935958056 8.202018472237346e-06 -5.714762326546735e-07 1.9839845761099755e-08 1.4045358349805488 0.21319411765889457 1.9924199293538314 0.10793059596385494 1.2584471161593098 0.531841027175417 nan 0 nan 0 -0.0001659422137023352 0.0300278532509633 5.180253475346648
2460574.6124113402 11 19 0 272.0370215534777 223.05287452851084 1144.1592914800656 13.963237719097044 -0.011523829817631765 0.002671711908447764 -1.0011155453861494e-05 5.439958823344386e-06 17628.13980572979 0.006058590616798348 0.055477322680465985 1.2831017546091514e-05 -6.09959407920985e-07 3.07274289070968e-08 1.7080200378233485 0.13889407822029812 2.3136904312588933 0.06293422089399736 2.0279200687035073 0.5568169772514803 nan 0 nan 0 0.009621043451862368 0.012287433446724994 5.214246609029475

2460574.6124113402 12 4 0 375.61358881250743 216.9055959885965 831.5094279909628 2084.3725726764096 -0.02440727273164262 0.06126856884434161 -3.4667314906106734e-06 9.243529156763652e-06 15248.280574165978 0.010945848384206968 0.048173791597771284 1.0372326631696584e-05 -5.180249477591202e-07 2.0595506159534218e-08 0.3741349956711471 0.21631056592239753 1.5701836527717783 4.146951209507149 nan 0 nan 0 -0.3668964513213556 1.686493720553654 -0.08880011144330638 2.2846111818202477 4.688020329622964
2460574.6124113402 12 7 0 -72.62622315615235 361.64715382768725 1409.4005562207592 263.08242990362066 -0.002199688296849328 0.0031575844404096057 -2.992170253449483e-05 8.245012612915922e-06 15671.476851822288 0.011803611113991076 0.049504572038010015 2.0615430453922593e-05 -5.300318637830189e-07 2.0811326397560884e-08 1.0058192778733366 0.10299914022690491 -0.020615574637190603 1.4286255710014568 nan 0 nan 0 1.1238439082881517 0.2648211324912583 -0.10281565491118451 0.16766304391673462 4.188532751500016
2460574.6124113402 12 8 0 1316.7130231586925 211.70834651170497 1199.995582437633 83.68473505566213 0.00847146953628481 0.0025086283491581557 3.642619951216748e-06 5.217770420375173e-06 15777.237253057136 0.0022718581625358596 0.04699467339940494 3.228696334596289e-06 -5.799907448205561e-07 6.087153171793765e-09 1.0931165305702206 0.06605135391913636 0.31917271906819145 2.6081330723228984 nan 0 nan 0 1.429607200338126 0.14760503298324346 0.04442762344000251 0.07320177639907893 4.495108479492318
2460574.6124113402 12 9 0 -867.4690751681595 291.4447071703358 905.1804697143484 51.25393857250377 -0.0028263218150663162 0.002018780179001395 1.2947203157045148e-06 3.996764387780834e-06 16004.446307760118 0.002847096200259482 0.05328944978328902 1.2326740025594587e-05 -5.383518322018112e-07 1.6806483853282618e-08 1.054206115652364 0.0736562166991575 8.117552496439048 2.226948931487023 nan 0 nan 0 1.746916374255833 0.15631286200876618 0.14216372826000165 0.06529090179655135 4.7349305098804795
2460574.6124113402 12 10 0 -158.73424867258316 255.57038807014703 1153.2069297240814 68.30977268598807 -0.022440414392803313 0.002561347273739345 -1.9804021416926604e-05 4.691131835519213e-06 16118.996124983281 0.00275642872384606 0.05088502210066703 7.124412816576884e-06 -5.61122211634083e-07 1.0636148295718883e-08 1.1048823046750391 0.07500473324416762 3.3426693588118663 2.4831960069944445 0.1499199161534437 8.652661870542767 nan 0 1.772278372053518 0.16099706728563054 0.15255858940750525 0.06873359804993058 4.175328984364616
2460574.6124113402 12 12 0 575.2677199059626 266.19337758136095 1139.958830363904 127.96080867362959 0.011740313132316854 0.002581582618884305 -3.014831054705706e-05 5.732459190322259e-06 16475.04272755916 0.005384227165576581 0.05481762552181831 6.455526497157651e-06 -5.490260854016171e-07 1.400751195377069e-08 1.2332607968679685 0.10508601168896531 1.6724953030852978 0.8210257917369768 1.4821501762528113 0.2463621520875191 nan 0 1.5457399747436806 0.19823400529083457 0.03300743488313042 0.11616913138539067 4.419119888882531
2460574.6124113402 12 13 0 -40.59568877273992 229.8790872666709 1145.611464838519 382.33467365103166 0.007827651911999323 0.003415714970156898 -3.557884710390981e-05 1.2679298091878962e-05 16592.678861194065 0.009426465693015276 0.0523309611382369 1.0424627967383267e-05 -6.061011335422692e-07 3.091759922273858e-08 0.8863729666913938 0.14051431126504488 2.4378831754276926 1.079272475903753 1.9572284046481805 0.8391859911630193 nan 0 2.9422118382004188 1.518918299494244 0.31552078015162077 0.43927075815112854 3.8699884717935
2460574.6124113402 12 14 0 654.0700248452304 305.51075174692915 1474.7555135693167 236.39001721369434 0.011162818124133021 0.0036830660011963447 -2.3673953819959788e-05 7.706345792653589e-06 16704.69228921397 0.016273032092594522 0.049699967104292406 6.955765541455169e-06 -6.027112103769812e-07 2.4535198101548555e-08 1.4334498421653463 0.12130216972225064 1.9773738974363189 0.7733901181231458 1.4394276302157505 0.30054456641464206 nan 0 0.0712725754366692 3.999453090631983 0.011800767332534238 0.1622852547645311 4.1117125102828975
2460574.6124113402 12 17 0 219.9472938761008 324.2113240030292 833.2523517839924 143.39962238214255 0.0054012943972236984 0.0019920157948489993 1.4161232920691056e-05 4.3238294191328555e-06 17210.17912501645 0.009440936802557916 0.05113419070741268 1.9325620384849824e-05 -5.98551763627914e-07 3.1222207806504224e-08 1.3800165578376271 0.18529901260623124 3.745000494271249 0.8738603250437877 2.227659195226657 0.46236417910808647 nan 0 nan 0 0.5540774007092585 0.26775158990605236 4.600902622495458
2460574.6124113402 12 18 0 349.6112398381778 230.32673541237887 1030.3183529054231 33.89644239638011 0.002670398510450594 0.0023213008904867773 -3.286965039596102e-05 5.003954904735756e-06 17503.502719525153 0.009339692332903373 0.05814077434244214 8.383377093737347e-06 -5.559082771972994e-07 2.1465255466103718e-08 1.3142678181329455 0.20697969852782658 2.091303876361992 0.11572530150150806 1.3840176921399816 0.5261761199484757 nan 0 nan 0 0.032350708933538065 0.03407103223466301 5.033044654826355
2460574.6124113402 12 19 0 -25.931746163917733 250.45107513690502 1189.1140478275063 15.323358526593925 -0.009450139645162715 0.0028482747089803038 -4.180328395197967e-06 5.8208488485790245e-06 17628.28343130369 0.0073553034518118315 0.0555029520617311 1.4712162462758694e-05 -6.001820261817013e-07 3.626751114079681e-08 2.0636699590672274 0.21401446299910162 2.353110303052103 0.07114683128969222 1.4138736287608742 0.5944214396303379 nan 0 nan 0 0.02335849021276556 0.013161004153158556 5.235919123325994

2460584.577590252 13 4 0 -638.1982931158218 245.77531514015854 793.4087281076869 2852.0887809875894 -0.02358567985848078 0.08489449857540596 2.082659626517017e-05 7.538648698387769e-05 15247.813414435748 0.01209894937053744 0.04818075973622899 1.1430887181773132e-05 -5.527947014774065e-07 2.1818302917611694e-08 0.022172453533201717 87.96103390194861 1.4201415858716666 5.355718270651408 nan 0 nan 0 -0.005274895946686578 1.7253768626937658 -0.17288675117248412 2.973810898408833 6.52359497477134
2460584.577590252 13 7 0 100.66579424781636 549.5947444735822 641.5783714199148 106.82762020493556 -0.00201373865474721 0.0022094455681890388 -1.7000774251256768e-07 3.9600987250819275e-06 15671.484182357206 0.017290700621455355 0.049485215043747914 3.0915686263038324e-05 -5.482813252992617e-07 3.008785455640417e-08 1.0157951738958801 0.147979741715456 1.7368839062387504 2.654321345047067 nan 0 nan 0 1.5560951638271376 0.36435126187649075 0.09442476205862184 0.1825886118495269 6.347188139167765
2460584.577590252 13 8 0 -182.57579530286856 277.1654904946245 624.8067696472951 57.04170453465563 -0.0020145547423550815 0.00181455918204275 -7.282365377394952e-06 3.9598462614601945e-06 15777.178146885533 0.0033148866745192395 0.04697987302868749 4.702637179922036e-06 -5.804172610916133e-07 8.863191416718517e-09 1.033186675217955 0.09982018811575215 -0.03683793401348345 4.069541093025462 nan 0 nan 0 1.5879852948591624 0.22135805116674104 0.13008442450687926 0.10375375069889452 6.534707306076966
2460584.577590252 13 9 0 70.00037119700042 406.02413199193063 485.5612700871982 37.35198932216032 0.01325826778044207 0.0017961451389561828 -8.558039719089132e-06 3.238463779956632e-06 16004.473375523668 0.004200308093587149 0.0532552063182933 1.7980480223837086e-05 -5.197536883825268e-07 2.4523398654284087e-08 0.9479283915605267 0.10969467751793098 0.03987347552983134 3.194570623458856 nan 0 nan 0 1.7103942180421217 0.2119436382606354 0.1712630366333445 0.09095877828137897 7.269400694336629
2460584.577590252 13 10 0 539.3762004247202 342.3237459570897 573.6366723917324 38.69479635268837 -0.01241835803490626 0.0018177925255103886 -4.033957752786503e-06 3.351438197184541e-06 16118.9182297505 0.003910817881309104 0.050870299615893996 9.720085355896813e-06 -5.385749050241671e-07 1.493115365986297e-08 0.9917543088239399 0.11466228129961403 0.5746264706609343 3.987160445059743 21.265572873555293 14.26515729245703 nan 0 2.048061076438529 0.2261693111165674 0.26978730062791384 0.08631401481241799 6.203301963512222
2460584.577590252 13 12 0 527.6107627412541 375.0920891053776 740.9838177563805 135.6653454910231 0.036572199254471 0.007020925574290716 -1.9282238207115602e-05 5.5890687374512305e-06 16474.937065824135 0.007585380565651679 0.054790335751945946 8.727599409258991e-06 -5.345962592158549e-07 1.9842045876022158e-08 1.196427711355832 0.14789178458687574 3.289627471802832 1.1832894056139767 1.1678464495268166 0.29970739224495685 nan 0 1.1729166382687555 0.24033677930850952 -0.09796386376148829 0.16538219972028742 6.42536569182964
2460584.577590252 13 13 0 -819.2213733171322 352.7068298941131 877.6325586839224 520.7138052203578 0.0066449544405275006 0.004594471749399584 -2.9248513283057508e-05 1.7947209832229696e-05 16592.56909595695 0.01399962945418749 0.05232410268701383 1.463356970627664e-05 -5.592452127710564e-07 4.635125053986796e-08 1.0544551916064198 0.19349970007935502 2.7908884072351294 1.8026989903281658 1.370682453212814 0.990006431345619 nan 0 1.440319931748925 1.4469765320949193 -0.0490563332370289 0.5644464174785182 5.328337223140176
2460584.577590252 13 14 0 885.8632588120638 312.61071336350926 743.581281392769 130.15714831698455 0.003029092370631324 0.002212045846402302 -2.1009488835494183e-05 6.048241191864423e-06 16704.569508595505 0.018194379509228305 0.04971081718222453 8.439207397633816e-06 -6.115314517724079e-07 2.738989777278093e-08 1.0412519256985133 0.14438582173977335 2.016538854472872 1.1403088012178866 1.64000476569262 0.3946674167101973 nan 0 0.10548568957630677 5.972857866406885 0.16864942995704438 0.2046980675474641 5.753420493393682
2460584.577590252 13 17 0 324.55898743701505 141.96602816530284 460.51454446404153 70.41117229303246 -0.012426672548707685 0.002511238207128101 -5.826593639658636e-06 2.904657372437177e-06 17210.00386400238 0.006842895454512704 0.051095615025912915 9.172497404932756e-06 -5.84772273153962e-07 1.5874162921981406e-08 0.020468589146605654 165.96239380344534 3.252177281319059 0.7124783787387688 1.7950971483762146 0.4066122518112646 nan 0 nan 0 0.5990918563256477 0.24492694992276257 6.26526529465289
2460584.577590252 13 18 0 96.45288516910888 145.0692519012067 581.7940511146293 17.354036564669478 0.01529606480417318 0.001894483632079673 -3.991593917926857e-05 4.0439870041744e-06 17503.157792778467 0.006938362892665729 0.05809758048343943 7.0555175677881145e-06 -5.852889688172434e-07 1.433979852742778e-08 -0.059332838262650844 0.19783623679528486 1.8927808341291137 0.10888249107149564 2.731410628521998 0.6951618350879346 nan 0 nan 0 0.07314044120767442 0.0321518300644592 7.225349295470725
2460584.577590252 13 19 0 63.93597328125744 281.6020501268783 673.9287425695898 13.307377430788028 -0.008259562986463713 0.0022127123023944067 -1.9619640273806582e-05 4.524825878459843e-06 17628.08999298571 0.008988608299151392 0.05546407979158336 1.7293841940078438e-05 -5.859281949320695e-07 4.1939007238242245e-08 1.402056379070212 0.18019208977639173 1.8113206137316664 0.0769682614102163 1.6562700055831499 0.7432070639878471 nan 0 nan 0 0.00980967692684581 0.019937299949236535 7.341329233796273

2460584.577590252 14 4 0 -123.88191543248624 238.5021033655589 1201.968083947266 3419.8923421990576 -0.0010500992768380853 0.004027239290327585 -2.1168294861127357e-05 6.008626115259364e-05 15247.972033774353 0.011566083862403922 0.04816346364131215 1.1404191434257138e-05 -5.76655740485496e-07 2.267717595255344e-08 0.6284020993814522 0.187788097486116 1.4001837306717004 4.168954092501918 nan 0 nan 0 0.5364111262509038 1.962503044626918 -0.1851247514344239 2.3189278995645526 4.404395255332883
2460584.577590252 14 7 0 370.1908324449571 391.26854936467106 939.1024838537287 93.52001223322334 0.018740081784458965 0.0023158347857865475 -1.2424052966121443e-05 3.864887232658694e-06 15671.458133481816 0.011773760719670264 0.04950319420934826 2.2246249609508468e-05 -5.692438038628394e-07 2.1253567423633292e-08 1.2408965610721887 0.09847158153465652 2.8962800860978075 1.8896221233486585 nan 0 nan 0 1.876981752627856 0.2698341415314875 0.21699233020922723 0.1214674442063708 3.920327122311921
2460584.577590252 14 8 0 -153.46611242396423 225.07028540079503 1027.287753378093 71.96794832069652 0.013645595667072397 0.002353588854724204 2.919295827868328e-06 4.529792362595297e-06 15777.283314882061 0.002357177465756925 0.04700308525211442 3.3841529363368223e-06 -5.712199677219034e-07 6.397326468481877e-09 1.1992562507384201 0.06777721573440226 0.8536134647377979 2.632761587525179 nan 0 nan 0 1.491032770204128 0.15562899772213507 0.032028074609729035 0.07267270025000687 4.5760874989247675
2460584.577590252 14 9 0 650.082139352725 322.6900489522191 961.6622696112171 67.75919407070016 0.011329522383543556 0.0020375158301970736 5.876647700560549e-06 4.057388756693942e-06 16004.608647480329 0.002977175446713495 0.05324736433337712 1.3289539885041325e-05 -4.963422240648491e-07 1.7870137426802973e-08 1.2418140860070979 0.0646300723791835 2.8698308950729814 1.612741804475265 nan 0 nan 0 1.2970099359356078 0.13403038216219973 -0.03779690123606203 0.06830235234130763 4.476696554636624
2460584.577590252 14 10 0 285.0688101439541 255.78100881212634 1233.9834466204723 88.35133428706585 -0.004067501956155221 0.0022431744700237197 -3.182686086763871e-05 4.998316203155163e-06 16119.051582003578 0.0026610460065798246 0.05086440654065522 7.321829793147913e-06 -5.726480932417712e-07 1.0799619489559216e-08 1.2294023945264707 0.0657297584241902 4.183981224583055 2.0329775383319193 0.21823707504068235 6.99169204136159 nan 0 1.3855845286075037 0.1432854181197994 -0.00040318465636406776 0.07196897135362658 3.8974471279754246
2460584.577590252 14 12 0 -81.1650432109743 207.70388998927123 957.6877098953846 90.37231560681583 0.020456042446180572 0.0025563780174121093 -1.6238354206966742e-05 3.881441445033534e-06 16475.094525713543 0.0051444703741466945 0.05480333660130737 5.565011265723607e-06 -5.165127528887914e-07 1.2478626513345395e-08 1.0176694387971315 0.0933870392203658 3.436755176025967 0.8808555809419443 1.6362373419537948 0.23695314938790266 nan 0 1.794999107862342 0.197499025790098 0.13661957692353194 0.10749053303393247 4.0426790962528925
2460584.577590252 14 13 0 -397.01814506294147 280.7036037679697 1667.7987982394 1156.300662347778 0.04463640820918204 0.0312610262316921 -6.577222628251132e-05 4.6032528952236947e-05 16592.749922739058 0.011885692281349645 0.05234410717812327 1.3362473408810368e-05 -6.684443854087767e-07 3.938412789393592e-08 1.3477772471910294 0.15476952239072422 1.413744044336702 1.069314706587897 1.1407854684078766 0.912451614525209 nan 0 0.8727196855815763 0.9783123004798862 -0.1025708970113391 0.6223597389826077 3.4635800933112115
2460584.577590252 14 14 0 -350.63510004733797 301.27503963021167 1065.678201341229 151.3661499100967 0.015986044464659017 0.0032929688155523373 -1.9943472064506255e-05 5.371809581481923e-06 16704.67344907107 0.015880963488434055 0.04970644874000799 7.076470388877521e-06 -6.017903796367344e-07 2.4595382187235064e-08 1.529764441807547 0.12322667767397763 1.0965739809269748 0.8321882296872015 1.9834271114753035 0.3790253830268389 nan 0 0.2396583209792966 4.81169844702975 0.25145135566103105 0.1779264843599656 3.8777794774310967
2460584.577590252 14 17 0 109.85995016314165 213.24943083169205 1166.153705622799 268.89753955345253 0.014602471917877774 0.003678774072712386 4.8107278407512985e-06 4.3021089966220405e-06 17210.246731135885 0.006605466198423723 0.05113064283078957 1.3521476362055331e-05 -5.849500062887927e-07 2.2765461529254767e-08 1.0312351720020705 0.13172770999170128 2.0436505788518855 0.5765280316566644 1.3260670164674462 0.33583791855808404 nan 0 nan 0 0.11894382162781246 0.2582087792379732 3.74879615161516
2460584.577590252 14 18 0 -55.650812186650086 130.30717596895224 1003.7903541089933 25.023270918566137 0.018689368475641312 0.0019269104079745914 -7.75475276472837e-06 3.931417453604548e-06 17503.561572537248 0.005804832226325926 0.05812922430122729 5.655673515142406e-06 -5.736354478988512e-07 1.3516929239797147e-08 0.7033968232723469 0.13733687104619677 1.8353660660756748 0.07823655714459915 1.3412414112884767 0.40231305511074605 nan 0 nan 0 0.04490195753143839 0.026156611876571922 4.144038248878911
2460584.577590252 14 19 0 314.12063626585496 191.6280009938537 1250.0674009552404 14.84084254824982 0.0048096534081960044 0.002415474130866189 -6.8841717451424375e-06 4.971283496706657e-06 17628.434787583363 0.005786736683387883 0.055494896108071026 1.137897178763679e-05 -5.550918311273124e-07 2.7755461618409134e-08 1.781950304236305 0.15306003089490122 1.7909398626730215 0.04814481194164688 1.5902272733612524 0.4540147249981391 nan 0 nan 0 0.006120905855208074 0.011949166711558469 4.2803040980921105

2460596.533811509 15 4 0 275.0699906197834 338.7563803595882 1366.5179501071177 2147.940145651213 0.012222787404403824 0.01939948240338521 -8.856053176553622e-05 0.00013886410144165677 15247.859781669998 0.013247896425809135 0.04816573004513046 1.660074342467233e-05 -4.345471445534596e-07 3.280487223067913e-08 1.4971688699635706 0.27748901406166787 2.709645696944616 4.607153265325379 nan 0 nan 0 6.04948937974574 9.811856561512073 0.1377760550229802 1.7890222712836616 4.420836690918352
2460596.533811509 15 7 0 92.52853401825297 274.0038732514701 1648.604501012598 187.24545481958413 0.00600809428521439 0.0025406729774034814 -2.7800528817710858e-05 6.102694781779459e-06 15671.235466765616 0.008540910664218436 0.049492955195392214 1.5626168092863816e-05 -5.676904289556844e-07 1.4543387149581649e-08 1.0227679808277519 0.06780387243692731 -0.014775194188313356 1.0697914124507153 nan 0 nan 0 1.199364634374158 0.17808488287747096 -0.09500036887104349 0.1029353518727638 3.1184061371118137
2460596.533811509 15 8 0 355.3802691863666 154.25014300210975 1522.2069760911752 95.63082428240871 -0.005804368252221481 0.002412286811620136 4.323898385362949e-06 5.190843400957048e-06 15777.185825113922 0.0018266967161836036 0.04697757922187462 2.5734823153969157e-06 -5.895546153331961e-07 4.80948574665571e-09 1.0572837903061085 0.054725796051689604 1.9674182396223507 1.97287772560442 nan 0 nan 0 1.3638131287537314 0.12362576753532624 0.008450387423624264 0.0636532383429167 3.519416020605641
2460596.533811509 15 9 0 -218.26990923487008 179.567267273617 1286.869685996393 63.23699821373914 0.013835350268093507 0.002070849178405396 -1.0312392230067231e-05 4.122196739414416e-06 16004.51611662223 0.0019401426015986127 0.05327014733990358 8.174089908328117e-06 -5.346883825822721e-07 1.1104643677978683e-08 0.8534437651268344 0.05462602837091465 0.5931097155328211 1.3644738464942023 nan 0 nan 0 1.4886921616706794 0.10987523169172651 0.08462380490568523 0.053750309444685784 3.4843417365054807
2460596.533811509 15 10 0 -256.7458128149999 164.27120683542267 1713.581859702314 97.125100761494 -0.04331595388784481 0.0032573440684493566 -6.310781638537993e-05 5.8704624757532345e-06 16118.927780245302 0.0019044966200686608 0.05086429750690005 5.0972933645359656e-06 -5.513353625691265e-07 7.544463742881152e-09 0.9934644243527884 0.05808958305960467 2.60852855092457 1.6259547408035833 8.525443386210943 5.73278354017958 nan 0 1.4719998038837767 0.12031088880920962 0.07306858028264672 0.06116522717562928 2.960943572143102
2460596.533811509 15 12 0 231.91351120545096 175.88606341840907 1968.32529622476 270.32849335883606 0.035877723215328824 0.005556668964650659 -3.582350364745634e-05 7.411620414829825e-06 16474.965545495306 0.004030330580587043 0.054787998547473155 4.531021528871709e-06 -5.44626291771127e-07 9.87227005204025e-09 1.1524744304136172 0.07446348518435832 2.5506307146351226 0.5820461519483584 1.047169872311064 0.19006820126675347 nan 0 1.2397548503151437 0.1824699164003286 -0.16710769012342677 0.11453544959936345 3.08083812902692
2460596.533811509 15 13 0 -141.72272186943567 201.4472477290151 2357.8077857475696 1578.7077837200327 -0.010478670752168122 0.007308839776368696 -6.708939035462316e-05 4.545563150950159e-05 16592.5845483938 0.00894352050044457 0.05232214301492567 1.0218960163289797e-05 -5.71930274207638e-07 2.826625104408322e-08 1.1404905854618912 0.13586268983151917 1.4231520886050324 1.0149894125373466 1.1587408539438147 0.8856977762400736 nan 0 1.1794995901402692 0.9845175774102453 -0.08305229429317525 0.6141044375600817 2.700782023067054
2460596.533811509 15 14 0 -511.8656982469725 209.65017290749157 2186.355974586854 439.7180206409086 0.0017411889861364787 0.0032575302495951703 -5.844519244003261e-05 1.4254227343487556e-05 16704.518733263507 0.011927422184166635 0.049671639850352216 6.061188354616251e-06 -6.373837399637749e-07 1.829386404946857e-08 1.3379045234284233 0.09232348001170376 1.7037773439807375 0.5626582825904126 1.111992461598297 0.27045487047469907 nan 0 2.942368767316105 2.506279340185266 -0.10250272753389589 0.18057535832239152 2.9595731566694585
2460596.533811509 15 17 0 140.60758246738547 232.7520539910544 1089.088306875372 176.79740184990288 -0.021413123731982647 0.004149881398613456 -7.784034581121915e-06 3.591803509707541e-06 17210.029125118006 0.007213376686441584 0.05112393943955341 1.3884373800081076e-05 -5.830900004805724e-07 2.2665962687276373e-08 1.4147262908395561 0.14491669573889518 4.0204214391885165 0.8724584995989586 2.170161333089322 0.4139115025779256 nan 0 nan 0 0.7349395550712772 0.2819661407324665 3.181910044315643
2460596.533811509 15 18 0 -148.76549879064564 171.14362308360734 1621.9574124359876 73.88957537765748 0.02429661392256008 0.0026347705973494935 -8.702683678381581e-05 6.464528463698357e-06 17503.13991172816 0.006909317194017614 0.0581089445330413 6.56329546015848e-06 -5.445355806827154e-07 1.7020999045863208e-08 1.7480755245965702 0.17786922955778778 1.773260276065967 0.11574392159398408 1.5389631777701336 0.3527073319153745 nan 0 nan 0 -0.04422640253360824 0.04367704040787513 3.3186657065183716
2460596.533811509 15 19 0 230.49419661807323 171.45641664769178 1701.5011915570065 15.91781324945768 -0.02682862189022038 0.002737509580466679 -3.140702486788908e-05 5.564393040872703e-06 17628.165646985093 0.004872036304395987 0.05547528374050749 1.0265952786434503e-05 -6.029451494460372e-07 2.4100683745587434e-08 2.0608987922296005 0.16639319303722544 2.0956554258585576 0.046501448597689655 2.0031204507974105 0.3998279553365331 nan 0 nan 0 0.0030046469008067848 0.009364845839650675 3.5547485614102805

2460596.533811509 16 4 0 863.4616793113508 497.14387634574376 3441.380232753603 18277.74001807411 0.20172811762314555 1.0708336458423982 -0.0005568397592839288 0.0029565738044849193 15247.956026834878 0.018945360590940336 0.04819108773258268 2.561084454536444e-05 -5.458756330437359e-07 5.007718960377184e-08 2.316011936485767 0.4783890684056026 1.1175078950830362 6.150691385810729 nan 0 nan 0 8.349836028418824 45.02947202274583 -0.4950649138889849 2.68225768493987 5.7486089799415305
2460596.533811509 16 7 0 -198.0370452662405 257.5914667909762 1398.3912108222141 165.46702247724033 0.01702605974714558 0.0024453978217840117 -2.85947233463153e-05 5.349107689540378e-06 15671.43568286919 0.008483533527626359 0.049501496575101445 1.4668723132569171e-05 -5.58999174190595e-07 1.5192638226794507e-08 1.0749694352477954 0.08776316503922747 1.5722851702596807 1.507939106334159 nan 0 nan 0 1.977826662286052 0.31127610538321243 0.3647020508362471 0.1617114133892349 2.8259531590145066
2460596.533811509 16 8 0 -422.30431318284764 131.91946013344995 1812.6616557868654 86.53389786656888 -0.0019850649421051495 0.002584827119873172 1.1099396374327834e-05 5.624721429152038e-06 15777.229593048574 0.001513001979306552 0.04699673261578359 2.1471959899799664e-06 -5.78690210327786e-07 4.023453389594462e-09 0.9844945160660735 0.04559211710308948 0.12899482209926383 1.8091043304779377 nan 0 nan 0 1.422791335223519 0.1006208499448477 0.02968867858214542 0.049414005010529824 3.1975577733460345
2460596.533811509 16 9 0 -616.8937638999782 166.83726058991607 1455.0143103286537 64.2843016535509 -0.006589967795048771 0.002093279356655282 -7.534506662586937e-06 4.060748284403106e-06 16004.549264375537 0.0018065891048300031 0.053311506679444634 7.63793658761928e-06 -5.697244499792153e-07 1.0462937683805366e-08 0.9156356441552282 0.05180811483425548 0.6425452551863441 1.229560197774398 nan 0 nan 0 1.5322941796803962 0.10121399271675982 0.0999016911117034 0.04896978840131985 3.018306075924316
2460596.533811509 16 10 0 -510.31213197390025 157.4062184235882 1906.5139660643574 102.20781169624722 -0.03625582342912162 0.0030180391189031067 -4.599929943280651e-05 5.5369927787238925e-06 16118.979105913664 0.0018046898124145874 0.050876880737098604 4.780143093668401e-06 -5.589044871239325e-07 7.12440559637231e-09 1.0117018228041188 0.055439813340066944 1.4829083327822234 1.5143070811404662 -0.36921469336413004 5.280874823314085 nan 0 1.4859073541132748 0.11474060588433464 0.06903573041813285 0.0576319539963959 2.779566261541732
2460596.533811509 16 12 0 243.396069047915 161.34192433104747 1964.603104019961 220.51870565653567 0.0038667228576128136 0.0025493127560250726 -3.8970439013377756e-05 6.822237559479012e-06 16475.05260294561 0.0037561065932143465 0.054802469523034525 4.396837337490933e-06 -5.394020388729183e-07 9.519913106989913e-09 1.1240287870226569 0.07053048149679701 1.5116317124894294 0.5041773848619552 1.213454484779952 0.18519092722988628 nan 0 1.306769451854774 0.16138084398943364 -0.05621579377272363 0.10608586684797315 2.892593114155627
2460596.533811509 16 13 0 -332.36378897594113 171.28146644888616 3445.0191312346983 2819.528636500272 0.024227000139630264 0.02062492171534492 -0.00011450410467203586 9.431788553774028e-05 16592.67888463424 0.007269898128343302 0.05233417143542837 7.96641760403681e-06 -5.894958409793076e-07 2.3730838953501588e-08 1.0005307861452164 0.11738992429565231 1.1974771037888683 1.0151748590406255 0.8192534849511739 0.7453852136979088 nan 0 1.8518404363392036 1.5791115753697345 -0.30102659411595467 0.572175079110585 2.634450414267663
2460596.533811509 16 14 0 352.444734437142 203.55553287486538 1951.4474822789696 227.51216953124705 0.009950453729773856 0.0031385331825175148 -2.5255206779386204e-05 6.7844919594692005e-06 16704.658080327976 0.011081646790473364 0.04968921057013909 5.532112035974064e-06 -6.21533126876934e-07 1.70120508337913e-08 1.3609364065044889 0.08833292159202852 2.434295490971797 0.6314557733991607 1.6348681189577408 0.24904930591730937 nan 0 1.4179210647868439 3.183458832555544 0.16732437499560066 0.1361808603647483 2.8498545352350293
2460596.533811509 16 17 0 -75.1331534601546 230.09536786542077 1352.0544836624563 284.34706852204744 0.0015960410930018225 0.002059419868277771 1.4746906631486141e-05 4.961749514306271e-06 17210.190786996798 0.007061668487606259 0.0511518853164009 1.3883678293946002e-05 -6.200762823160639e-07 2.2587813998248588e-08 1.4396764967087072 0.14562343720504628 3.429508495788626 0.9147526815543452 1.9066058668792951 0.45424620081828515 nan 0 nan 0 0.5466759470718796 0.3256267274861688 3.114593205108265
2460596.533811509 16 18 0 -107.82676247783463 173.39065700142785 1719.1785711209561 57.009983678385986 0.004020479617594431 0.002618182963797854 -3.417219763726674e-05 5.598492451055879e-06 17503.50320945193 0.006684506366363262 0.058134057987591435 6.0909185538363996e-06 -5.608613034846426e-07 1.502753454564106e-08 1.6787047712951437 0.16174093610289839 1.8787974184272094 0.09535300379004334 2.0229756544606645 0.36629696827860975 nan 0 nan 0 -0.003978116463214016 0.033120144083548214 3.3871595334204594
2460596.533811509 16 19 0 -51.514210097322554 172.0864589446588 1944.2733800233982 18.34701674208432 -0.020892471755765817 0.003098515146821507 -1.3308329818619427e-05 6.345497016134036e-06 17628.37951994216 0.005235986393881191 0.055494863903180515 1.0217394756379936e-05 -5.944695412080975e-07 2.5143415078705215e-08 2.1566866723996148 0.17110294697427694 2.0224571822511153 0.04588931140523764 1.903848494254134 0.3968858393225564 nan 0 nan 0 0.004044515747155069 0.009466745106755148 3.501063346093044

2460609.5268026707 17 4 0 133.68553399876416 378.40890426625026 1065.3044668141906 10064.956641646044 -0.014047961246924217 0.13284332361729467 8.763810060314603e-07 9.579923419083932e-06 15247.870742521218 0.02018283180013256 0.0481810259300994 1.3161214306403656e-05 -5.775669322470817e-07 2.8072741310732647e-08 0.6639410388635127 0.20357797121569415 0.8333157610639678 8.101928398769962 nan 0 nan 0 2.1666538877020116 20.68417806694012 0.04111122038757902 9.836922012292305 4.140111171857221
2460609.5268026707 17 7 0 10.614019545701387 391.5522559433607 1117.3568335052887 150.17602470744976 -0.0009090691503206766 0.0022967740752489157 -3.3390878009545023e-05 6.317666463203349e-06 15671.476586708537 0.012218478700847352 0.04953088595547827 2.2314699596868457e-05 -5.947621343921335e-07 2.17198186236832e-08 1.2661175508724616 0.10308399116503875 2.0142215635851692 1.730076490069931 nan 0 nan 0 1.6141550379575007 0.29723844436573493 0.15603579773164478 0.15565124259235505 3.8479051467442753
2460609.5268026707 17 8 0 -363.661702892342 207.87433298248803 1142.280569940317 69.46035220041033 0.003271593050234061 0.0022083069617416995 6.409588932583166e-07 4.706906109024368e-06 15777.194840303478 0.002277129016495115 0.04698692691849817 3.1870046853075205e-06 -5.742904767966339e-07 6.026161003073166e-09 1.1821530892412244 0.06727595320356636 3.4128855134349196 2.722415615777751 nan 0 nan 0 1.7037433002448126 0.15869449502420888 0.10010737847821981 0.06729328562088133 4.283617755213071
2460609.5268026707 17 9 0 97.25410879223264 259.459216615351 1016.7466443326675 54.32272009557446 0.018021374898640273 0.00207491875865691 -8.676037004006724e-06 3.932567481264704e-06 16004.489632996161 0.002539435267790943 0.05327151704182877 1.1167045372019862e-05 -5.30254584524627e-07 1.5127900210412413e-08 1.0464889664179398 0.06259682139896616 1.224935201884641 1.7577964106063184 nan 0 nan 0 1.589428799937968 0.13072888552157308 0.09110961118786749 0.0588070865405316 4.216403410577125
2460609.5268026707 17 10 0 213.0932801649402 231.76715530083663 1279.141990346723 80.31834713866624 -0.022998520128680224 0.0025460729387469694 -4.0845897544200434e-05 5.058871264588575e-06 16118.952010587764 0.002508086241255739 0.05086386887366511 6.6765823080972575e-06 -5.56677095688364e-07 1.0021405722931372e-08 1.135409920780392 0.06639393333382208 -0.007972316656706835 2.088320026114105 0.1411125725494946 7.329737473960111 nan 0 1.61061278926854 0.14893123681688342 0.10335137991721195 0.06969002157612067 3.6849150160783246
2460609.5268026707 17 12 0 1344.0300305825704 249.08671294263118 1319.582447015337 186.03123035249982 0.04619064788025361 0.0068394706740456356 -1.5300660450522033e-05 5.186669540098742e-06 16475.007598626806 0.0052831968666736005 0.054783144559216575 6.556858969474007e-06 -5.429372634339014e-07 1.3844681193080151e-08 1.322516837275944 0.09641908126112338 2.6132279391286013 0.7699068822188966 1.3184674002906915 0.25918220976953527 nan 0 1.4656181893642746 0.22684655156993347 -0.03770244380792831 0.13588594551728453 3.893911243925838
2460609.5268026707 17 13 0 0.41835393259296094 inf 1118.2584431519301 inf 0.0060614272034665425 inf -3.387724411616714e-05 inf 16592.602297911737 inf 0.05231958669508133 inf -5.898197321289771e-07 inf 1.2003922001525393 inf 1.6862414047641272 inf 2.2728058005184306 inf nan 0 1.6830408052771788 inf 0.5012910732564547 inf 3.112081524268693
2460609.5268026707 17 14 0 -1149.921385094189 278.74793713541385 1806.7645073372978 394.56990586205654 0.01257534791769941 0.004621048826225049 -3.867293767544325e-05 1.1476798683610103e-05 16704.545852195635 0.015098614015787196 0.04968446868483858 6.1381327212182145e-06 -5.99904496221243e-07 2.268843651027105e-08 1.4982326165182887 0.11049179952457264 0.18984345451829382 0.5408009674796453 1.2701028159486312 0.3384987026607836 nan 0 1.1836420560063394 3.0491651002742737 -0.11359010446470007 0.1936829861983218 3.679970683682516
2460609.5268026707 17 17 0 -424.932261401306 303.5799371435985 2020.153389027734 2301.083522102894 -0.030606974322832357 0.03568753829227343 -1.5726614347009342e-05 1.9612696754660405e-05 17210.03859283611 0.010996612347283961 0.05117490654788325 1.8833980127150933e-05 -6.950990811389555e-07 3.288202601264751e-08 1.6536964066989503 0.19008915518561767 0.6333352475891383 0.7813253623161911 0.9361304131616147 1.0878946392686215 nan 0 nan 0 -0.2644957081986137 0.8379326852990889 3.599331794247571
2460609.5268026707 17 18 0 599.8790091639429 185.5555075174541 1435.6292180260627 162.28192225075435 0.02706086847633744 0.0040582234809029135 -8.463191306196556e-05 1.1177071790208652e-05 17503.20710276422 0.006723301489143381 0.05811539975401514 6.767991877333846e-06 -5.903027031625081e-07 1.5643346552904824e-08 1.3543576214849993 0.15958424548659603 0.6422144699939623 0.09678292818317234 1.092098723887607 0.36397971834203513 nan 0 nan 0 -0.1775188549892125 0.09312651475144404 4.062577050873753
2460609.5268026707 17 19 0 518.0737316365062 170.7356256267205 1402.7941847942427 31.153988506894045 -0.007930483513643085 0.002572958762894039 -2.2012437183165946e-05 5.2619480236533595e-06 17628.17823787638 0.007034463281057142 0.05547498425508747 1.1150026093507456e-05 -5.931905211974214e-07 2.6478410408722645e-08 1.5159266262593203 0.11223298172206174 0.8909830794391792 0.03658515031705105 1.7909575702703526 0.4155477445678143 nan 0 nan 0 0.024640216098492356 0.022860259623370044 4.054943916473057

2460609.5268026707 18 4 0 622.5625188332674 475.1754644458358 1538.587840936845 18612.276054714475 -0.021038334281791842 0.2546506996756199 -4.058779076880387e-05 0.0004905476277541165 15247.949103423258 0.025148244418602618 0.048249362215943475 1.7754430266641553e-05 -4.6592625177951224e-07 3.750415767927687e-08 1.2008119465019598 0.2691449757812623 0.7323470789498394 9.066042251063916 nan 0 nan 0 0.15177371726067854 2.2898612653303494 -0.05461687257038843 11.436743855566055 3.82014112544609
2460609.5268026707 18 7 0 255.96637848799114 312.8950559790062 1606.9971722079772 150.83709130584324 0.01567908570958725 0.0029140545831331578 -3.710545579331969e-05 6.687375551214955e-06 15671.437734733307 0.009321824030259567 0.04952473048334137 1.7969363682691598e-05 -5.499683831539604e-07 1.672224089266359e-08 1.0654105797809479 0.07782050528327543 1.9634802291939213 1.345025255166638 nan 0 nan 0 1.4675490005000777 0.1900162040282503 -0.01982019036758418 0.09218233626110511 3.554796863032909
2460609.5268026707 18 8 0 1197.3733648128334 173.4802816119324 1352.5380207825408 71.89827433791076 0.00336604894061213 0.0024017092131367363 5.200095191970093e-06 5.152565062088995e-06 15777.286187686364 0.0018869148611684523 0.04699421694448794 2.686932062087613e-06 -5.811101688938523e-07 5.1105128768290875e-09 1.0485090152597873 0.0566138297566442 0.02973616131872381 2.2655370716529446 nan 0 nan 0 1.5480338953546051 0.12472230747215836 0.042680234540876966 0.055743519761916 3.942355613761414
2460609.5268026707 18 9 0 -430.97839751751644 206.41955901532137 1161.259579702246 48.732078930273204 0.006577083720748048 0.0020445885031822294 -6.277832337919501e-06 4.13104893609725e-06 16004.562260306082 0.0020942060785333005 0.05328950257607827 9.003372137953497e-06 -5.414914123292693e-07 1.2215251870481297e-08 0.9092339722690436 0.05440421701149913 2.8747460826438296 1.5304587417054558 nan 0 nan 0 1.5485387704717226 0.10180952517249114 0.0445842519781367 0.04424946456761017 3.8895248170204058
2460609.5268026707 18 10 0 -56.700938733286215 183.63632315432912 1539.984950669801 66.94784942860741 -0.02095452667470295 0.0025410853358249007 -2.56285525210017e-05 5.011658430763426e-06 16119.040126020302 0.0019449237115598912 0.05088055945162675 5.154685774547056e-06 -5.550084798389978e-07 7.630491315392763e-09 0.9589568041998738 0.05398056212483034 1.8257019446285117 1.8076011086204238 0.1337581821684557 6.23845218473078 nan 0 1.6003460317781486 0.1063947497573516 0.05287972963967645 0.04609036366048456 3.3952493162170585
2460609.5268026707 18 12 0 827.4783892040123 204.19214501210354 1518.6398896241985 179.17227041027238 0.017540179320579937 0.003126871445693669 -2.013073699028738e-05 5.483626748555091e-06 16475.10886900131 0.004339863040732839 0.0548139689548685 5.038304843041412e-06 -5.357455660317178e-07 1.1018962361820526e-08 1.1742883999880922 0.07952072204089575 0.4911610145131888 0.5596345202789599 1.290593003033667 0.212136830505006 nan 0 1.4263340026328228 0.18520638354005212 -0.07278968549644851 0.1095742842353813 3.5177775117826506
2460609.5268026707 18 13 0 386.62071123158546 210.40095327810764 2055.2587341893027 1659.7915160249893 0.02489328650165106 0.02058908239254206 -6.90212210735213e-05 5.618293632556563e-05 16592.75945246779 0.00901281597984272 0.05237540111075805 1.0546350995103996e-05 -6.846337778892341e-07 2.9240338058471655e-08 1.108895360556496 0.12553289881424412 0.9810483221549442 0.8710932594314261 1.1316229463601655 1.0353349832721086 nan 0 2.0526427509580194 1.7918572928344325 -0.08944840162100347 0.7355170225094982 2.9306899225921907
2460609.5268026707 18 14 0 -15.409371510945324 198.8299928151349 1740.9823701688442 192.85168761285033 0.021313069395461764 0.003949843855383338 -1.904147447223198e-05 6.619417391554051e-06 16704.728839460753 0.011245809184051573 0.04969999231951975 4.882697167047241e-06 -6.314564691925025e-07 1.699237565150406e-08 1.167775564308206 0.08354238479836835 -0.003341618560885204 0.5312574139257071 1.4680903804506031 0.2156460716164704 nan 0 4.607622006332199 3.1636168070579935 -4.713773957036476e-05 0.11083662539339507 3.3604822752233394
2460609.5268026707 18 17 0 123.19310835989172 258.44994149247304 2158.3359455351097 1875.3394838937418 0.00958109065052064 0.00849588051409395 7.014514833344913e-06 9.187160755781701e-06 17210.24304409214 0.009097917810084762 0.05115495461998951 1.6117646054979274e-05 -5.976885748108778e-07 2.866642803510209e-08 1.3883599943206646 0.15716549739617858 0.6963143399211735 0.6608982814949766 0.914122118596342 0.8096892909020302 nan 0 nan 0 -0.252905930695102 0.6492664815163377 3.4694907701011126
2460609.5268026707 18 18 0 -146.17729395886658 173.57254543750224 1563.5681556482891 142.76815814672085 0.01971668478905696 0.003301510736876995 -2.8114852377630215e-05 6.387940907457731e-06 17503.568536862826 0.006471874442214755 0.05814066578362592 6.079485764943156e-06 -5.700680660108726e-07 1.4868559503254894e-08 1.2696011280474162 0.15024514121340263 0.7143154036498554 0.08964556096222098 1.6228063986239158 0.3729930410783508 nan 0 nan 0 -0.1207126225892224 0.08042770606118856 3.9173078193589173
2460609.5268026707 18 19 0 440.2590653768221 152.87709754995697 1469.6809054919652 30.20644888731016 -0.012474095138062082 0.0027124267232793205 -4.246795231588327e-06 5.559136567724718e-06 17628.4394871197 0.0063151163171116294 0.05547487567352927 9.829575200917567e-06 -5.599104226307825e-07 2.3275535316230093e-08 1.3045289740166006 0.09993416494352599 0.9071734829793496 0.034830336506378734 2.5578374900595917 0.39867150230225434 nan 0 nan 0 0.006288403289253559 0.02078022693204177 4.027262564690127

2460768.8654588857 19 4 0 755.7784527597933 472.88848171245365 1764.690622538931 2487.528114004309 0.15479371474726603 0.21800979326768002 -0.00032725358394346867 0.0004607606379061368 15247.933109758678 0.01755340386421598 0.04822473784561888 2.1337896676842415e-05 -5.649642933623021e-07 4.2526744129554244e-08 3.4172040495848943 0.8561978393420143 3.263852296447379 5.064580919107273 nan 0 nan 0 -19.734459958214316 28.96560414735905 0.014177415570045109 1.4304959833746593 5.4478990761881025
2460768.8654588857 19 7 0 255.77563172382966 234.1242190815403 1479.0810365529655 121.27178558226261 0.008767202214669303 0.0020353867764333683 -4.8345269519993324e-05 5.811172901264249e-06 15671.388994087156 0.007452506053929409 0.04949094244413943 1.3037065891295967e-05 -5.673066474529742e-07 1.2995411659521108e-08 1.0156634010619263 0.07855445308036921 5.173793853167513 1.5041899309942526 nan 0 nan 0 2.0762295377244797 0.2417828802863066 0.3517273411027068 0.11105026157539225 2.7411955892280764
2460768.8654588857 19 8 0 624.8332918686425 128.96218398985957 1521.940102930523 69.82492270007614 -0.004391236907562214 0.0020648937585636975 4.798852328589362e-06 4.481400163038576e-06 15777.184773323004 0.0015905891592213415 0.04698140261708106 2.189408604116714e-06 -5.795430002666722e-07 4.1484348929962665e-09 1.0311692011992364 0.05354973166848908 2.658630113089107 1.9208054354375967 nan 0 nan 0 1.6933024591723607 0.11865904702234607 0.14257050617205416 0.05274695912092266 3.0181835444634797
2460768.8654588857 19 9 0 -146.57501507913116 158.08428282841288 1463.285871016946 69.43208286783381 0.018933603415381847 0.002036580411534547 -1.260363400205477e-05 3.941658758124374e-06 16004.536623617267 0.001768082004177373 0.05326682615586764 7.36777868677291e-06 -5.330835359139947e-07 1.0019194894019002e-08 0.9575742810550089 0.051926399057989195 2.5640398655066083 1.190317204925417 nan 0 nan 0 1.5789611361544444 0.11053120486759493 0.09715147642490175 0.052473527741057464 2.9285769482212314
2460768.8654588857 19 10 0 110.68543138500894 144.5456383781828 1946.0313472320559 99.19297689848948 -0.038540129728248676 0.002929675363200765 -5.8226491765783844e-05 5.596076399517251e-06 16118.927828869619 0.001730290685686207 0.050857036647081924 4.320058309000997e-06 -5.600046044237816e-07 6.736205755912463e-09 0.9737451310375915 0.05767103996708882 2.151968424576591 1.4363507388754417 12.10238471477317 5.524965485157037 nan 0 1.5596904650192394 0.11424873894118616 0.10711176308317986 0.05673092310208385 2.6213115643121827
2460768.8654588857 19 12 0 -129.843660449238 134.94432813404273 2002.9351997928502 183.51569145539955 0.04121956104845713 0.00438783128038296 -2.848620556268543e-05 5.653309686618625e-06 16474.994189987057 0.0033095768058982317 0.054788942309669235 4.053158712844296e-06 -5.352324397964002e-07 8.66411601589606e-09 0.9907595514018008 0.06985973796232649 2.9010743771258443 0.5249782104489147 1.3859680801399856 0.17772623723576622 nan 0 1.2813189380114463 0.13098215782801814 -0.026625291700925504 0.08934591077551865 2.7169909026062844
2460768.8654588857 19 13 0 94.89514742108811 175.015462413606 2707.45489320832 1476.8557573662129 -0.004290926259851657 0.0034971563229689285 -7.507969137225238e-05 4.153188331227092e-05 16592.597460583012 0.006679005726464959 0.05231858462727415 8.455672557784573e-06 -6.108672285048308e-07 2.19202397904021e-08 1.1228669786774355 0.1017534968344014 2.029317947435086 1.15364148264989 1.2334889611386615 0.7685017667996529 nan 0 0.9163727538816699 0.7182247126383838 -0.06375287671587428 0.5108366297261171 2.3254990146411054
2460768.8654588857 19 14 0 -333.4904373499585 189.58901043998844 2176.157572209572 407.30894588477327 0.006063570687386805 0.0032990162876807105 -7.541763899592018e-05 1.6025138204889973e-05 16704.53177363746 0.010272577874484216 0.0496724220672089 4.659942560925663e-06 -6.394694696144483e-07 1.5402339346103486e-08 1.380107646836364 0.08167435793039016 3.1694697154277955 0.7764120790289375 1.5274909552432552 0.35532736998366604 nan 0 10.489617080880873 3.440240389362838 0.0922530222353275 0.20457254229586275 2.6503024044920833
2460768.8654588857 19 17 0 -142.97876458906129 203.2294553197217 1231.9576559345342 145.35297719045957 -0.023237295731240636 0.0034334217632748204 -7.288298354833438e-06 3.280869515385032e-06 17210.03325282883 0.0062163845630405085 0.05113785406100612 1.2195425219112131e-05 -6.20838186742106e-07 1.891153963925784e-08 1.435730468670361 0.12636284499616274 5.324694195579533 0.8613921587969589 2.6368998656805034 0.3715682689003642 nan 0 nan 0 0.7648183932139774 0.20854415910526802 2.680929259634953
2460768.8654588857 19 18 0 27.94842566684153 161.69152205379694 1905.3417865432505 55.42612920950898 0.022103041743568006 0.002655307221903366 -0.00010625339834330683 6.2793622698526486e-06 17503.157828746793 0.006940751071146242 0.058109928050142895 7.293648224063383e-06 -5.790538432696636e-07 1.8405381698654875e-08 1.907921835921991 0.16289462898689278 2.4212315866175134 0.10146612573241884 0.35754451893263156 0.30524617360881123 nan 0 nan 0 -0.0235533715141102 0.028485976156304205 3.013956608258876
2460768.8654588857 19 19 0 544.4263067073892 156.2026414372635 2001.3885262184285 14.219107305464387 -0.044133273693909666 0.0029930490505999567 -4.601681366679943e-05 6.065264734419669e-06 17628.151604876584 0.00420094224057093 0.055467919274315575 9.358075701990608e-06 -5.066571826184297e-07 2.1827002832229913e-08 2.08628956348719 0.1640477863009401 2.7166489306483665 0.04962479593274023 1.3162550680971485 0.37404573647445644 nan 0 nan 0 0.0012178484568726442 0.00706620664253731 3.250035226764957

2460768.8654588857 20 4 0 243.91561008483995 319.1020161004977 2153.9641467685137 2683.552793857369 0.13355677401289728 0.16644932007343388 -0.00026454920301753366 0.00032921950271258457 15247.983015754271 0.011297474060165406 0.048213206711042594 1.4405060564369965e-05 -6.218165352554721e-07 2.8521675237003052e-08 2.0138702893026403 0.26989899544882245 2.713438226073751 3.6478692754799136 nan 0 nan 0 10.141908077757524 12.922910744145627 -0.10673556271849102 1.1133268190023107 3.960671046943813
2460768.8654588857 20 7 0 -32.37987103721741 216.97632928598233 1823.574190943629 212.53991456536554 0.018947344375810835 0.002662073429544305 -4.001476792022541e-05 6.8227260187009884e-06 15671.441174219071 0.0070543493251811465 0.04952069682737507 1.197017130357081e-05 -5.860448616558098e-07 1.215609131957349e-08 1.0387374264341325 0.07148600125375262 5.74165586142216 1.3659744018187097 nan 0 nan 0 1.678235725252471 0.2555484090289168 0.19999307986984302 0.1400484418107492 2.493251416389071
2460768.8654588857 20 8 0 617.8083234807491 113.70841914145144 2118.5278963080073 87.41947622413475 -0.0002408579262253851 0.0027093858749644996 1.6379081440901047e-05 5.945042286665624e-06 15777.260863735164 0.0012928529061947568 0.046994850144010024 1.8905575152163378e-06 -5.836421096927573e-07 3.5154360158342114e-09 0.9544627295778979 0.04026151911871805 3.3610889967499302 1.5985235442388088 nan 0 nan 0 1.4037533838312857 0.08616696959547332 0.017427334388389733 0.04220990711075359 2.857628467704296
2460768.8654588857 20 9 0 -458.101427367348 155.3721347847913 1656.6186571528929 71.43189850843369 0.01238507240098584 0.0021171520323710266 -5.016786285365401e-07 4.2815909509693235e-06 16004.58362142132 0.0017172500762360308 0.05328507124385805 7.1051271028746575e-06 -5.353090954407279e-07 9.847327662554254e-09 0.9972229396253133 0.05016653147524642 4.420096375738248 1.1838896311165552 nan 0 nan 0 1.6014529590168107 0.10351576034100886 0.12032188708819391 0.04870961060904473 2.7756527878039723
2460768.8654588857 20 10 0 -360.3985661084346 144.2413346189538 2244.2336952694427 108.93041334961552 -0.038646067228107324 0.003019152923331268 -4.480964379234827e-05 5.517525763647459e-06 16119.019820882142 0.001603021758346771 0.050871585170379964 4.203841955124461e-06 -5.61078234866814e-07 6.223051437923607e-09 1.0592478832841645 0.04810963877279208 0.9890936338452809 1.2190106395023086 10.210436328842636 4.715486223146072 nan 0 1.4012896186305153 0.09679909179574508 0.02327474590318242 0.049926936321205866 2.4154281803572712
2460768.8654588857 20 12 0 567.7638887974655 142.3691758621712 2806.7834272184186 463.3071054174267 0.027055091290581326 0.005317645607537674 -5.68280424257383e-05 1.1339718841760387e-05 16475.08415344739 0.00310779588390979 0.05481076257956845 3.832586948553999e-06 -5.358867005708974e-07 8.509879494859385e-09 1.1715629277468889 0.06974368390460439 1.1141055155022757 0.362125147966541 0.8836793913229773 0.18366779232723685 nan 0 0.927749929102645 0.1607461084553996 -0.2546918890178454 0.12315601622312251 2.4766378670441607
2460768.8654588857 20 13 0 -272.1861402249583 186.04646033476664 5920.67962922388 6479.9626112504975 0.04581642118883518 0.05106918627255737 -0.0001919227990880468 0.00021073201778564342 16592.709180018268 0.0073701201796961815 0.052335880578216074 8.16730361070023e-06 -6.082133377940292e-07 2.3786041639251714e-08 1.3396894511662998 0.11813747275766177 1.1434829788976315 1.2628657522121565 0.5300528927917821 0.625186271911834 nan 0 0.6700054347380554 0.7743749608717712 -0.5353500796532028 0.5086065834577338 2.207138163172315
2460768.8654588857 20 14 0 36.77234905572177 193.148277666029 3051.749471826605 780.5275343580196 0.02287418536147533 0.0075959007368149945 -5.197948160081132e-05 1.6359606115839922e-05 16704.64750165554 0.010677333070494502 0.04968921140452896 4.513478193445563e-06 -6.198443968312632e-07 1.5835081295016535e-08 1.4475954426547968 0.08422509108645791 1.5297758013275202 0.5260868758067042 1.0670266758864257 0.31931439354911645 nan 0 5.546520956260584 2.538468371160326 -0.15679542183603049 0.21575391140722544 2.492653590843889
2460768.8654588857 20 17 0 -428.41207501508165 207.65782088219117 1142.88676690868 135.7345758848327 0.0053699744561194135 0.0015410510012763127 1.0197932516782679e-05 3.1110244208625167e-06 17210.223177370295 0.006467432650653539 0.05118585083409316 1.258878006259476e-05 -6.208755988187261e-07 1.9589775138488212e-08 1.4574771842761356 0.1345840515447878 6.410118980413671 1.079599740793884 3.0230077429722972 0.4379911312834507 nan 0 nan 0 1.0633453001171644 0.24550014984308255 2.6894053968307365
2460768.8654588857 20 18 0 175.9848307803345 152.58678812632306 1851.110387320551 46.87908922521018 0.0082299393752074 0.002462878510724675 -4.878372259565627e-05 5.321385291649841e-06 17503.541546634988 0.00650368249886278 0.058145364142757054 6.723169998129123e-06 -5.916062111611229e-07 1.7241625585662045e-08 1.6824555224890483 0.1531748624859533 2.727933829896466 0.10273824584587544 0.5790647714847685 0.2987016043232923 nan 0 nan 0 0.013390698781886487 0.025743580365196816 2.936581502441775
2460768.8654588857 20 19 0 443.5945271293216 149.95462288386588 2173.063568762596 14.858253910103294 -0.024531279458405622 0.0031059636436152997 -2.0206298958304116e-05 6.337825823446214e-06 17628.400882305403 0.004096774272300729 0.05550324739847595 9.134643979745165e-06 -5.72928798727505e-07 2.0875740573219337e-08 2.1178283723016054 0.15619923168247707 2.657196214498461 0.046973797931264716 2.1922680986122813 0.36317421837773284 nan 0 nan 0 0.0033833807508559903 0.006815805275730914 3.0789764882651096

2460798.8993217424 21 4 0 581.3673466184248 152.66257244915474 310.891078527248 54.471831857406904 -0.0040140725180970475 0.000897916067957833 -4.67721237648424e-06 1.2717610881404719e-06 15247.914468699775 0.00748405805858954 0.04818958397011235 7.092404462024713e-06 -5.498353754765754e-07 1.4146604565711807e-08 0.2789681462101705 0.17910249771697603 14.707830765772945 3.631430504956804 nan 0 nan 0 13.876635605124987 5.790097289714467 3.086683069046424 0.7177135794889339 3.6169350283339257
2460798.8993217424 21 7 0 1334.441021710163 266.1635351603595 1472.8329743901154 237.57913173302387 -0.004805107909509943 0.0028713544000692395 -4.1710056787053384e-05 8.594572392205595e-06 15671.383709218371 0.009210937051885968 0.04946267131838765 1.4960013149125574e-05 -5.470497546618187e-07 1.5428095432825447e-08 0.9279207316174357 0.08337313203002503 2.5318286255636937 1.3847156528643576 nan 0 nan 0 1.219614145632912 0.2514091673941663 0.02154250849774154 0.16497055343914482 3.3627295110237356
2460798.8993217424 21 8 0 542.9153711583817 140.07067228202823 1184.709545757797 66.54909027130593 0.0037662996781001696 0.001992309823323169 -5.202940144221549e-06 4.2691953741939825e-06 15777.174434753164 0.001783690350122092 0.04698786607139968 2.5871018582860713e-06 -5.872772021838095e-07 4.802394528528169e-09 0.9115867699124782 0.05565638889229298 4.613443987914721 2.2550899216266576 nan 0 nan 0 1.4036758069092448 0.11725286461641986 0.08929179077834887 0.061502269760437024 3.739120122142097
2460798.8993217424 21 9 0 86.0455195957684 219.64423427863514 1217.8150812829897 78.47726609269404 0.01438775101633375 0.0021790086870067103 -6.425719238774277e-06 4.199768993839011e-06 16004.506188955385 0.002457547188392653 0.053266912788955366 1.0247498038000452e-05 -5.361647296714139e-07 1.3713706337950502e-08 1.0215177256961494 0.057579270324987865 0.13821507629092789 1.3888763167892688 nan 0 nan 0 1.20101407335147 0.1118982073570664 0.012350461460255653 0.06566632394939553 3.7645229317926123
2460798.8993217424 21 10 0 842.4620516812662 178.8334648401005 1549.5558227770027 102.06031213382627 -0.028986229731509786 0.0029050546589123294 -2.7865399063486796e-05 4.96076006362707e-06 16118.9266221622 0.0021692038246690095 0.05086040672336773 5.98536538465827e-06 -5.596098781364231e-07 8.642151639416725e-09 1.0116632974446604 0.05705665168783448 -0.128557772056267 1.633670905060284 5.970406944623836 6.32104127378469 nan 0 1.2789088067595258 0.11988881692643479 0.044977007955801646 0.06916725966377878 3.2179256520267465
2460798.8993217424 21 12 0 227.47688470732254 189.4910612084922 1594.6078988406973 190.52230015069966 0.040312998608595614 0.005371876280988448 -2.404912084682781e-05 5.765572029307148e-06 16474.9249378686 0.004357595388602628 0.05479085266088698 4.982587919427657e-06 -5.412740003977849e-07 1.1484191120576111e-08 1.1546889718189566 0.08490536854472946 1.953170519905476 0.5590177627608975 1.0441803139166657 0.16908383863367 nan 0 0.9782080032792438 0.12896672308730744 -0.10198548964291157 0.10741935482004289 3.406543537618254
2460798.8993217424 21 13 0 -561.670225627422 164.41754135968392 1340.5551024024 504.4495568814859 0.002758095030671557 0.002068787583252828 -2.8731222389128505e-05 1.142789894541757e-05 16592.565557019167 0.007461367145679141 0.05231272294130439 9.088485575490549e-06 -5.958711780682933e-07 2.308532994300861e-08 0.792896585180389 0.10854251766893569 3.1680754629548527 1.317336923480332 1.7651324293919084 0.8168176519205043 nan 0 1.7200056650134312 1.0982283285387477 0.41379759045502745 0.5322255979804603 2.7697952850330223
2460798.8993217424 21 14 0 510.18166677498476 247.6820099015118 2414.588829071492 622.9188177191415 0.0033142554662424824 0.003991675300716389 -7.24784282436291e-05 2.1228395661126855e-05 16704.519619838033 0.013845705985236543 0.04968449959155848 5.678073154357305e-06 -6.304422412671031e-07 2.0198736414392155e-08 1.4200438278327048 0.09798277289940302 1.1016619567872594 0.4554825458062826 0.7824444102664363 0.23524479205571824 nan 0 3.7855304220032844 2.2341734604169714 -0.31835250180936936 0.17590178089136083 3.203965620805812
2460798.8993217424 21 17 0 -199.464119733741 283.4826868003488 784.2834252661 110.55398427092953 -0.015322781468003623 0.0027713735625948936 -3.514264296947497e-06 2.704704426736846e-06 17210.021243277366 0.008764051331044 0.051136125951905476 1.672646850547492e-05 -6.19499295477865e-07 2.621591251689607e-08 1.592527888005823 0.1742616725458497 6.397240132212016 1.2904122835825844 3.0974767210395573 0.5346069800655915 nan 0 nan 0 0.9555383310420988 0.2761555512623841 3.5551990482086238
2460798.8993217424 21 18 0 -72.10317479393893 186.22229267406706 1345.868423310378 35.63592448297964 0.021894126524639776 0.0023053099250708122 -8.059108586231653e-05 5.174240554562732e-06 17503.136698643506 0.008119491224490941 0.05811654743778858 8.055366545743897e-06 -5.593181200448606e-07 2.0756049290066598e-08 1.544999340274682 0.15774391783354177 2.6222280766614356 0.10467817793201241 0.8250207610623379 0.36799844091017275 nan 0 nan 0 -0.009112450754030225 0.026307344834817913 3.713128560445056
2460798.8993217424 21 19 0 621.3626398735062 197.50443980700157 1589.0225129741723 13.52858911188314 -0.025201635836557296 0.0027463773145897947 -2.2460750201697468e-05 5.575834377150532e-06 17628.147791784962 0.005097385536499118 0.05547083094340574 1.1437227475356247e-05 -5.558699454618239e-07 2.6767887638378794e-08 2.7630654405189334 0.309721348794622 2.8077886600559796 0.06063052009312783 0.6634757547867131 0.45791211123999365 nan 0 nan 0 0.013502908705398747 0.008581857260833811 3.748413480958026

2460798.8993217424 22 4 0 69.82964717541383 245.0385158097816 756.8980619892226 1892.9348497960834 -0.010288841643574808 0.025876914007925342 -2.584202037734005e-05 6.449165190766276e-05 15247.950130833857 0.01201412456812267 0.04821565057455928 1.1339338128405576e-05 -5.725896995069466e-07 2.218645238394913e-08 -0.06955586447457725 0.4939579549296557 1.8930004967221832 5.040161650562931 nan 0 nan 0 -0.3314374932677518 2.233378742448059 0.08482237496824546 2.7137133727000644 6.020301645492874
2460798.8993217424 22 7 0 1026.7971360646732 572.2952286928936 849.2610805906954 188.08954975729233 0.007251606475891233 0.0025763512285686837 -2.1907881674056597e-05 6.868461524957001e-06 15671.424760069216 0.018445531185630394 0.04949092066758905 3.1209201594180015e-05 -5.472344993407956e-07 3.157607550052506e-08 1.3187838905646059 0.14824625621566262 4.949923258260986 2.552437538984978 nan 0 nan 0 1.2517633788288463 0.36747567079337645 0.02924725386616503 0.22828353065355197 5.6642218780860585
2460798.8993217424 22 8 0 -51.38653871873606 305.0583184964599 790.7526689610572 93.7076999961393 0.018956372785996423 0.0031927378594153585 -1.6255236524574516e-05 5.037510936537075e-06 15777.233781669784 0.0035445325516257373 0.04700849461376076 5.3590998670635754e-06 -5.602953752455947e-07 9.965635740769892e-09 1.2392775303825834 0.10118641201358336 6.286294852718264 3.8904631045750935 nan 0 nan 0 1.3508022401774051 0.23297020994789497 0.11433797289165044 0.13261101802790193 6.110117029787358
2460798.8993217424 22 9 0 -456.25404354395505 450.7766248196316 662.1393645465739 75.83622071695942 -0.0014633689407637382 0.002086051556560527 1.0369261107528797e-05 4.4117705961285604e-06 16004.575278568911 0.00479272570983244 0.053291872210934475 2.030777257831107e-05 -5.52562916486228e-07 2.7249881267774816e-08 1.2085519383379666 0.1044502689462517 3.9993661033716346 2.704585278924611 nan 0 nan 0 1.2695297339993765 0.21239004339740908 0.03191601989938131 0.11896859563667213 6.705660466908464
2460798.8993217424 22 10 0 826.4958260520987 382.7512286620241 966.1521359260228 147.787665477704 -0.0030562462908409077 0.002627745219452473 -2.004427106006595e-05 6.007080809311241e-06 16119.020205131701 0.00426604956638257 0.05087766407258125 1.2286823680900674e-05 -5.711401199042007e-07 1.7160056476786962e-08 1.2264485627292814 0.09759146293921607 -0.05467793308678248 2.5040794825967594 2.7915817443098305 9.698847471990094 nan 0 1.0078867773695293 0.2069057828866866 -0.1210218984454765 0.13498874391182922 5.821880831636995
2460798.8993217424 22 12 0 537.0191239665334 306.3427069553162 927.7157943535005 249.0209688256957 0.006659283362049829 0.003155684155952157 -1.3155584546412076e-06 5.40352499480184e-06 16475.078474261307 0.0075835962164490815 0.05479290615515725 8.953993897718201e-06 -5.372374207117953e-07 2.0329383511894795e-08 0.9961029676826644 0.14853549632237437 1.9638723531348834 0.9929473436295618 0.8183529996688167 0.2818362645349486 nan 0 0.8443570879629685 0.24401167363779908 -0.18276149016883175 0.2195541980338511 6.241057475993802
2460798.8993217424 22 13 0 -204.17683756522248 331.3008730846373 953.5434907271118 801.3760002760615 0.016906928630736034 0.014497710771642015 -3.266357580764914e-05 2.7844162373438805e-05 16592.726477798493 0.01487630596710671 0.052353424618358436 1.672499186181955e-05 -6.80842538970968e-07 4.800180307302228e-08 1.0057204079369635 0.2134889152530574 2.461489904953456 2.1951000746384763 1.1209680959590163 1.1135623071725715 nan 0 0.30095738796711036 1.2146245127941422 0.040269467024714935 0.8745134695706337 4.953283239395572
2460798.8993217424 22 14 0 1.6558226987947542 396.1921793008237 1189.2143929901004 475.13773358420394 0.027507971600579224 0.011862364716885098 -2.5507996739275455e-05 1.2758183759508456e-05 16704.695162997574 0.022400099477307964 0.049695158493530026 9.833156385115953e-06 -6.41482014771414e-07 3.217525825283428e-08 1.2569506825457943 0.16379967171016804 2.174529763175758 1.1799556045295219 0.9089430384239021 0.43588282947190815 nan 0 0.09439642821015948 4.659148948490189 -0.09719691725813637 0.3608048708431224 5.35115830979419
2460798.8993217424 22 17 0 440.70202092366145 366.6658885083309 647.8918497255737 95.51687398436323 0.012696837011970344 0.0024151532681140645 3.1626989920851043e-06 3.4991239654217158e-06 17210.221247554302 0.00991403972610371 0.05115429515057551 2.358457146491376e-05 -6.185117838586212e-07 3.6648367130528174e-08 1.2199287042888955 0.21018991459778116 3.9301386003714427 0.8240343323231841 2.0027312833343696 0.40216119482836915 nan 0 nan 0 0.48420359515506073 0.21904546845743336 5.662390053771143
2460798.8993217424 22 18 0 -660.5859157606501 361.66850374364725 695.0708344548793 25.7766808769837 -0.002374979075908869 0.0021874328240828887 -3.687496355858496e-06 4.604802100636594e-06 17503.54319326728 0.011482103789573374 0.0581606532358594 1.175731673388606e-05 -5.951802934978769e-07 2.9978327063814166e-08 1.908947798416854 0.3131258919226652 2.3996904023530576 0.1656312301446617 1.907128026977085 0.7277569093271444 nan 0 nan 0 0.010979115763649376 0.03767473966386635 6.977151739785141
2460798.8993217424 22 19 0 57.69063338251151 302.56705098258675 727.2796610833472 10.176311550689602 -0.0005643686719041604 0.002236942610995077 -2.943743364118533e-06 4.5967881977042165e-06 17628.394738359013 0.007625188742000347 0.055514000888418576 1.6586234223630932e-05 -5.867054082227216e-07 4.035136902930781e-08 1.891464305779893 0.1984068092595463 2.7492875756198565 0.08969180227133829 1.636361077330642 0.7435867955739361 nan 0 nan 0 0.0037964934623235537 0.013963525053582122 6.7653335101606595

2460799.866786969 23 4 0 654.7862079665659 312.34730953558585 990.2826899297665 1707.1010463367488 -0.015842367407555603 0.02744688479176566 -6.777288757043701e-06 1.1912004851824804e-05 15247.881734623661 0.013743394355594615 0.04818893293124811 1.466761613064847e-05 -4.6816722043090145e-07 2.9289261896774513e-08 1.4519520572727238 0.2566761939542951 2.3237327794124676 4.28876069842169 nan 0 nan 0 3.372930458960879 6.12321362443424 0.09011930051163937 1.8797557609259947 4.003410865455905
2460799.866786969 23 7 0 -569.7165219583214 327.8565950421019 1003.3144503899356 109.73377494267271 0.0034301785939511442 0.0018607647151506412 -2.1528245667764385e-05 4.396688685650488e-06 15671.371902006202 0.010787533464768698 0.04951033438902347 1.8579755389351042e-05 -5.67471326463288e-07 1.8744352520392676e-08 1.0801579113126958 0.09796133455786805 1.4097995953022273 1.751542420800751 nan 0 nan 0 1.611773062889841 0.24637447456280237 0.21650083227586556 0.13328837266275181 3.716157343723489
2460799.866786969 23 8 0 1398.2948789042825 171.81394147913468 1134.6268523595525 83.8249253986666 -0.006430667372650714 0.0020739113186852157 7.953097983872735e-06 4.45973516696977e-06 15777.179723429914 0.0020178882960664216 0.04698232029284709 3.0360215633448396e-06 -5.84286040636695e-07 5.5317843423389595e-09 1.0559287407337705 0.06028712406719002 0.01039091660785657 2.23162451420719 nan 0 nan 0 1.2432531507871658 0.13131386334024 0.014591363018074973 0.0752895340363014 4.0158513371930615
2460799.866786969 23 9 0 -632.7576834852498 244.5037320176803 925.852450033734 56.24760586689953 0.01037243899639136 0.0017713724174353615 -1.2211836312125484e-05 3.485987140013652e-06 16004.52185659582 0.002651182470856981 0.05328037700879885 1.117204606946486e-05 -5.392925381135834e-07 1.504170078367892e-08 1.0613670354266567 0.061228540208338046 3.787461582953095 1.6759537796494661 nan 0 nan 0 1.3331892932337375 0.1205014926255227 0.05052401583711341 0.06428805582687229 4.112833146292641
2460799.866786969 23 10 0 223.21141548575218 204.44208244389188 1218.8693182195289 78.85478918173966 -0.02250099413466678 0.002427783486102039 -2.736306741114296e-05 4.385587152957954e-06 16118.93362459365 0.002404323506135112 0.050874407807030717 6.615555403459983e-06 -5.41862112667708e-07 9.55048404791219e-09 1.0414077325557414 0.06261726253173627 0.6761359539146276 1.868587432239152 1.488138531584227 7.161202112659388 nan 0 1.35118924628433 0.12708420198039785 0.07087410305444594 0.06965431351321777 3.5838904055376744
2460799.866786969 23 12 0 705.041594727741 221.73623475727163 1253.26859153963 169.35807004107085 0.035953424546081726 0.00524466313611712 -2.4274318770689825e-05 5.332863507315561e-06 16474.95102255017 0.0046556774567931385 0.05479448235139979 5.766875752781758e-06 -5.416073522572949e-07 1.2724529766728928e-08 1.2878436191355584 0.09756249898810146 1.8741949255888315 0.6059250386716062 1.0932577161475343 0.1994468489153217 nan 0 1.0500833166384063 0.15382327396989054 -0.09498698247832789 0.12243040774349498 3.6479691564614765
2460799.866786969 23 13 0 -459.40180014961516 288.92618432152346 1911.1010173351717 1504.5598750050563 0.0025056756387687013 0.003474435780506117 -4.126484238785787e-05 3.301930154056427e-05 16592.58935041387 0.012312438005676682 0.05231763827111633 1.4180702692657159e-05 -6.422682495449723e-07 4.0556750061938547e-08 1.5953947449772932 0.17677459758979489 1.441584350506107 1.1873088852581049 0.9364638979757522 0.8391088366008167 nan 0 0.0010159858698458868 0.6284337673908214 -0.19008399848334345 0.637769040049276 3.1066867786165493
2460799.866786969 23 14 0 678.5271776963064 288.4097524714795 1712.232268756041 389.6305280173101 -0.006485483010659555 0.003102845016315074 -5.3829185230885496e-05 1.4399736325907987e-05 16704.51098169002 0.01582577093731994 0.04968969968909677 6.9497945074587255e-06 -6.142798717792365e-07 2.312800742234019e-08 1.4925771023795098 0.11223387867972344 1.5096355206170036 0.5854770227653018 0.9627121525818312 0.26389559539430524 nan 0 2.192534075330615 2.748740508611056 -0.1918854738567605 0.18395835814638337 3.5738615326885035
2460799.866786969 23 17 0 508.1071235946133 271.8281812796834 916.2798311917012 187.4320545799569 -0.02176823028748263 0.004985057235392867 -9.619144783564077e-06 3.838775621470061e-06 17210.029591671628 0.007769766541729343 0.05112206838705712 1.7046828321486968e-05 -6.095720266136912e-07 2.716334144492362e-08 1.4344883106954769 0.16116543104220815 2.654632411506096 0.6991834958569767 1.8909565134478181 0.4330377660677862 nan 0 nan 0 0.4115723715099962 0.288968728539268 3.6827068002928933
2460799.866786969 23 18 0 -58.79833562652019 198.30041647150915 1201.9508517952725 37.9864872799627 0.017661266390707094 0.0021716100509060754 -7.772396339592078e-05 5.075463330926687e-06 17503.145707132404 0.006517633288563052 0.05811343731234674 6.769293457217693e-06 -5.649510945978066e-07 1.6319203581936222e-08 1.6993494915866916 0.1732809611899505 1.722472112092057 0.0925306279670114 1.1702637541096776 0.401107770841924 nan 0 nan 0 -0.00551574400262542 0.031568310239634294 3.9274861086837665
2460799.866786969 23 19 0 577.6487749314165 197.66991817115505 1214.0649701971943 13.217205069571978 -0.022162776107124065 0.0022575655889439483 -2.3896738641555004e-05 4.599587438340696e-06 17628.15688828948 0.005504377751719316 0.055471451237951115 1.1103566636490901e-05 -5.447833065697572e-07 2.6997027957580937e-08 2.159953562688022 0.14401293316394245 1.8345692738287473 0.043578961938471876 0.9286674178953412 0.44887696250217135 nan 0 nan 0 -0.0016741326646011986 0.010862571566308458 4.09154213872429

2460799.866786969 24 4 0 208.61642339928673 348.95340864876266 1226.9525068414814 2842.693925985549 0.008854117266901744 0.02052550578003814 -5.304066456125487e-05 0.00012239645406158248 15247.962234299282 0.015661808549182733 0.048209539867520385 1.704825439935466e-05 -5.314500416205182e-07 3.4904266436383227e-08 1.8653394449816716 0.3254973406577273 1.9517331396856923 4.786452321210024 nan 0 nan 0 3.9576806218374743 9.397533923103241 -0.03177051904858027 2.243789012520204 3.8601625888394886
2460799.866786969 24 7 0 -374.25667485942085 321.40167056921314 1411.6341135353323 211.92381406296036 0.014606185680353151 0.0028820241882408816 -3.2175549401700914e-05 7.046838715427517e-06 15671.41130607374 0.010466249324585576 0.04954277542536303 1.8098444677333494e-05 -5.668227548095616e-07 1.8054147650865687e-08 1.1354982278273738 0.08667185054152532 2.952642678239269 1.3973876574165898 nan 0 nan 0 1.1306996524341655 0.21977053110131686 -0.05160350432375451 0.14256356051652294 3.553535529154476
2460799.866786969 24 8 0 1340.1426171385433 180.83602977598144 1152.0732218452997 80.49910983992858 0.003049978903330212 0.0020052069787782124 -2.3682047974324285e-06 4.306685348936616e-06 15777.257227637207 0.002052501529071463 0.046993391603605 3.1201694090504443e-06 -5.826720343606211e-07 5.744143132269384e-09 1.1710503049032006 0.060024988138237215 1.847242941209976 2.2533797123133943 nan 0 nan 0 1.3278881261468787 0.13452974859802655 0.05321007241881953 0.07391639570867578 3.850366003670828
2460799.866786969 24 9 0 -286.03856278308444 249.77425740513124 1116.285554160101 76.3731760517635 0.0031890735960600184 0.0020056076232557608 8.83239867978189e-06 4.170370922515309e-06 16004.546134127286 0.002689326683340894 0.05327213080767167 1.1367144515327532e-05 -5.370652647612479e-07 1.521111455959864e-08 1.1307484425586156 0.05875932142799675 3.5335436293104574 1.609378617945212 nan 0 nan 0 1.2059870231020222 0.11884779910266455 0.0011818283621161207 0.06894307592834939 3.926804742781055
2460799.866786969 24 10 0 542.3037389995421 231.88863599045013 1463.4264558681925 118.14321849641647 -0.02120720424919324 0.0028626327631045573 -3.6827601733496396e-05 5.54039528165859e-06 16119.02718859823 0.0025394652383613405 0.05086414144944389 7.242273354358726e-06 -5.776013682197319e-07 1.0190791677170409e-08 1.2455386377085453 0.05952467065544366 1.9088232028380712 1.6397135317503968 2.937553899768648 6.300836520704397 nan 0 1.1514383001374775 0.12851120366663837 -0.0548258962105938 0.07665137024590575 3.4916757793935447
2460799.866786969 24 12 0 329.9701293943367 211.4770626512687 1252.1824414121663 136.43725606462067 0.00948482808442236 0.0022307346444220997 -1.852959397293065e-05 4.577160320196772e-06 16475.067173320967 0.004673217064937722 0.05480324162641148 5.3684269852766165e-06 -5.365431054388972e-07 1.2363686620574576e-08 1.253960957439755 0.09372193240963474 0.18873359854723465 0.5771200880074263 1.1990878322726393 0.18389962376410948 nan 0 1.1110786942105824 0.13698757277735535 0.0041401121135019635 0.10954987919511949 3.5466923784557425
2460799.866786969 24 13 0 -276.0549911675141 256.220242414351 2309.1561831731397 2062.16703578334 0.022789636136397267 0.02080218752481216 -7.279352611606221e-05 6.541107048521013e-05 16592.724282863484 0.011070361605076236 0.05233571367195265 1.2636168110351434e-05 -6.591736929417899e-07 3.666302824160526e-08 1.2869356746187464 0.15205093670120876 0.9126121592975333 0.8639841175648675 0.7343146171938276 0.7319902313566103 nan 0 1.0603345591375621 1.0706198523235229 -0.31982510102079414 0.6075295488320663 3.216653087097733
2460799.866786969 24 14 0 221.18792610536013 269.9029450076338 2029.941972474732 496.7257376728453 0.013531293663022565 0.005017456635680953 -5.7182421567267344e-05 1.6344984732325238e-05 16704.656859468327 0.015075954810460562 0.049708016923773385 6.186589563465227e-06 -5.792567242731533e-07 2.2049402630481083e-08 1.4792151589735227 0.10711764338831936 0.9853617026884064 0.47694887511470924 0.8784294251455754 0.25439017513434836 nan 0 2.8904075407758913 2.574100810651295 -0.23821708678248885 0.18646860622652142 3.3191388614580166
2460799.866786969 24 17 0 346.93810026276503 309.5808718162584 928.3661238897158 155.1349157853474 0.006999648858057672 0.0018503472496762658 7.125810849189839e-06 3.3015697031364923e-06 17210.225231916746 0.008584174309917208 0.05115490300425416 1.958756804314795e-05 -5.895344548504169e-07 3.0755579854210124e-08 1.8854407867637537 0.18409529346350956 2.9884914400618023 0.6629975006184515 2.050704746475867 0.4008849825898285 nan 0 nan 0 0.4869462084250622 0.24868049897760047 3.5632314603983204
2460799.866786969 24 18 0 103.33097996234295 205.31460835824183 1011.507264389857 36.39393545551037 0.00640755093477083 0.0019006322652123972 -2.9372659059338743e-05 4.122437017756898e-06 17503.550420821408 0.007299204019382603 0.058138159158016976 7.465719564770658e-06 -5.894277272945287e-07 1.878736668290045e-08 1.5759983452877597 0.18116444795163925 1.8649518083862657 0.10786367966472066 0.6373715532204031 0.42521466784094425 nan 0 nan 0 0.02114842311226764 0.03689177341206552 4.167892133215817
2460799.866786969 24 19 0 490.713224133868 195.6369944231942 1244.6621080985349 13.000161417588512 -0.005325403674019334 0.002312870271393475 -1.1503912554041001e-05 4.7682098755081536e-06 17628.40839608397 0.005409708255952518 0.05548597242391824 1.1210640714139326e-05 -5.141204349931187e-07 2.7474523429568378e-08 2.0506579990531297 0.13263888208277358 1.9365480635429753 0.044604504289916413 0.5147619599737309 0.4476278605157784 nan 0 nan 0 0.010315509390475335 0.010540749189161121 4.0807050245021275

2460823.8631603434 25 4 0 883.0290650357399 279.2651982007016 1113.5931364174314 1689.6880404850033 -0.028092789003797174 0.04272849385645333 -1.2973465045447676e-05 1.9694286198488473e-05 15247.89774748351 0.011914224094391766 0.04817606849739216 1.300996743784345e-05 -5.289819901506565e-07 2.4432109800242277e-08 1.2471299866751708 0.21890521998350418 2.4416515404628756 3.9809760887673624 nan 0 nan 0 1.3138127558741937 2.62436525663427 0.22659113916147522 1.8616787706124411 3.660628351488594
2460823.8631603434 25 7 0 406.445225463088 317.78202112929245 1376.0779171833306 184.64483548335173 -0.004609130638683715 0.002598178581919607 -2.7559863502997027e-05 5.936242542161746e-06 15671.381778830151 0.010229486975183158 0.04948153620204537 1.796613674993577e-05 -5.586143809444568e-07 1.7608585452030034e-08 1.161601350134754 0.09315435378789899 1.1729375653530112 1.422610458594864 nan 0 nan 0 1.3557655821515378 0.2414929526125335 0.09550540395562644 0.1472062608303002 3.314795529280263
2460823.8631603434 25 8 0 1181.8452973360934 147.7362648276807 1332.4542982083087 78.02959758519538 -0.005015939855381648 0.002133528841110327 -3.1634182573652763e-06 4.589393810826707e-06 15777.180640647499 0.0018023323775863782 0.04698100694533562 2.631173236253841e-06 -5.928994296327972e-07 4.895221790485236e-09 1.022698110449786 0.053474979209198525 0.05152727663579354 2.140038487951346 nan 0 nan 0 1.3707378314456442 0.11780196749042904 0.07584810696310085 0.06331557964368807 3.5611786439708046
2460823.8631603434 25 9 0 10.663274324531702 206.10681989723892 1158.7675841083187 57.594219576094304 0.0057113402587698646 0.001848393801857632 -7.380450131458307e-06 3.7225339301150444e-06 16004.523794862424 0.0022340458880468254 0.05327164805516902 9.395613797904271e-06 -5.368828240425599e-07 1.2798651837495435e-08 1.0340607507918287 0.054665088318468044 3.0407143762121107 1.425678280475302 nan 0 nan 0 1.4021588505951457 0.10502708626475661 0.0853039288097268 0.05435262430488975 3.5035396012312767
2460823.8631603434 25 10 0 494.6840347418369 177.40076677723047 1685.7650814303288 114.85189016135455 -0.035243083800320485 0.003255604055609899 -4.662148017829898e-05 5.64621210532812e-06 16118.919331291501 0.00202068724909336 0.050858497078451886 5.7458851505469665e-06 -5.648483154306934e-07 8.274705665334459e-09 1.0786565776556256 0.05225135222199333 1.213921919400112 1.3919037727994095 7.473200748895696 5.404286047723463 nan 0 1.1656987195231654 0.1096797577918988 -0.05462264862161308 0.06470659539170347 3.0234560883016792
2460823.8631603434 25 12 0 -150.44393215858352 185.90261321775364 1770.6492695843444 264.815891770106 0.035417021499542845 0.0058765753820480705 -2.965402714410897e-05 6.958763623100022e-06 16474.950583808848 0.004235280127245344 0.05479173610763986 4.729017742032783e-06 -5.338642597465891e-07 1.0889337668147312e-08 1.1797736078737011 0.08167072137302445 1.59796319890003 0.5014114910778927 0.9501853234492765 0.18399115934766358 nan 0 0.8955975726971521 0.14472952498177236 -0.17963775256956913 0.12281861966626917 3.2669359585790385
2460823.8631603434 25 13 0 -63.757770537028804 207.77125712513202 2144.8439032521387 1397.4902638363017 0.002268155494450554 0.003234202730126799 -5.389616117271328e-05 3.56651912598059e-05 16592.574479582825 0.008577324457668907 0.05232067226063985 1.0261260056033891e-05 -5.981665375100143e-07 2.794466249046319e-08 1.1420153067927457 0.12318664532082668 1.5457646741272955 1.0667392223077894 1.0513157128422295 0.7823736276753627 nan 0 2.0065735040028394 1.436187453859414 -0.10844127491805193 0.5810408544539892 2.8250500896381303
2460823.8631603434 25 14 0 282.77775345701883 202.19169728723534 2255.491968568235 508.60950810383883 0.004067121625535928 0.0036525909263945017 -3.3830238383049696e-05 1.1109617098698559e-05 16704.52264518139 0.012072831220678527 0.04968021940719803 5.6375685267993225e-06 -6.358141291196054e-07 1.836700914090393e-08 1.2938954263759037 0.08813151276228154 1.5880215457829634 0.5162775599992181 0.8795627466393162 0.23399456966509888 nan 0 2.3134692521326623 2.1539802754458797 -0.2550904940455468 0.1680272503719006 3.0901115304802085
2460823.8631603434 25 17 0 -482.24116432665534 279.72412496690424 1387.253126584865 384.81192443491386 -0.031605380190650796 0.009420312448750781 -2.701837408384e-06 4.568835017560996e-06 17210.036978731543 0.0074113302680288515 0.051164275750344136 1.6722323497854115e-05 -7.026403836138842e-07 2.6689176077941297e-08 1.5655333796309616 0.147627073276276 1.9170790797295534 0.6397740347017398 1.1687265783981189 0.35139098825792064 nan 0 nan 0 0.09884235272425994 0.30497598310412066 3.4145182502009637
2460823.8631603434 25 18 0 15.508636631395234 188.43321710957136 1385.6180895970926 45.79495305697507 0.01812470305963781 0.002387369078995152 -8.770367540999113e-05 5.697651802186583e-06 17503.15234529256 0.005896041850659402 0.05811472662077497 6.268140978343467e-06 -5.787541620449521e-07 1.4872400328626532e-08 1.7055261778973705 0.16703117776035395 1.6640779209603571 0.09162927620614202 0.5661882694548964 0.37723045877795264 nan 0 nan 0 -0.013410206575389555 0.032748279493727696 3.7756387662773774
2460823.8631603434 25 19 0 484.2645104119844 188.22126122091356 1521.2897672497616 16.269691728691022 -0.015567768170255595 0.002640088759209215 -2.3094419764183908e-05 5.415658622865277e-06 17628.156623128994 0.0050774581770807875 0.055467544333772954 1.0332132288530826e-05 -5.363969703055626e-07 2.5503335440838265e-08 1.9759070433574244 0.13116092972568086 1.791120452596148 0.041406808224334554 0.99440963823145 0.4058563090453661 nan 0 nan 0 -0.0015426126427971667 0.010684017910146964 3.838279068142181

2460823.8631603434 26 4 0 568.1100374464688 308.6064057019049 544.1061966013291 367.42522437635 -0.004878856660518251 0.0034397584274173704 -1.919800588808124e-06 2.0810965238052014e-06 15247.936485178781 0.013066508346534033 0.04818709888446456 1.400621610672766e-05 -5.458766269835125e-07 2.662961421565754e-08 1.6700628405683855 0.26003053756115496 5.651309625392002 4.458093120147432 nan 0 nan 0 8.634995062701641 6.92305702850764 1.5853155077348438 1.7468889956706004 3.414017699150736
2460823.8631603434 26 7 0 -463.7919908011835 283.5460104740344 1453.885868473973 200.1659415324933 0.004013759435687814 0.002255050909454819 -2.6821086661708713e-05 5.955066963677417e-06 15671.42799272342 0.009377323569418372 0.04950679075196639 1.5986459144452885e-05 -5.636898157843444e-07 1.6247855038529386e-08 1.0866651108926015 0.08720867841016962 0.04941852519503098 1.338763016321883 nan 0 nan 0 1.373392371589623 0.24783344284767964 0.10686519711894439 0.15259216935447195 3.1159410475565297
2460823.8631603434 26 8 0 975.1908569151252 144.63139088766357 1423.0242104336185 81.54768458271045 0.0020832139619262743 0.0020869205493313342 8.533409295847233e-06 4.555180763407527e-06 15777.250366448869 0.0016774599960921932 0.046996644739670926 2.465693347904363e-06 -5.868779243765944e-07 4.5906292826217944e-09 1.0829432024236438 0.04915672825741784 -0.025226550445653417 1.8708439488187256 nan 0 nan 0 1.3161828300197689 0.10924351113756087 0.03936559556163037 0.0598359007007976 3.25235819206159
2460823.8631603434 26 9 0 56.866904479446355 188.6405911740532 1238.1397993283388 70.4892793929461 0.0015304739400199938 0.0019697621179019446 -1.1889121143717527e-06 3.972765131081211e-06 16004.565847480673 0.0021571274854861417 0.053293536683671636 8.869593692122307e-06 -5.352227422061011e-07 1.2107608413753688e-08 0.9467913059621199 0.05412385438709838 2.051802675391831 1.4180827384739614 nan 0 nan 0 1.3559371177549753 0.1129452279048576 0.0752459362913687 0.06165507080711916 3.4593544500287314
2460823.8631603434 26 10 0 152.29792901981298 176.24547867109953 1690.4154728012718 111.18453925563271 -0.02412741875750052 0.002776748152483116 -3.28932819517694e-05 5.2483786324982426e-06 16119.01033696764 0.0020672619277237823 0.05087705939596509 5.766718958522172e-06 -5.639167784209795e-07 8.400029776959816e-09 1.0593812231802144 0.05470874769907438 -0.16305218431814567 1.492536121601621 3.6290550457457953 5.754462758647878 nan 0 1.2686658348065116 0.11668744754470706 0.01628649182806882 0.06716292165441022 3.028780509419225
2460823.8631603434 26 12 0 129.8564723986802 180.00702796028156 1584.4532063827444 163.55559331089538 0.005466258533597176 0.0022963789942365017 -2.6402189314940496e-05 5.386747713201809e-06 16475.065226595223 0.004172363027790244 0.0548050654814369 4.568833964068943e-06 -5.32065247986137e-07 1.0576007828472798e-08 1.1891381217564987 0.08149561624136016 1.1113014848899698 0.5133661872517713 1.1851576444518412 0.17101246088271654 nan 0 1.1981433022172001 0.1374802689860489 -0.03105440412141969 0.10015535090195354 3.1582345838783783
2460823.8631603434 26 13 0 323.7598061218291 183.39096749409103 3817.8760604604286 4323.607706040598 0.021597911197764483 0.02523509851471597 -0.0001236327859059527 0.000140497167849689 16592.703966347977 0.007760360770081741 0.05233820761549692 8.94225577830345e-06 -6.322369476828726e-07 2.582898635628812e-08 1.0582409928148253 0.107648749461495 0.5481413229855262 0.6489639391627289 0.5873187861897016 0.717244009718957 nan 0 0.6450671386096367 0.7924475125175925 -0.47459028643385837 0.5950843352240168 2.646443338967574
2460823.8631603434 26 14 0 -57.94440295693858 214.9926937183723 2051.6576697634273 334.06658503100533 0.02198752005123451 0.00498441144636946 -3.298419352186292e-05 8.672528532018842e-06 16704.659822836897 0.012549920404798598 0.04970139816828564 5.761472706104449e-06 -6.28782915364467e-07 1.9193021696905316e-08 1.4310061534010863 0.09169158240164665 1.4330266237577611 0.5060901479309676 1.1469762154748466 0.23109393287460125 nan 0 3.4668884413255574 2.748249475844869 -0.06302090127906111 0.15263552400639685 2.9452716834709354
2460823.8631603434 26 17 0 -196.67548393736433 272.5994419586598 1437.3205231283205 266.58025421797726 0.008995338248270111 0.0025583268569590984 2.7094029883926706e-06 4.313489164266667e-06 17210.2001256803 0.006708567023104345 0.05117388384717659 1.660404813910476e-05 -6.142682180076413e-07 2.6081072142766755e-08 1.6874121091740897 0.14241274856445632 2.372513243116678 0.5543719420633204 1.3468891563950112 0.2858210950380142 nan 0 nan 0 0.2725309249520638 0.2361529055747833 3.1538867272921713
2460823.8631603434 26 18 0 185.8583737554902 166.29554947878358 1377.5844673795154 38.99205294099892 0.0015194177200400856 0.0022098020552250314 -2.4330538915269194e-05 4.706048565463337e-06 17503.527744993837 0.006508396492247584 0.05813968037451691 5.983058848394784e-06 -5.84546770241904e-07 1.4996576836339857e-08 1.3113932331702274 0.15066243487239808 1.8596448372429348 0.08516371769672212 1.2416651161944756 0.36051267161756956 nan 0 nan 0 0.04258624177153259 0.029601060944526573 3.5768876395805567
2460823.8631603434 26 19 0 711.2721141043509 184.98316946920605 1600.9136799012401 16.87177627177942 -0.00938157789170192 0.0026880696429794917 -4.673666243254213e-06 5.5474354146602134e-06 17628.386022824445 0.0052251266394795735 0.05550092249432184 1.0404396658124916e-05 -5.113213779944309e-07 2.5566317598002025e-08 2.0704897901835766 0.1417593313182339 1.7571973267386471 0.041057013518916524 1.8680033673377208 0.39922384182449777 nan 0 nan 0 -0.0005172083015443467 0.010541308614527354 3.6839069640276905

2460825.906322225 27 4 0 -276.1603326502119 inf 300.9042929655099 inf -0.007300744676586599 inf 1.4786160081848565e-05 inf 15247.873399566655 inf 0.04814047208738005 inf -4.752841433168792e-07 inf -0.006077127262461068 inf 4.2630443103450855 inf nan 0 nan 0 -3.977250229713018 inf 0.3659013050780945 inf 13.295956439049553
2460825.906322225 27 7 0 -5406.451219756745 912.1705949098426 338.49608534880775 70.60903540739692 -0.003106002455122294 0.002267970642720531 -1.5502392289683087e-07 3.7973635879913746e-06 15671.3048553705 0.030049556475222963 0.04973458863157367 5.166578732149947e-05 -7.814041698345626e-07 5.252582815302726e-08 0.9319892843201922 0.3123051664516758 0.10169445428186397 6.066570415558486 nan 0 nan 0 2.366208192933575 0.7785336066040157 0.49935348749275704 0.3136044939589701 11.49247654462236
2460825.906322225 27 8 0 1621.3277299573426 604.4163629887389 343.2027352328402 56.55709035631171 -0.005512080998432867 0.0020618778908109772 1.6544696978158957e-06 4.131109006869808e-06 15777.171570076523 0.006517473287305678 0.046979457582238766 9.393374029707557e-06 -5.854245637701425e-07 1.7598368995889258e-08 1.2064551180851995 0.19459373415417355 0.8045142236683009 8.128086654291208 nan 0 nan 0 1.7288261672434226 0.4448490607642286 0.14025438031819845 0.18908670983564943 12.418634890423483
2460825.906322225 27 9 0 -342.0761639289898 669.2675336413729 422.04492468085107 95.6691212518633 -0.0001725805905919267 0.002636590619472746 -1.34290234936053e-05 5.82862353776575e-06 16004.501128657435 0.007410294374136799 0.05330252986923485 2.926904922493056e-05 -5.728981067288288e-07 3.9884645102354064e-08 0.8613382868709066 0.17579082341087476 17.839551821199013 6.691555590578794 nan 0 nan 0 1.0195384732678132 0.32339358263401435 -0.148702250507331 0.1942197985113844 13.783002475661124
2460825.906322225 27 10 0 -66.61670783381469 749.1109096483631 1069.3744504517908 736.9042140997909 -0.0011869506380674324 0.0057807438013061764 3.072629998053339e-05 2.4822282210834143e-05 16118.929103531327 0.008257819741074323 0.05086061075262881 2.5775261812957232e-05 -5.92319076436613e-07 3.4090704524207405e-08 1.2139860784368295 0.16165672134407033 5.359931509642126 4.5630902474056905 -5.626370367688972 10.566092440848651 nan 0 0.4373415755397045 0.3486500274440696 -0.5466856499495159 0.31296043352420805 11.518914045092279
2460825.906322225 27 12 0 -59.868754321060536 341.6693866263199 526.073850992556 153.02973601353017 0.03439578467046003 0.010464854758879564 2.88939630996564e-06 6.526208528009124e-06 16474.909218212713 0.009791247685774607 0.0547993477260368 1.1395483616435774e-05 -5.579691455803326e-07 2.5375896349006964e-08 0.44374361140541524 0.24480688402905948 3.10666348764979 1.8522725088849503 0.9901697325259192 0.396847522789768 nan 0 1.0742729998214566 0.3604063352681729 -0.22366679544050597 0.2262147084598269 13.278049108947826
2460825.906322225 27 13 0 37.16075867236829 inf 548.0976530262252 inf 0.0030916527216203614 inf 3.77528489683533e-06 inf 16592.542767994215 inf 0.05227205163167335 inf -5.747986693472074e-07 inf -0.0037246921530144153 inf 1.5526121496237575 inf 1.6151658613281608 inf nan 0 4.852470520800314 inf 0.008225295370178068 inf 8.99010948306422
2460825.906322225 27 14 0 -329.1714693058512 inf 518.5061737718198 inf -0.01356838011965442 inf 1.970303899061378e-05 inf 16704.444836412138 inf 0.04966641594437228 inf -5.547637696967637e-07 inf -0.002631510334854703 inf -1.4630071747866789 inf 1.0964173567434012 inf nan 0 -16.625663932778075 inf -0.10051957542811717 inf 16.07662158010563
2460825.906322225 27 17 0 -559.1171301704779 inf 311.0232360228422 inf -0.014097438342683122 inf -4.4099069522091745e-06 inf 17209.98166549732 inf 0.051097503585048484 inf -5.388568784528287e-07 inf -0.005353045727814702 inf 4.17264363162436 inf 1.484266247832119 inf nan 0 nan 0 0.43047560144187 inf 13.562645345802984
2460825.906322225 27 18 0 -202.64609819337602 inf 394.7641464213227 inf 0.016106951318941187 inf -3.6029727681809764e-05 inf 17503.129612943227 inf 0.058126312960234336 inf -5.647166612385399e-07 inf 0.0028640795699469007 inf 2.1385206608444234 inf 2.5304131526283435 inf nan 0 nan 0 0.07624928436670826 inf 14.057208431919838
2460825.906322225 27 19 0 153.6157912470918 502.85777757501273 454.0329906000258 15.77424711573288 -0.02944541430961009 0.0032234684540830777 -6.2588612554665865e-06 6.188567261530431e-06 17628.182645400448 0.014716798045967767 0.055496155386850696 2.866141183528369e-05 -7.667842860386519e-07 6.735792700947768e-08 1.2008801409092098 0.31990630904733935 2.066451990159976 0.15706634740447198 3.245342309544495 1.4182435950935839 nan 0 nan 0 -0.038339934953307106 0.03337901236755206 14.757672952222123

2460825.906322225 28 4 0 34.030194622444654 435.85672503279227 532.8003549811339 5308.85572136797 -0.007174328616018413 0.07143585704865385 -4.995239085586933e-06 4.9356157659076095e-05 15247.793532065169 0.022293682673284923 0.048178109167911785 1.88201665608104e-05 -4.5932360773639146e-07 3.519992084763107e-08 0.01902009389147295 3031.140112629539 1.1619907408152357 12.038933050123209 nan 0 nan 0 -0.015392666195114708 3.2805478915067052 0.002282972391885058 9.987916441702245 9.983127663897712
2460825.906322225 28 7 0 -595.0228524315519 inf 622.7362054281934 inf 0.000778214511240697 inf -2.2547860174461945e-05 inf 15671.65910338564 inf 0.049537854494199916 inf -6.146243606060431e-07 inf -0.0055185989285850695 inf 1.8731424911800092 inf nan 0 nan 0 1.0967536332285706 inf -0.07328117179620146 inf 9.220544975605947
2460825.906322225 28 8 0 158.45227962751642 168.82966729783868 479.8095623637127 41.71091891018509 0.008386789998676997 0.002102935571369694 -1.7550997595465114e-05 4.475460096192629e-06 15777.254865413139 0.00317251840250771 0.04700879954669655 4.368784464823031e-06 -5.66749980767594e-07 8.266184606758705e-09 0.2778287965091573 0.16152355793861833 -3.0632894671886572 5.1878924541757225 nan 0 nan 0 1.374047933036353 0.1857712674265944 0.07821330804445889 0.09434815370538825 9.198185108586008
2460825.906322225 28 9 0 -183.2332374458208 623.5382662943487 458.32567195750244 71.26822921724954 0.007336459497603474 0.002342213509902933 -2.7356642508559476e-06 4.374460966389084e-06 16004.537375440517 0.006718403764033138 0.05331175729565616 2.873336465429354e-05 -5.797337048277884e-07 3.869708177486439e-08 1.0561396703886106 0.1539746956146358 0.12277290193425439 4.429485999463949 nan 0 nan 0 1.3011544786706195 0.2993334449467616 0.029934928147537856 0.16130773658867864 10.41110764856495
2460825.906322225 28 10 0 -122.00055033319975 509.26457379578994 521.3728825929392 64.11067928745504 -0.001749302878391711 0.002112621056089525 -1.1868342786721062e-05 4.497118020255349e-06 16119.099638891938 0.005383559527919413 0.05088296633961856 1.4705589402867449e-05 -5.56213166474535e-07 2.1604629196469446e-08 1.071255140578785 0.14152697680587048 0.40815248682354904 4.434758511508174 -0.5873888363519782 16.91965334515687 nan 0 1.5657330039774786 0.2913567022491308 0.057324167841481984 0.1308841334448549 8.709059289487776
2460825.906322225 28 12 0 291.1207632578278 164.29456855249165 632.0775870363609 128.38549478928635 -0.005748488760165823 0.0027695576442606953 -1.2817468697871615e-05 5.857784371323696e-06 16475.19884560665 0.004976252974678299 0.05480985587871213 8.772603419649771e-06 -5.827884366613197e-07 1.399230203642796e-08 0.015460786720614492 257928.36207994825 1.6554471556219013 1.3121952610881324 0.9728001450143874 0.27387866472523115 nan 0 0.8674991171538218 0.22383952116637 -0.10625497829510626 0.18187234941071664 8.90029297474463
2460825.906322225 28 13 0 209.3500185795872 inf 707.7597538991856 inf 0.010504230447779836 inf -3.534435395018738e-05 inf 16592.790970484275 inf 0.05231266008055581 inf -5.79767711972208e-07 inf 0.0014503120964945992 inf 0.08680324700114778 inf 0.8512762847585784 inf nan 0 0.6670524560041715 inf -0.12678472217920075 inf 7.797015670435667
2460825.906322225 28 14 0 -385.40534816752927 155.14037044850855 740.4522095095641 341.98988326371017 0.011973177597063513 0.00672741385335606 -3.0803823475034204e-05 1.6457315003428678e-05 16704.600706558023 0.009543925294918605 0.04969507877046828 8.232938277539145e-06 -5.799059566337245e-07 1.5259684975265458e-08 -0.06963996905086388 0.3067210678998226 2.7268602851472137 1.7660278145110258 0.9370430907327247 0.531622096268076 nan 0 -0.04076512301483637 6.743542485095669 -0.07418616809206326 0.42770833049138623 8.632465401128744
2460825.906322225 28 17 0 276.43423853159084 193.9110792970708 787.6782967546499 304.1337299117908 0.007835308587013185 0.004123623735919839 -1.0820337998303992e-05 7.840122897689964e-06 17209.94264550814 0.007633228549456069 0.05111057841459288 1.2443058976740229e-05 -5.656429014330748e-07 2.2491907638717956e-08 -0.015628154380674227 280014.3036531663 1.4939493465485 0.7059636643516397 0.8600283920897426 0.3873984818373059 nan 0 nan 0 -0.1852908797812529 0.31499465118658365 8.754242645453171
2460825.906322225 28 18 0 -203.538562454188 216.42992965426555 414.82477664966035 13.040660034267528 -0.0025116295864505683 0.0020055058724397596 -6.15280533900682e-06 4.241652342941579e-06 17503.654915940595 0.010049557090240437 0.058146220919716766 9.139619686509524e-06 -5.491648051038533e-07 1.8816668793273856e-08 -0.01455724566724358 339838.762460171 2.803033347066362 0.1828859661041432 2.6077282157640442 0.9781185895558633 nan 0 nan 0 0.0792598797120654 0.03400281302417861 10.795701559234647
2460825.906322225 28 19 0 70.16574727818404 168.36874886791458 520.3756895480496 11.966132122989649 0.00651234055374395 0.0025822517680377686 -1.193902426227904e-05 5.308194547864586e-06 17627.921402634925 0.00888530674149352 0.05552227060595952 1.0814369972461953e-05 -4.896803601953274e-07 2.1731270357509576e-08 0.21596252339267227 0.22362814238950385 2.4760052828410015 0.1314887812444242 2.4232533859823224 0.9696495344041401 nan 0 nan 0 0.0410023159558982 0.02391659252003209 10.889527939816338

2460858.782176635 29 4 0 154.2318332455565 325.349310558818 535.6436132067072 604.8163305465421 -0.031009174568896753 0.03521667104214861 3.5712935839744666e-05 4.124537184497684e-05 15247.80190672664 0.012889426696940359 0.04816419115424716 1.829793199006585e-05 -5.340176880545883e-07 3.121857489178476e-08 -0.02891421778847536 2.6224835849078656 4.324748702966689 5.617220484233878 nan 0 nan 0 0.06779854004203577 4.638092424078216 0.21480739362488113 1.373229673825042 11.730859034518481
2460858.782176635 29 7 0 -7011.836184145402 971.2941949972387 693.3242836563602 308.4204342326343 -0.05974713197476566 0.027936136927206794 -4.1479265754716145e-06 7.992152458929959e-06 15671.455259513506 0.032112993146701636 0.04965151691236041 5.252947700281363e-05 -7.558767775230349e-07 5.36479054909942e-08 0.9644969034088245 0.28794739439884337 0.0009830642032509218 3.6524228727914507 nan 0 nan 0 1.1541128239119947 0.6727890432973265 -0.060280975229386434 0.41859470361445167 11.34997722864978
2460858.782176635 29 8 0 -192.88680862857737 567.5798159336534 544.344252872767 95.42266498681022 -0.019059892882124747 0.004572812830075087 -1.513611881791311e-05 7.546229622305278e-06 15777.161227026898 0.006218549403250159 0.04700026891596108 9.008996483284228e-06 -5.571696734102921e-07 1.6759820184759265e-08 1.0381621889323283 0.19038148685052683 0.03962549435670937 7.659011834423561 nan 0 nan 0 1.5525430174642367 0.4136196639549336 0.01862613297643939 0.17969306358294226 13.65953279116252
2460858.782176635 29 9 0 303.1134845715852 733.6078428199969 458.3105865005099 92.82209073603947 -0.00168814718344484 0.0030126870298969803 2.3919862361087253e-06 5.963806822856385e-06 16004.467979221054 0.008669901307539 0.053287705736613206 3.496601796538205e-05 -5.413850591535834e-07 4.733481752792452e-08 0.8894918873845515 0.21258426848439593 0.05178661937894764 5.871562754251557 nan 0 nan 0 1.3093241465720458 0.39602318417333365 0.0903463069288542 0.22241645017445677 13.991633763150526
2460858.782176635 29 10 0 -80.06347410212277 415.26977307210893 495.96261628856996 104.92702123925254 -0.024168502973322396 0.00576226272652342 4.484146116726284e-05 1.1499867004323591e-05 16118.971977174893 0.007224820505816037 0.050846326827597245 1.805669938979145e-05 -5.644609677952661e-07 2.6572814767548695e-08 0.49192537121344837 0.22462061487121854 18.698588078416076 8.591791965087758 15.617071517343469 25.67400674407082 nan 0 1.1751258362357113 0.36218083056953226 0.12639138160635577 0.2395225053318917 12.832260994482658
2460858.782176635 29 12 0 2359.192589378962 686.4641703621995 345.32890514048853 51.87354733534418 0.021459550356096483 0.003856866294820133 -1.5022969143252482e-05 5.092535732457952e-06 16474.88419163786 0.016505176662538614 0.05479345253960399 1.9769945336398916e-05 -5.263352291705583e-07 4.2484201367864986e-08 0.9416574318450609 0.3374375428063486 0.8886084962079622 3.314445196883241 2.6690644628595694 0.7828870311233398 nan 0 2.133414462381997 0.5089184274879952 0.4081589316463833 0.212299715149841 14.593183414119897
2460858.782176635 29 13 0 -610.3668516341156 344.840353251332 549.0561995662027 586.1611410738076 -0.030108501948876352 0.03211405835897203 3.423498161631136e-06 7.505699521673324e-06 16592.652496948125 0.015617491951580418 0.05236071579553475 1.774753943980218e-05 -5.825918330772548e-07 3.814509085352944e-08 -0.02056310542527403 267.5946011744416 5.02701020673566 5.801707289981194 1.2039224236412827 1.6021455192550902 nan 0 3.0813487253843497 4.242397902636977 0.005424739190597708 1.0740164980130311 12.542003069903496
2460858.782176635 29 14 0 -10.737092633954944 188.5811968033485 561.7165479720431 289.06645101944173 -0.01969274088665657 0.010099757977400849 -5.577135316655012e-06 8.080338899726623e-06 16704.50982493299 0.009893978352271805 0.04967305077829261 9.102800322379319e-06 -5.742318719496423e-07 1.4281653000711551e-08 0.012945223924472877 780446.2579283132 4.092646705266335 2.878543081501435 1.0960031949632114 0.7177851850524657 nan 0 -2.2070954545640684 9.79574679980391 0.005351734642126362 0.5175023253976521 12.487695623533412
2460858.782176635 29 17 0 -652.4509036897391 inf 341.0781959347782 inf -0.022089805129980336 inf 8.600908397225304e-06 inf 17209.83109905359 inf 0.05125768873227561 inf -7.090894741529126e-07 inf -0.011158819781030012 inf 3.8036498257589253 inf 1.869854157876093 inf nan 0 nan 0 0.18847170983669073 inf 17.656316669692774
2460858.782176635 29 18 0 -540.3396863982567 368.99483150049326 347.01661376430377 15.728366357070032 0.002490667361797411 0.002957324556102054 -3.69130765751028e-05 6.41736524469839e-06 17503.25221313048 0.01638461439382753 0.05810244649024873 1.7467556737918652e-05 -5.551728765905691e-07 3.239719420397011e-08 -0.020801816241896018 252.46150288782823 3.659969612284636 0.36483489699260147 2.989937186942478 1.742969965998819 nan 0 nan 0 0.05092223431978296 0.047629336179241186 19.652978772551798
2460858.782176635 29 19 0 -10360.591388043022 inf 366.67074336371013 inf -0.012214183190434352 inf -1.574499718776514e-05 inf 17627.93042922206 inf 0.05572105771567831 inf -1.251178549590656e-06 inf 0.00451381934325551 inf 3.0469875688284014 inf 8.70855688161134 inf nan 0 nan 0 0.004781987079064348 inf 21.172736631921786

2460858.782176635 30 4 0 -599.1856356464416 inf 918.1645104530295 inf -0.00860296604988807 inf -8.224654830265341e-05 inf 15247.93349732061 inf 0.04818284451927354 inf -5.562187788479624e-07 inf -0.009371405187904434 inf 2.217402345534001 inf nan 0 nan 0 -0.0006478960472315193 inf -0.18512585627707878 inf 11.11728743378482
2460858.782176635 30 7 0 -849.5045247613423 347.9613993648217 693.8455911187144 261.52178360814827 -0.012483660140265215 0.006624929415328622 -2.932767158447381e-05 1.3675707470435303e-05 15671.420339714075 0.01165795434875043 0.04945394619402042 2.0277983259726744e-05 -5.448747235590052e-07 2.4909995070217117e-08 0.0688818748295319 0.2849303060738314 2.9496896351346353 4.329903236094791 nan 0 nan 0 0.996361916931895 0.48754997717153953 0.03283399231035513 0.3896398175640949 10.884922796008507
2460858.782176635 30 8 0 -101.59317546790847 522.8290004913392 607.0915998033387 128.48752793321444 0.013468005197789287 0.004383804147557304 1.2740338549654109e-05 7.427064889404325e-06 15777.245132845916 0.006569630301178605 0.046999444906404425 9.672212660273502e-06 -5.946411298559157e-07 1.8058564665734223e-08 1.1082347254200495 0.1885894294676529 0.34381419172584754 7.454913426929508 nan 0 nan 0 1.369965324997571 0.4253198617645109 0.14485563138952381 0.2433994716718399 11.659073702633165
2460858.782176635 30 9 0 351.619281459558 822.3100125407419 597.8872753207628 157.6701922327791 -0.009743094148188169 0.0049116217702650225 -2.580021170848458e-05 9.767878666636542e-06 16004.57389783732 0.008918187987131912 0.0532968597892918 3.5823238636210855e-05 -5.747933185478019e-07 4.8909011254603544e-08 1.0081122084958698 0.19808306156791522 12.388998628298575 6.252768834908303 nan 0 nan 0 1.0402137616232254 0.3837342013201576 -0.08811831973716493 0.24187939698261116 14.230918267304741
2460858.782176635 30 10 0 -116.41587878468752 661.1769236307795 662.0610614196484 148.02992073179692 0.012296899407575263 0.004824389607288141 3.627527096270526e-05 1.1466758624555348e-05 16119.004063745619 0.007611860304598825 0.05086395362818062 2.0137377560312862e-05 -5.545386329426115e-07 2.9608306730025554e-08 0.9576415891526351 0.19525840619842935 -0.030842022118925172 5.83712787533448 0.16035089190558194 20.996887532289094 nan 0 1.2254356205641428 0.3896398386659346 -0.02400527288283401 0.21936605394522843 12.220448803609035
2460858.782176635 30 12 0 -8087.639229177581 inf 668.3386691680689 inf 0.010517170793514755 inf 9.18421816440832e-06 inf 16475.099405220742 inf 0.05481063823651793 inf -5.309201157014225e-07 inf -0.007757994115891072 inf 4.086141658351296 inf 0.7022334285303459 inf nan 0 0.6319919636049528 inf -0.2721630676814001 inf 14.524463836382665
2460858.782176635 30 13 0 -185.4446551880982 285.75957501009583 682.1272359466748 984.9554905192617 0.007787048816814621 0.011860027350342013 -3.79489100374378e-06 8.770674941036697e-06 16592.684648070215 0.014628868216895673 0.05239219120781505 1.529574890829172e-05 -5.921266685508277e-07 3.3378050008647127e-08 -0.018441558367370554 4026.0715923447174 2.306872400331919 3.640847868902584 0.9194205124936274 1.5745675689461471 nan 0 3.5915796857559372 5.714606401511003 0.00419887497793521 1.4505002317979707 10.384365983521555
2460858.782176635 30 14 0 -6736.9922604855155 998.1004354179217 492.0608798345027 233.76107158887635 -0.004982748856798634 0.003756926783269305 1.7977419949029592e-05 1.056393202901192e-05 16704.74108849317 0.05353740819566602 0.04973638922648737 2.3124334775039854e-05 -7.037699764481396e-07 7.96398877850484e-08 1.5147283489605146 0.41158380518908844 3.996988530487586 3.2654264527458707 1.5952361561903543 1.0095066937388097 nan 0 -0.08809098339706573 15.145707957946362 0.15605908447662586 0.5495716352154162 13.373647865589005
2460858.782176635 30 17 0 338.78485158755205 312.8938660307984 558.3701677377452 169.05154400503008 -0.010628624127059333 0.0055456778343445385 -3.628434160814494e-05 1.3880986352457441e-05 17210.18675723661 0.011399230474398584 0.05149825546479228 2.1628054637707814e-05 -9.975202292621916e-07 3.504981842309752e-08 -0.018746024931667875 1939.9781346361028 2.4526348943609975 0.99742547157245 1.0941133380453767 0.4943415339266711 nan 0 nan 0 -0.13674206415947887 0.2619513321586968 15.74407475438048
2460858.782176635 30 18 0 -450.1634360533975 inf 361.60558154048823 inf 0.015466387057841258 inf -7.333668468504184e-06 inf 17503.50380996147 inf 0.05814146486579389 inf -5.171583215650294e-07 inf -0.0053027504856106855 inf 3.704678498701018 inf 4.8462354243794135 inf nan 0 nan 0 0.12642970001525292 inf 18.527184520388477

2460858.808304985 31 4 0 670.1409241689581 inf 622.4702534241327 inf -0.00824166329116993 inf 5.479134618840336e-05 inf 15247.819716395219 inf 0.048165019590607656 inf -5.416101356764805e-07 inf 0.002715652807074767 inf 4.181807740000969 inf nan 0 nan 0 7.2367643221813065 inf 0.1667345839895823 inf 7.730830441762573
2460858.808304985 31 7 0 -1388.298987634562 660.8589201316644 805.8479482870559 222.16437339721662 -0.01210641128637024 0.004910117500392741 2.0176292793883564e-05 7.51378465989999e-06 15671.412217289866 0.02116554849786582 0.04947808932513752 3.515066892171191e-05 -4.913607508487263e-07 3.633603080877943e-08 1.2714845058043336 0.17438108486565085 6.302638928159165 3.1173737010814384 nan 0 nan 0 1.2000227819150502 0.4345466919966334 -0.009961559646866394 0.27332977685766663 6.727650530784271
2460858.808304985 31 8 0 935.1242837684738 343.52592834683253 723.536138999862 88.73258026406397 -0.013695100371825501 0.0028007742200886936 1.1622817807193388e-05 5.223327607475612e-06 15777.165076482333 0.003996199312595425 0.04697653077559708 5.727759391496826e-06 -5.785468467904642e-07 1.0653728821134511e-08 1.1979384345577175 0.11300200177572636 -0.12107986368246659 4.411042728017278 nan 0 nan 0 1.4180974239245516 0.2562378266999008 0.09663084147749901 0.13514026771325865 7.15070644058448
2460858.808304985 31 9 0 534.3091249404392 475.057256781173 606.3458022820608 70.27520799951627 0.035477667227148464 0.004413141032959101 3.135175321030464e-05 5.922186674699507e-06 16004.38899271997 0.00598953563446999 0.05325085098992018 2.3574538935418277e-05 -5.0983706916191e-07 3.1460172488493443e-08 1.0845755577969474 0.13789898032370335 -0.15066081838183365 3.918913959883537 nan 0 nan 0 1.5383281232130082 0.2767904790375548 0.3368526634326918 0.15602476700924872 7.655741172964103
2460858.808304985 31 10 0 79.51538522058277 361.34593195581414 634.2880122847772 56.05273974397215 -0.007094177019279305 0.00205093430125482 2.755517393379203e-05 4.7717622508219615e-06 16118.938555141747 0.004529523520732639 0.05086137370347682 1.1226574164779935e-05 -5.48892888602607e-07 1.7276960124272568e-08 0.9795278335656622 0.12600264692749716 6.085798572012596 4.364999749193438 14.991922364184981 15.719097687067014 nan 0 1.7970321690970061 0.2511097995325726 0.29625363446354813 0.11529004522796638 6.633234780977333
2460858.808304985 31 12 0 -532.9192954548037 826.5371474190616 919.8631896519296 554.069378642119 0.011203339845970951 0.00869962175520512 -6.757813451726427e-05 4.2235706377443095e-05 16474.921063833746 0.017674235615835268 0.054785667181878335 2.0599859540852475e-05 -5.546451001562941e-07 4.531992626454117e-08 1.3009331752250415 0.3169541477080818 -0.0146596219325303 2.410254999636222 0.9668116614080464 0.7788684046288586 nan 0 2.5033176597022058 1.659351804714614 0.06411197991363372 0.6416394331116626 13.403061868842636
2460858.808304985 31 13 0 -275.7431556957552 337.71134137543663 1067.771963281653 900.2595725805736 -0.000629786097705738 0.0028929518282487013 5.226672198080843e-06 7.426896652172762e-06 16592.607164610286 0.014803633135439441 0.0523360750677476 1.5728840990242177e-05 -6.168017394961424e-07 4.828518243552088e-08 0.8792356218213339 0.21422098211255203 2.714005770131725 2.404266538425459 1.0738226954896364 1.066822470471964 nan 0 0.7402395634393468 1.2627486630905806 -0.13951931480909838 0.7257298627870318 5.864597980105151
2460858.808304985 31 14 0 -295.6136097461324 341.7375119741934 725.6153576246567 150.7143944572694 -0.011152520924991183 0.0030338316757378817 -2.280047742887532e-05 7.238843447211592e-06 16704.500564549377 0.019981914099279637 0.049677178299593165 9.493368566477992e-06 -5.618551356552775e-07 3.02241313069297e-08 1.04618953557957 0.16295170661269268 3.4975013446058667 1.4274338829074744 1.5981056130151339 0.4496026902114774 nan 0 3.28445895374364 6.764626617506623 0.1406293337964983 0.23706202948132024 6.6703263053596515
2460858.808304985 31 17 0 -141.96106985325912 355.49130999849876 658.1068345535066 173.75159818177931 -0.017571687640352007 0.005461609268745403 -2.7428127331171813e-05 8.574656171280261e-06 17210.022805101853 0.009727136524502989 0.05108370998144489 2.3471760115176133e-05 -5.487065050563829e-07 3.662493488281486e-08 0.9231096446927087 0.22878602392387876 3.4384351627350216 1.1863002081762786 1.6978373713771506 0.524660815358509 nan 0 nan 0 0.17469332224850045 0.3105867384714097 6.993143201118598
2460858.808304985 31 18 0 554.4069414290351 462.86658628672023 755.309992518055 32.90919343545607 -0.07688129594345292 0.004591035185387615 2.8288359472103232e-05 6.7396946592905546e-06 17503.14409510713 0.0175272588251835 0.058101880580342796 1.6584542110499292e-05 -5.802156088156807e-07 4.1618937049985585e-08 1.7336899046014915 0.4384996337729064 2.9291117224564043 0.2571700541788628 1.6100003166925072 1.213038890466198 nan 0 nan 0 0.3175035760357992 0.05761338329266411 9.228094411545614
2460858.808304985 31 19 0 673.297267436394 349.24514226564514 723.6098160265656 11.952033984049375 0.020561788427984992 0.0026917518134291457 7.069249197193723e-06 5.46896834289887e-06 17628.039327904567 0.008934093413756936 0.055476731028024966 1.9678119017294674e-05 -5.796251813672397e-07 4.517797952433631e-08 1.5755831449904358 0.24224008251494647 3.554022471998432 0.13979337027310168 -0.00031450886381101384 0.8790318780275326 nan 0 nan 0 0.08065720836744522 0.01777436710438953 8.154473633351373

2460858.808304985 32 4 0 278.6257255174187 167.11861612901288 560.5007899512912 113.28017836389519 -0.006663109351527075 0.001696893243964892 -1.691602674007843e-05 3.782536679138084e-06 15247.951128600025 0.00657243975023692 0.04818161781723995 8.112759552289992e-06 -5.476564514822854e-07 1.5416085678797905e-08 0.6857295566088702 0.14587818052906407 8.889771947547365 2.3145455980582197 nan 0 nan 0 2.8073993803538726 2.986228962553075 1.269524242119747 0.4596170924577731 3.6717738392818937
2460858.808304985 32 7 0 -512.1722606682107 312.1145039716648 1339.563783429899 151.85508028294194 0.016032972897753912 0.002623162287364348 -3.7740271186716733e-05 6.404242165006092e-06 15671.43516600899 0.009730630564286932 0.0495317210696164 1.7834400809894818e-05 -5.878240532292895e-07 1.7663673023594146e-08 1.0907136270179059 0.08690891847158261 2.2360905868264176 1.5098798574295451 nan 0 nan 0 1.5140275853654546 0.23116819716915848 0.07532228048072431 0.12210560800037071 3.5096095922803126
2460858.808304985 32 8 0 1191.8763081476527 236.6034375631963 1139.6477945520558 88.41439566269618 0.008127377436592611 0.0029009987306551736 -6.629440988600286e-06 6.08781691508984e-06 15777.246966272947 0.0026556846409969926 0.046997196299599635 3.832077999167236e-06 -5.888619298617715e-07 7.202759758234795e-09 1.0506116132313776 0.08090789063264758 -0.0006418248955751826 3.212372264372216 nan 0 nan 0 1.4996542069933487 0.17537808593226237 0.052914156903612425 0.08214877610129606 5.526415196116904
2460858.808304985 32 9 0 133.60572916946543 259.30536087759447 1010.8339056315959 59.66683467303024 -0.003159898516482882 0.0019450288725242468 -6.943374472488327e-06 3.7952760211029455e-06 16004.608071575987 0.0025466235825440877 0.05328197289050332 1.0825004837219613e-05 -5.417414268011046e-07 1.4746141950051475e-08 1.1486468330423532 0.06144409225703814 8.21098376623614 1.6629939198582864 nan 0 nan 0 1.4709348523618941 0.1302179700226279 0.018371794276967536 0.0606140353436268 4.0906549670319166
2460858.808304985 32 10 0 -5.836855544964379 195.48710638030246 1580.9372975819283 97.49488104159596 -0.024389508964937065 0.0028203559875708112 -5.9981361221119355e-05 6.114772756589914e-06 16119.026568948404 0.0021475803082445367 0.05089142156832958 5.887424351364541e-06 -5.455670482891167e-07 8.648842595987403e-09 1.0634119751242523 0.05383370829112305 2.5131033690223377 1.6215486523120128 5.782781580924733 6.010702239588355 nan 0 1.2645217592772384 0.11119730621716473 -0.031091048481891235 0.06006983844411044 3.3909135234035688
2460858.808304985 32 12 0 53.62202666502055 210.21868187782886 1529.9099857481042 271.9473064273308 -0.01028648820857673 0.0031606336792879847 -3.750404621331577e-05 8.57669622236494e-06 16475.09179660838 0.004380932729065802 0.05480494880847442 5.680791294117826e-06 -5.636425438053175e-07 1.1846223088930766e-08 1.1671449882157503 0.08692116792706493 2.3328963048734934 0.6826659864552715 1.0184085907332843 0.23492229799120665 nan 0 1.1779150042656734 0.22413459471108335 -0.17823456463299428 0.14623620499586787 3.740609546516406
2460858.808304985 32 13 0 -298.2177538634355 220.47418488517636 1999.4177646163484 1008.9069806127826 0.025292154116363007 0.013259719244082558 -8.43920557450697e-05 4.308050258935137e-05 16592.704256668905 0.008981232216590961 0.05233767384430446 1.0046412334989142e-05 -6.131257640045054e-07 2.932536440354553e-08 1.1378513566747275 0.13290205724069018 2.7309369341605896 1.4445981035918272 1.2029090860481333 0.7117302468950042 nan 0 2.1628148047833737 1.2721048819103173 -0.0828684433802369 0.4629266374889067 3.085133420654988
2460858.808304985 32 14 0 744.4281258731534 244.26430793352716 2011.9337026473713 350.9014964592354 0.027208473586873026 0.006295200071012081 -2.798557829590653e-05 9.364064087193188e-06 16704.69208684563 0.01369665462890264 0.04970176638834423 5.831046207976792e-06 -6.540890842787735e-07 2.052268000003159e-08 1.399004729654694 0.10313636588772121 2.676220949836972 0.7068602173095709 1.1429947341072249 0.24756826109701308 nan 0 2.46033685330967 3.06496532948087 -0.12537070821998478 0.1526108426278365 3.581657640914112
2460858.808304985 32 17 0 418.7157987542556 275.00113616857146 936.4738428722186 151.75654099137068 0.007364339267743143 0.0019593597368863535 1.358021988459408e-05 4.048227529065327e-06 17210.221944541612 0.007992524105660264 0.05111728222141242 1.7461584411049906e-05 -5.575494775251281e-07 2.6705102066805726e-08 1.3330773511062273 0.1837396221256413 6.322381185401629 1.4212715362096988 2.5330148415234337 0.49834799713751504 nan 0 nan 0 0.7197998746911999 0.27926476019302676 3.91002632759353
2460858.808304985 32 18 0 -461.291791522426 246.6193105556556 1213.9702595990452 25.860605692073715 0.031010070909124273 0.002691306845918699 -4.652851465186046e-05 5.5776605005231405e-06 17503.535247472337 0.008843184399071684 0.05812254983545132 9.360396510049141e-06 -5.773261548447725e-07 2.2523342688973855e-08 1.6432396316174869 0.24494186699663845 3.276879080530403 0.1293389629256165 0.8642979944992848 0.4675483546190705 nan 0 nan 0 -0.03478469100180213 0.02063137394446781 4.799594366547542
2460858.808304985 32 19 0 968.6906018361982 210.1574691606402 1456.7969687936525 14.083683311462538 -0.00353631585098607 0.0030731056130133667 -1.054248896287401e-05 6.302262616802078e-06 17628.468150365232 0.005466076809396107 0.055482174086125075 1.1933392016823458e-05 -5.729528613073172e-07 2.654511417636805e-08 1.5884806075258375 0.16462418129340803 3.3774319365533367 0.07593046584211234 -0.00845519831182039 0.466954364067905 nan 0 nan 0 -0.0044789886757969485 0.009553225790789769 4.589090459587991

2460862.802101874 33 4 0 638.7647840007564 213.22628802896654 690.4383270333032 203.84032018864715 -0.0051210691004798395 0.0018740610430576657 -1.0386092277634115e-05 3.5477083863285104e-06 15247.902242540922 0.007714903163102919 0.04818799738730192 9.414038455762346e-06 -5.361133208953629e-07 1.7846025732308738e-08 1.2970381367386499 0.17134499391602415 8.863769615574027 3.2272161659767717 nan 0 nan 0 7.555645323932106 3.73597475463381 1.395259151886935 0.7081205605476446 3.160869672809024
2460862.802101874 33 7 0 -698.5966649035208 246.2797101251582 1663.2690627179081 179.27077420618465 0.0009191322940970501 0.002544731177457822 -3.2602687973528803e-05 6.17438348636871e-06 15671.365532618953 0.007944771065414406 0.04952431837394626 1.3898917286114572e-05 -5.931982889232472e-07 1.4381468898051393e-08 0.9970787251093869 0.08307274539771624 3.6852008785729526 1.3286788039820254 nan 0 nan 0 1.5759231285716186 0.2271350480228692 0.12636460186061013 0.12158264188637141 2.9570362730821245
2460862.802101874 33 8 0 526.6329929091071 134.39797680590647 1624.4475908867162 88.5261506148585 -0.010166042877183104 0.002330959391083615 1.180863434801001e-05 5.0154246371510325e-06 15777.178671264417 0.0015985499986859093 0.04698003543937034 2.3097136809819015e-06 -5.883579567679692e-07 4.2802521646785626e-09 1.039229662442251 0.05743793104102744 6.137355380170502 1.9302577911072663 nan 0 nan 0 1.4678520412584737 0.11923156513708581 0.07458645841781171 0.05889235728722748 3.1296013538721494
2460862.802101874 33 9 0 -327.61015915661045 176.79536443742893 1554.7561255802661 69.62718457168218 0.017409637860657665 0.0023593604077693053 -4.4164251444497325e-06 4.663640170518703e-06 16004.52233003842 0.001979363963108453 0.05327016937791188 8.024676824205132e-06 -5.409116503144123e-07 1.0996457630561751e-08 0.9584788340391172 0.05340517189910574 7.282594292766579 1.402029105993096 nan 0 nan 0 1.5248614071333861 0.10464143798252543 0.12083606058207905 0.0506200627351356 3.25948710704844
2460862.802101874 33 10 0 567.3592551562878 148.11901598964312 1905.9185364627676 103.6305542776305 -0.032016818985429456 0.002919325810998994 -4.639678421124094e-05 5.5424063534739955e-06 16118.914852863436 0.0017420740435416982 0.05086062033957503 4.7392534592357915e-06 -5.530334662056675e-07 7.100924718989843e-09 0.9413009564049912 0.051227895499630596 0.1470200980234519 1.4247794647904353 2.941079458535368 5.195345504154137 nan 0 1.365278672139364 0.10533658290280917 0.034644325751482956 0.05656147674115447 2.8047636714746282
2460862.802101874 33 12 0 348.98717193028057 171.19647579120144 2017.8851766297794 175.55304356934369 0.030667737658009567 0.003923049530448562 -5.1022216581470654e-05 7.48162365131901e-06 16474.954000237074 0.0037973330205174553 0.05479553911626424 4.323287227072192e-06 -5.399618125452929e-07 9.72500335427893e-09 1.0873657435114383 0.07312931460577705 2.0671775983964693 0.5996695616769193 1.3360207982106977 0.16893127360901805 nan 0 1.5326970988910207 0.15062624008199355 0.03530541289308468 0.09020613158440224 3.250066334963807
2460862.802101874 33 13 0 -80.68291230263243 202.8839294860046 1903.5390509692068 754.2666798820636 0.0010647038298921643 0.0023010108470469777 -5.26872705149677e-05 2.1482375921974226e-05 16592.584782569516 0.008364402044280218 0.05232544078132951 9.464455511557553e-06 -5.700445373116927e-07 2.6918558947332976e-08 1.235665935083515 0.1311837440691988 3.4353568963223955 1.4526816190235183 1.6196203472505215 0.785909877922446 nan 0 2.0687228712806376 1.1135790654040327 0.24673641936319382 0.49420233178322803 2.5535998650062455
2460862.802101874 33 14 0 1004.7366514115756 192.62337639851984 2501.1668847696137 388.3873518734888 -6.871636508790069e-05 0.0034743401347284565 -6.39929478973623e-05 1.3077533722506273e-05 16704.51208057253 0.011283723489055167 0.04967925744830528 5.182576795287022e-06 -6.291112328599145e-07 1.6856975150203408e-08 1.3292395460156488 0.07938782949732075 2.4959791799986104 0.5742987666658053 1.1193675457390786 0.21368605096558024 nan 0 -0.1190735875292725 2.298851841805984 -0.11799228440816265 0.13701274486803644 2.8452342411607257
2460862.802101874 33 17 0 -261.7971819740334 240.07062505507585 1367.925627224822 205.5347284010897 -0.03093775518608096 0.005499568104153176 -7.161456227508767e-06 4.3094063534359385e-06 17210.0215460266 0.0066865654250574695 0.051147820659902525 1.4951750824736051e-05 -6.158631795227958e-07 2.2660299828409067e-08 1.4886047702469223 0.15339637767186476 5.088701362229743 1.0113384543144706 2.079510082306865 0.3729475848833741 nan 0 nan 0 0.5080326860334297 0.22695795679631123 3.160938312564842
2460862.802101874 33 18 0 99.62024324931657 171.81319386204606 2043.4722534348832 35.7700677282533 -0.009416346474014674 0.0029917853727330665 -8.193308196553701e-05 6.404467560779936e-06 17503.15139444166 0.007659662342050948 0.058113679681808666 7.510561184303727e-06 -6.112785781156624e-07 1.8714404235421903e-08 -1.6430480184877672 0.18098641845685645 2.908402615835519 0.09325706429976552 1.0010204083132959 0.3402399401685086 nan 0 nan 0 0.03181541656264623 0.018116697465325227 3.236255557749
2460862.802101874 33 19 0 623.3724294766428 168.2318922849568 1927.225728076808 14.039553911115597 -0.02848765534523143 0.002944974590457408 -3.4415108010339356e-05 5.981057423364776e-06 17628.15506559622 0.00418893085381292 0.05546495766633239 9.467270926791456e-06 -5.521847658681743e-07 2.1464541662475105e-08 1.9588426401670198 0.15886965739442097 3.266327772534803 0.05676836508742172 0.0017357226585127394 0.366666927052956 nan 0 nan 0 0.009207920226974732 0.007304158444806138 3.344669424606105

2460862.802101874 34 4 0 303.7979302179828 217.36560953321 1732.1554540748778 1640.9300273795427 -0.11979424975301473 0.113851904692619 0.00018844548146877466 0.0001797243221687357 15247.9314739898 0.008599848437537309 0.048211450461635684 1.0143027688958983e-05 -5.463425529292673e-07 1.9220463061825168e-08 -0.6204214691596176 0.1887916400149141 2.804128066875847 2.901049063336973 nan 0 nan 0 -0.024663332448231712 1.5565698734494446 -0.10459288227815931 0.8487937688582863 4.994144959232566
2460862.802101874 34 7 0 -801.2244931974018 221.59918922297177 1758.1093118454862 327.3087250181539 0.006055514605932049 0.0024880010842664815 -4.586223324708312e-05 1.0262202733599383e-05 15671.428772086792 0.007516798698970587 0.04952791455227765 1.2580218846657467e-05 -5.90695888933797e-07 1.415030525370155e-08 0.9268788518863661 0.07670229873949587 3.840835633857209 1.355257315340923 nan 0 nan 0 1.380641080971804 0.3133121383174905 0.037996295287182104 0.19341557858486114 2.809259369913107
2460862.802101874 34 8 0 48.2595888437817 137.2957232204438 1551.2155483937713 69.73175880340523 0.006400916204864098 0.0024581554373158602 -1.0521342875604055e-05 5.282807791705231e-06 15777.227935991361 0.001614922781002685 0.04699564623661851 2.286259518695076e-06 -5.834622997996374e-07 4.3040079503938365e-09 0.9408310543920403 0.05100043656850032 -0.21811140100225956 2.072667984842808 nan 0 nan 0 1.5524700021025712 0.10683423628476742 0.07514598277650723 0.04862472766304353 3.5201018580397987
2460862.802101874 34 9 0 -737.5313125943713 171.6444654982208 1381.0076689722607 70.48926809783121 -0.014335445576940704 0.002169253949231567 -1.9081821285440364e-05 3.869754270126906e-06 16004.54727688012 0.0018913371792427787 0.05327468103862273 7.761247606336893e-06 -5.177614170706765e-07 1.0581574139070531e-08 1.0073713246488023 0.047111448670353204 1.7476624030822525 1.1339538327548664 nan 0 nan 0 1.450027926339229 0.10687420630485797 0.02255728820383578 0.05258453615103626 3.0153758172150056
2460862.802101874 34 10 0 -32.970254537757754 143.92573860812848 1824.4010379918482 100.56442413225113 -0.03881035090370496 0.003034291227671193 -5.442017525605011e-05 5.547729443543217e-06 16118.980714113435 0.0018989035547534484 0.05086590530959952 4.576745307068907e-06 -5.707598814954974e-07 7.126018450212905e-09 0.9344915647676062 0.050850578468178635 1.7630925395709718 1.4638379278190576 6.359751953373117 5.360582679430161 nan 0 1.5106048184069882 0.11638913354934846 0.08216897927668296 0.059942347702627664 2.7362491940723537
2460862.802101874 34 12 0 85.1632173964605 168.2952542269954 1754.8412579944188 225.30892133780046 -0.01191714750650321 0.002806059815136595 -5.707868901058977e-05 8.716257794356848e-06 16475.048349179982 0.003908385586366491 0.054811313208856655 4.3480750262028845e-06 -5.434373518653978e-07 9.889321739350211e-09 1.1544364277427097 0.07702225392822601 4.387599576568518 0.7757006663812303 1.2189808394940347 0.2120044777876807 nan 0 1.3040355356668767 0.18357471224678223 -0.06050239619430396 0.12081668637307363 2.9598455446630187
2460862.802101874 34 13 0 -521.3885469376177 193.45623506581165 2633.6379448653975 2359.078567000579 0.008614414353215395 0.008644233806373922 -9.752185665799997e-05 8.782683228114106e-05 16592.659299904157 0.008501310196084445 0.05232418297196259 9.697953785544863e-06 -5.40982976990714e-07 2.613908790865966e-08 1.081958343569861 0.14033393951582046 2.608442410412366 2.3843194580567717 0.989749824099033 0.9922277200311778 nan 0 1.67127422048213 1.5899907421935733 -0.1280360931846733 0.7812061874690297 2.5935589718972825
2460862.802101874 34 14 0 23.269266384395156 178.9188533134575 2077.2099570366186 308.8533072087261 0.01043739270219672 0.0035657787342880517 -4.53018939373646e-05 9.728627524553292e-06 16704.63525325253 0.01028203371500184 0.04970312157720126 4.894788940376214e-06 -6.178172154620555e-07 1.55835627768322e-08 1.2607424932551907 0.08083908522626963 2.260413267246816 0.6007715731817533 1.4173712946952597 0.26460322282055376 nan 0 0.0229778996179901 2.8677099868444835 0.0361935228061168 0.15414722117388932 2.9011836099414308
2460862.802101874 34 17 0 374.53736381431395 234.15500512438493 1491.1327580842499 319.1809281384312 0.003769581788986643 0.0023567880507762134 2.4972939729019065e-05 6.8930011755443004e-06 17210.165987471395 0.006705056749482646 0.05114534228875584 1.4605811561632065e-05 -6.225555498637397e-07 2.2236843449468407e-08 1.421662617331387 0.13872087777275802 4.442462591179478 1.1868880308376322 1.7914733325559287 0.42977144034729586 nan 0 nan 0 0.2860082751708557 0.27564933173716344 3.1995234924447993
2460862.802101874 34 18 0 -872.4219829929797 192.51378093043627 1585.3932529114613 30.968030160845935 0.02233428474364312 0.0027750837199336884 -4.354998042018001e-05 5.808001617132e-06 17503.48581377333 0.007409896806940056 0.058133902450384176 7.233487463234638e-06 -5.699951453653908e-07 1.776082307593164e-08 1.5159704106985357 0.19609662180449172 3.303852143780493 0.11296692913624924 1.3213665651759314 0.37482285414670835 nan 0 nan 0 -0.02564860843941326 0.01909605227045317 3.835988919397572
2460862.802101874 34 19 0 635.7664377472992 197.50476441293125 1768.2906132651106 14.006587786876201 -0.017153652251435347 0.0030361997180588197 -6.690475062532021e-07 6.204582870457175e-06 17628.373741978874 0.004609072946556344 0.05548253988009868 1.0720541695069213e-05 -5.882044077818872e-07 2.4832863420124607e-08 2.2713936029070734 0.21637710908549992 3.388256167870742 0.06521913724190455 -0.002231189895914032 0.4147359364939449 nan 0 nan 0 -0.003858205693571108 0.007843313507728232 3.72405911783215

2460872.724267648 35 4 0 -30.723089204688474 386.3183198475941 1329.0912325049942 4429.060829613616 -0.08712330905756095 0.29052172411722116 0.00014815311012009006 0.000494286404822259 15247.899337708037 0.018682902703174332 0.04819800968529232 1.75430378735606e-05 -6.197819418399788e-07 3.4471816585829764e-08 1.2238696649391085 0.28196398270718886 1.8886364604345478 6.6517958509871224 nan 0 nan 0 0.00890724212395097 2.2117097211007493 0.32063505831264305 4.401634216399804 4.382483468355773
2460872.724267648 35 7 0 456.4942678032547 231.69346316544633 1746.518981114068 202.84449309175403 0.006027060750842665 0.0023522117882213514 -3.929879606350186e-05 6.7344882468263615e-06 15671.360777095138 0.007848375235962908 0.04948357117888195 1.317286873082376e-05 -5.394866169361339e-07 1.3920790026319188e-08 1.0350822604157253 0.080455524610356 1.0097182708189596 1.2133976874982249 nan 0 nan 0 1.503933413426985 0.23173558747584064 0.15772456794949424 0.13465105541046826 2.7183603607191302
2460872.724267648 35 8 0 1286.5157671132451 127.35302589415157 1874.5547832064399 113.04615812359916 -0.010669141450607721 0.002692392842609887 9.098065192649615e-06 5.745693426956595e-06 15777.168082861683 0.0015822607832079376 0.046982101251381685 2.247426418286731e-06 -5.889799489470064e-07 4.218033842912502e-09 0.9589143240580876 0.05177951615284333 -0.05853456939518881 1.807115152976264 nan 0 nan 0 1.2598045222683163 0.10824380230880225 0.030851351025686414 0.06245486367287165 3.1423616208500786
2460872.724267648 35 9 0 515.0091090154416 164.16918876678002 1662.0243386432069 98.050157137594 0.011012702968819245 0.0022680260887448828 -1.1201827235445737e-05 4.545579178200134e-06 16004.527596403175 0.0019045422133470641 0.053273979377317586 7.812795552248541e-06 -5.404082513773099e-07 1.0564425459331254e-08 0.9720379706551745 0.048805499727590136 -0.08001360214540537 1.0871334822747862 nan 0 nan 0 1.237977006825703 0.10298885107409604 0.016650160197426628 0.060364380255487814 2.961756353067717
2460872.724267648 35 10 0 -106.48528513923478 140.95152520721325 2162.604552609587 131.68833980223425 -0.05013269061780921 0.003924135561240979 -6.80760250121233e-05 6.746934117006084e-06 16118.906943431637 0.0016899785902846508 0.050866924843609045 4.731021283786464e-06 -5.543982794023896e-07 6.838884173605411e-09 0.9323037896935351 0.049353513202997225 -0.017302323594573177 1.33329777121766 6.486506837498809 4.830373191066547 nan 0 1.2278655468685844 0.10309502450784826 -0.0016215627505966512 0.06107598315488321 2.693767473528193
2460872.724267648 35 12 0 309.4922790708429 155.8890640843558 2374.9746454893248 368.45678166522765 0.0384597564093514 0.006658592352980804 -5.342067151114308e-05 1.045646904847522e-05 16474.939429207636 0.0035950693461399424 0.05479324526260847 4.1304779043885035e-06 -5.428507112131813e-07 9.369343638005301e-09 1.1461385356254714 0.06996701312521655 1.7911613275281437 0.494959770892345 0.9588713603354634 0.1910389238757082 nan 0 1.0788740409829165 0.17937123366241187 -0.1710363892485772 0.1287397182357359 2.851516748097359
2460872.724267648 35 13 0 -385.13794312966354 203.44821317975868 4269.0551564547895 4081.4208895550837 0.0030399407876661737 0.006049980678351219 -0.00014014062885427873 0.00013446965163524697 16592.57047207079 0.008706029079670812 0.05232603403549376 9.86555134015176e-06 -6.020900517202031e-07 2.8290097931718234e-08 1.2102393418027693 0.12692263301028356 0.7438850608094628 0.7406668052359291 0.6273369083793258 0.6593471273642715 nan 0 1.2606002249277297 1.2519863953496604 -0.40265332455280717 0.5711773796046694 2.6268108376239936
2460872.724267648 35 14 0 -74.90591907275011 184.12091307170797 2136.9748090694425 284.574331640982 0.0026855156408256246 0.0029827532739544996 -5.8648250999876365e-05 1.046222140839102e-05 16704.534433924364 0.01099920915319801 0.04967845796154668 4.992237790992795e-06 -6.476949355542577e-07 1.6393753782421004e-08 1.2761800981535942 0.08436021715209835 1.0555760183267975 0.5150067959183504 1.3761701557917565 0.23363273139406301 nan 0 -0.1282361346702603 2.797639459106006 0.10469780310153783 0.14717930943781066 2.7744769139991545
2460872.724267648 35 17 0 -81.66887932191715 207.50035830183765 1909.2181035621097 567.9604690536489 -0.03545524691354747 0.011457309618705296 -4.966409726381249e-06 5.9742811335291624e-06 17210.020021260978 0.0061211845375915095 0.05113939430392293 1.2997765943728459e-05 -6.254685363497761e-07 2.091182388809563e-08 1.1840630597795367 0.12828903390122273 1.944803543933289 0.685349707575339 1.1846470353111707 0.37707054184462646 nan 0 nan 0 0.12583971341615066 0.33511499546953527 3.1525410192058962
2460872.724267648 35 18 0 135.14570877283717 144.26998063700134 1964.8536485285665 81.83991442421505 0.027013620794169396 0.0030346407130818044 -9.012319810738686e-05 7.0700126264026396e-06 17503.130095743807 0.005494931900593883 0.058117139584232036 5.4268747961915516e-06 -5.879892902941725e-07 1.3437976396922284e-08 1.2946202375243512 0.1390419331115027 1.4133811807557233 0.08506359466738968 0.34086147191906335 0.2904174627882184 nan 0 nan 0 -0.07483698709761283 0.038652726901236216 3.2219023079509905
2460872.724267648 35 19 0 467.1778115535056 158.94814541185073 2057.9849498011376 19.896686133963566 -0.024950924088930085 0.003095183707965641 -3.24985397321246e-05 6.331479424705406e-06 17628.13823324581 0.0046052851011357 0.05545691265233466 9.117940998486744e-06 -5.536910717475392e-07 2.199100112055936e-08 1.857312472229601 0.12012684221223079 1.688505554038251 0.03668058796393033 0.6108716094631964 0.34764137700577913 nan 0 nan 0 -0.0068567723768126945 0.009608564972598313 3.3229210690370423

2460872.724267648 36 4 0 -106.85692934556722 391.7131035607246 1584.488978079473 6669.733573314288 -0.11496091906500079 0.4843019562720637 0.00020690154318662266 0.0008719428370835176 15247.900794668107 0.019140886770156296 0.04815819143232428 1.7617487840067216e-05 -5.690270884553536e-07 3.4116519730005845e-08 1.0940016724901804 0.2810353872155935 1.4657430328569936 6.459386831305196 nan 0 nan 0 -0.008978017709185979 1.859192068027942 0.038286484657234644 4.371230388048085 4.772241450961982
2460872.724267648 36 7 0 -153.77065719975687 251.3616817071082 1787.630244551612 256.2628324672972 0.018163230057334497 0.003087878837941586 -3.232916608370022e-05 6.971967540267297e-06 15671.41693795654 0.008675238124549796 0.04951726354974232 1.4287276989515253e-05 -5.60045035522234e-07 1.5711344761215356e-08 1.1153380867149303 0.08308322731773221 2.9512269178771184 1.2806495682748023 nan 0 nan 0 1.3769154514151405 0.2530590770800847 0.09122578895707058 0.15661528518770848 2.7802103613769407
2460872.724267648 36 8 0 788.4117382069775 121.05595562357638 1603.527399973088 83.14882509563311 0.004444573210561786 0.0022241726663496035 4.800325716532871e-06 4.790962880355504e-06 15777.223281610832 0.0015708962665180498 0.046994654324086005 2.1612658968225388e-06 -5.8596306086665e-07 4.1505778794018e-09 0.9258417163635236 0.049025494300571994 2.2820422927277066 1.8823275144954912 nan 0 nan 0 1.414591480539643 0.10793378912551145 0.10295430131555698 0.05748288838130094 3.0438794283766932
2460872.724267648 36 9 0 404.9441154919165 155.01861867465897 1368.953938927167 64.92960524878417 -0.001967694334001109 0.001990546504640765 -7.397183395334331e-06 3.943204009687463e-06 16004.537525393698 0.0019146536577756966 0.05328929043524858 7.572184455508592e-06 -5.260738560144521e-07 1.0450087598761961e-08 0.8559515662929307 0.05365192856965254 2.228031068319594 1.3111436754252062 nan 0 nan 0 1.505332559649851 0.10662653553700067 0.1577436744634768 0.05532517402007864 3.1159811164726445
2460872.724267648 36 10 0 688.821254554411 164.2333357315467 2279.99636001448 179.44961963414858 -0.037343789570937556 0.00397139548024834 -6.427459780397149e-05 7.571422108400548e-06 16118.985711836953 0.001933296320978114 0.050873586713134085 5.4678560387745995e-06 -5.692181582049644e-07 7.763976805209243e-09 1.1100506922607607 0.049711248634885664 1.2291827754289744 1.228666971056184 -0.5200374869548723 4.380245343731162 nan 0 1.0494983755455698 0.10953976604588682 -0.09654396078184317 0.07137198966331305 2.6927030900767615
2460872.724267648 36 12 0 848.4262460673423 153.32879139347423 2446.334414198955 397.0538189987012 0.01685120152427475 0.004122199490990369 -4.628524148882594e-05 9.895807900158332e-06 16475.03791483565 0.003848612940533526 0.05480905543912541 4.02266205179794e-06 -5.297305483725505e-07 9.518253668700402e-09 1.129380376840867 0.07056854106264178 1.7825067523587999 0.4709347859174123 0.8190859743680998 0.1669246606073009 nan 0 0.9529408677007872 0.163256071934257 -0.24942099550425162 0.12193075542813145 2.8360967613966794
2460872.724267648 36 13 0 -25.798687761648253 189.360873809059 2590.712800451888 1225.0232468996055 0.029342259524725516 0.0144115818282836 -8.774543108283502e-05 4.2071129305972834e-05 16592.674306459106 0.007809087551155416 0.05232168608016961 8.693236075502691e-06 -6.407527403147301e-07 2.546517049038843e-08 1.1279712188527846 0.11385505777650504 1.566735085836491 0.8121859158808417 1.11775370184802 0.6181652996278737 nan 0 1.7133409478845893 0.9826736115315389 -0.06600125266777565 0.4417647740830144 2.568751120093319
2460872.724267648 36 14 0 700.2758378284841 183.57397220473854 2551.7901680152268 475.6804715243469 0.02432132636586558 0.006185672374188065 -3.738062251705623e-05 1.088310672696977e-05 16704.66755904103 0.011059461412645792 0.049704064104161005 4.64548297501485e-06 -6.434778087825606e-07 1.6328073606791615e-08 1.227550112317862 0.08167047854238686 1.2950142380365028 0.47792644467693884 1.022438889221644 0.2306601019249177 nan 0 2.1192398854150416 2.348556699670234 -0.12138980457922141 0.1638356030207231 2.8515338631177847
2460872.724267648 36 17 0 -131.9309545358035 246.56819714563778 1647.8892370451242 375.0377270984311 0.0038023917060110582 0.0026427736469048393 1.2087971866825848e-05 5.698188149149832e-06 17210.182684562278 0.00692273641900049 0.051165366446515204 1.5253643709239308e-05 -6.500683020294743e-07 2.4441432137040765e-08 1.4604743489166827 0.1466441459627014 2.0853590652382263 0.5855009134448744 1.4547190165453374 0.36043661468958815 nan 0 nan 0 0.23810458902845041 0.2819392566223743 3.275590579793931
2460872.724267648 36 18 0 -153.29028978928343 162.8499337274526 1730.0104813148876 65.12291629857769 0.014549532861441332 0.0027720416524728013 -2.2719736814651583e-05 5.770370662372883e-06 17503.48357286968 0.006611024450080043 0.05812700144979994 5.7262520386003655e-06 -5.657606019890111e-07 1.4356287672389029e-08 1.3638432262355349 0.15477467267580713 1.5743707243101746 0.09029179416485723 1.200083219121833 0.3377923455849172 nan 0 nan 0 -0.03708189687229473 0.03636703483090207 3.5037238524923096
2460872.724267648 36 19 0 659.689869794852 184.5816451333573 1851.912122934 19.98952854627922 -0.011603589728947587 0.0030999746900826014 -1.7028733649663783e-05 6.397436461933447e-06 17628.366801593234 0.005545738046411008 0.055471918715556914 1.0482022008519948e-05 -5.673573429405032e-07 2.5491817870217396e-08 1.9232814942813734 0.14208909767421274 1.7163343702339808 0.0435782837475686 0.001333369931595621 0.3887585324582685 nan 0 nan 0 0.0013915838418904539 0.010825438691442871 3.6768722298205567

2460877.6036133803 37 4 0 416.8630731673437 299.6010629383187 1817.0857226782703 14766.628103725827 -0.022900773119897036 0.1863668195430876 -1.77786360445507e-05 0.00014424265445336384 15247.891411506844 0.015707240725944614 0.048173858273058985 1.2749994779188434e-05 -4.97466921840541e-07 2.5707092245094118e-08 1.0165102782654487 0.18699966188270217 0.7560152570614312 6.304975830873234 nan 0 nan 0 4.389647289308353 36.06821805141826 -0.14231666743026275 6.970407579512407 3.20946274058724
2460877.6036133803 37 7 0 488.19027292926006 251.92070146106303 1870.2659747127118 354.6961718362893 0.007750026152925148 0.002784399903143765 -4.679907211322793e-05 1.0836995949414956e-05 15671.395828517116 0.00850128490782749 0.049447995073653175 1.4379705583633793e-05 -5.390686086748831e-07 1.5057648369756916e-08 1.026096638255378 0.07503980014157412 1.0495768568699004 1.0984700807155359 nan 0 nan 0 1.2399911661238672 0.28800464754789407 -0.046577439279955155 0.18099234698333025 2.9494283842430082
2460877.6036133803 37 8 0 438.7437675895129 150.58599958178166 1766.9540279490518 112.8149562237705 -0.003886856699664539 0.002557508305714256 1.558857636757396e-05 5.606612503135757e-06 15777.178808261338 0.0016543852517992854 0.046980720528647324 2.385464649790297e-06 -5.824979965492587e-07 4.466493611451736e-09 1.1307458347973667 0.04796414218943462 0.019913133426594287 1.7227205900258065 nan 0 nan 0 1.2080981074587296 0.10865304201834843 -0.04356542900732802 0.061338015677660944 3.2164963744458137
2460877.6036133803 37 9 0 -138.92127371668514 166.72794139397718 1408.7762842585466 59.05799333772226 0.015519817654101105 0.002095300126865753 -1.0257454641338555e-05 4.156298358794767e-06 16004.528125537707 0.001882589788650745 0.05326299984293541 7.759184044408736e-06 -5.235752087083776e-07 1.0472725824506117e-08 0.9126719090829344 0.046544232026732205 0.08747017323720827 1.2079339474667161 nan 0 nan 0 1.3793825486139288 0.08745921120737216 0.043307868941145244 0.0440862422968085 3.236654125237628
2460877.6036133803 37 10 0 560.0859715298036 157.0522181932178 1879.508918164746 120.54594107197322 -0.03196588252766907 0.003115147078773695 -5.750493621530854e-05 6.180465399791898e-06 16118.924677771212 0.001861950441972309 0.0508653044134144 5.055894528848214e-06 -5.557371652859439e-07 7.658222882587206e-09 0.9816395934289448 0.050957477570031676 0.3591935568460957 1.4576766300805424 3.6868100003177937 5.182460319463269 nan 0 1.285715860755523 0.11411495934478778 0.00985477336224881 0.06508588531217643 2.8819049880231704
2460877.6036133803 37 12 0 972.667625008628 151.74919514318836 1910.818428811727 209.6684931299965 0.04315817377049388 0.0053109853752189295 -3.7680866043028685e-05 6.593913131854973e-06 16474.954611572248 0.003482358488129333 0.05479523158883573 3.9469985848835515e-06 -5.300281248526604e-07 8.939013586541686e-09 1.076629828343029 0.07164849526018911 0.8280740177473848 0.4639406404549743 1.153584181348118 0.1733199684662845 nan 0 1.2689230313777504 0.15133242829192423 -0.07930098184226039 0.10116367373092897 2.9385517939403156
2460877.6036133803 37 13 0 -279.5758857801553 204.2867169607394 6230.965778321678 10280.417428750716 0.007666691308242115 0.015100218359385825 -0.00017451440287522582 0.00028857200516522254 16592.58107074853 0.0086524933521999 0.05231026697278386 9.721281029221725e-06 -5.940586637597045e-07 2.818549695294783e-08 1.2725547039053007 0.12478712432150167 0.10632175767927048 0.21487439511636178 0.3918996160631655 0.6835976465932295 nan 0 0.863225985329698 1.4411263927728732 -0.6409544294974827 0.5924407733597605 2.532306512425248
2460877.6036133803 37 14 0 90.12400214134031 189.58916954335757 2104.399808122064 369.5998838552726 0.0007166562651098793 0.002976181391400228 -6.280463606202558e-05 1.336017262540822e-05 16704.51479554844 0.010863278704109644 0.049688024747536384 4.850972938123612e-06 -6.145068431141661e-07 1.6282100761822232e-08 1.2823012317280873 0.08358186273148434 0.49093460208954515 0.4740467317037407 1.2896458174628898 0.27824516621017104 nan 0 -0.00611623901069519 2.624102214724927 0.008365986216842728 0.1771764564309277 2.8697891199124195
2460877.6036133803 37 17 0 77.03978315632256 203.80200380541552 2063.7338958468604 1723.7935154938996 -0.03851022124984943 0.03284608941929195 -5.6104728844415915e-06 7.520454588258203e-06 17210.027227904982 0.008191374267263976 0.05113103641291263 1.2433868120047417e-05 -6.125212378327514e-07 2.250424877869706e-08 1.2327370402290918 0.12446967420142133 0.6967199696894537 0.6385090773332559 1.2996660609012856 1.1185330454113789 nan 0 nan 0 -0.0691367067111343 0.7777121258933914 2.877780738779263
2460877.6036133803 37 18 0 -91.69342267864938 149.88544729886132 2470.3874874253206 346.37654230052937 0.039685832319688634 0.006665710952427524 -0.00013752908268679253 2.086690936066771e-05 17503.148165446128 0.006154206172279476 0.058105140347365386 5.979692789332164e-06 -5.591683845474574e-07 1.3715356280951467e-08 1.27019263605122 0.13129677585745195 0.4511949226013784 0.07834216549132374 0.3032082228798181 0.21392778025687958 nan 0 nan 0 -0.33455246346670564 0.0934150082385771 3.20815862153484
2460877.6036133803 37 19 0 712.2067736139122 140.05274732218376 1901.127355895636 40.04073352221982 -0.028152048354828037 0.002945660127899746 -2.848888687962508e-05 5.9043434962575876e-06 17628.144099861056 0.005704141752794255 0.05545503550104028 8.722530165724233e-06 -5.547327727009211e-07 2.0607419123107095e-08 1.3855429808857997 0.09140333771949824 0.7822790829553186 0.03032811444100155 1.185647083086698 0.3126550766016308 nan 0 nan 0 -0.027701506656873317 0.02058352564549237 3.3320305620489474

2460877.6036133803 38 4 0 283.2007917741146 491.583097301319 1562.4123013837545 23242.139680863194 -0.012487837194539985 0.18596452090466298 -1.198701853812068e-05 0.00017793682322783335 15247.910459538625 0.026072285972813438 0.048181262703119454 1.66729424040553e-05 -4.924258582297081e-07 3.400104509333979e-08 1.3476069779759803 0.2614540987950196 0.6479195253594945 9.845670854153571 nan 0 nan 0 2.061640390060206 30.899698625839797 0.0016286384098101717 14.900517687222091 3.294332218284983
2460877.6036133803 38 7 0 -212.89075841391676 271.89331305349447 1659.1877141379935 270.2352587237816 0.013784449714600768 0.0028835699188767675 -2.6341456884874335e-05 6.767750342682017e-06 15671.426390877466 0.008991240237819963 0.049522601361658085 1.5538618321916074e-05 -6.016420305331929e-07 1.6297203044810176e-08 1.1129327986461752 0.07994420672761371 1.814182911127529 1.2632505404219296 nan 0 nan 0 1.414659847205702 0.28918424077768384 0.05261873873952184 0.17163685078798474 3.0099620891117698
2460877.6036133803 38 8 0 751.8735613583628 148.75203685161367 1454.4894190899386 81.1778089670621 0.005287514509405273 0.002307176359108268 1.441341162469074e-05 4.989307386701823e-06 15777.240934493711 0.001778713507618061 0.046998305899007296 2.480205190189649e-06 -5.80291720331271e-07 4.713281317401894e-09 1.0200383252022833 0.05193016252920069 -0.04254607362298035 2.0888054871065007 nan 0 nan 0 1.4261173499642648 0.11742368716076093 0.0796363706341038 0.06056048587870736 3.4728682189339644
2460877.6036133803 38 9 0 -698.0701308631036 199.01130781731052 1309.5064865377688 66.45991112761955 -0.001556983995909475 0.0020386320197888926 8.5446057565059e-06 4.123911616801736e-06 16004.556285213263 0.002220066060980702 0.0532965182965541 9.17855087502792e-06 -5.557001228894783e-07 1.238748028901416e-08 1.059144334231642 0.053235639705597415 2.2052717205552277 1.3602198666233296 nan 0 nan 0 1.4924171160951105 0.11336486684713458 0.10862711429582918 0.05669357162008771 3.329566454938606
2460877.6036133803 38 10 0 58.36166877021529 166.54331448343999 1748.806404845099 104.39777898957617 -0.02266556538705235 0.0026898548948609087 -4.046726113910661e-05 5.40069892906718e-06 16118.99451544826 0.0020051311406215724 0.05086085550996068 5.344235148805451e-06 -5.804818165644308e-07 7.976890312854278e-09 1.0121128802063473 0.052816446626261455 0.7684568994130672 1.554931020029148 -0.1827335328759443 5.482559731576759 nan 0 1.3353897465669455 0.11251966374794749 0.043873414355606384 0.06262348039920472 2.9658811289788614
2460877.6036133803 38 12 0 950.4048554534323 176.09873337285282 1891.8409300899555 264.5587665170797 0.009021486640626027 0.0029183389539448926 -1.5072486744272526e-05 5.898425466679012e-06 16475.027375082376 0.004160969535371455 0.05480849720807091 4.542169756340254e-06 -5.311862448751852e-07 1.0560452342182537e-08 1.1873456302928762 0.08074173757175274 1.1014931834072779 0.4896566451119451 0.9990400023555216 0.1847944771793508 nan 0 1.1247136613956659 0.1689036693192152 -0.13633163034063314 0.12091007417091419 3.1248893284006445
2460877.6036133803 38 13 0 -523.8282137075072 196.73481494913005 3114.933521427288 3008.746080544254 0.027200857958696523 0.026868378303012454 -0.00010396915816899829 0.00010092423365108056 16592.684275963235 0.008673786559108443 0.052336757896367554 9.438243115106627e-06 -6.205685559583347e-07 2.8451293466912207e-08 1.1218125272476558 0.1265298529623707 0.2721051871235993 0.36632731321010004 0.756866143816586 0.8053014626123984 nan 0 0.5172587874086422 0.6659932896921289 -0.30303199548400456 0.673315261471654 2.713584807891064
2460877.6036133803 38 14 0 -188.81918984645677 203.3752340437971 2124.0611857389713 326.71287592963483 0.011839849158331067 0.003921997592240333 -2.969166398435807e-05 8.63036318187258e-06 16704.650939337655 0.011658661706018442 0.04970841068332096 4.9411464759652094e-06 -6.339199944757519e-07 1.723636982478159e-08 1.2823770463135655 0.08675903683042328 0.011058723199220237 0.4649539509865822 1.1962492578505417 0.23006551986891288 nan 0 0.0006024122429425724 2.740820713421686 -0.058510621535835104 0.14487658203748635 3.0924846242102917
2460877.6036133803 38 17 0 -180.68979966314674 244.4774754445835 2328.2958661764324 2561.4997037070625 0.011290643955147608 0.012279523476888071 1.6905482921019558e-05 1.9513832783957074e-05 17210.185281260834 0.009502886744491604 0.05114344562574688 1.5392558829057608e-05 -5.703359644842182e-07 2.7381813729804927e-08 1.3902747344282362 0.15306370569593192 0.5984492531752678 0.7115469629548621 0.9011019143364295 1.010432721699484 nan 0 nan 0 -0.21060406078679 0.8686010219248143 3.142483377806248
2460877.6036133803 38 18 0 -211.5666940157255 177.01921617340588 2003.7769844086629 270.6523084109057 0.011395167603642481 0.0036342469982502726 -3.627161353773044e-05 8.502781966162906e-06 17503.476111577937 0.008055604318619155 0.058117112894867505 6.948792607506616e-06 -5.400999950171495e-07 1.5974420222339594e-08 1.182399475865784 0.1491800215759319 0.5029756896286852 0.08688313269027363 1.0796193799375848 0.28912206001763 nan 0 nan 0 -0.27875347232738196 0.09754216870619174 3.594688032891148
2460877.6036133803 38 19 0 529.155754145906 164.47120056244327 1664.240188437486 37.280420317496635 -0.01533080109925212 0.002755630298384399 -9.682764792524512e-06 5.646918500815857e-06 17628.368021147453 0.006900513647631714 0.05549646645789619 1.0019259771829476e-05 -5.014458035420143e-07 2.4088176907327585e-08 1.4875844251338204 0.10481266232619352 0.8191740498076145 0.03371621771449515 0.29058541631144164 0.3420977137502371 nan 0 nan 0 -0.015555445768799794 0.022144521542326365 3.5671105700779866

2460892.695390272 39 4 0 424.6349838970609 346.1319820349336 1429.3012364420933 3131.865233131418 0.042331984526176085 0.0926986879357484 -0.00011653418740928554 0.0002549525992285219 15247.87288469236 0.014812704168344062 0.048193914317416944 1.7568103370523846e-05 -5.55266050249761e-07 3.4197871992895106e-08 1.6022749837206054 0.2815547386307832 2.1913902280446282 5.140980295996165 nan 0 nan 0 9.579145813754394 21.450852164798825 0.13399180015779028 2.4854550835961713 4.331431348933492
2460892.695390272 39 7 0 1247.4452428165844 236.9281609969593 1288.1626112117603 155.16356306392288 0.0035865424440911023 0.0019090147803040042 -3.117738382016557e-05 5.514538719444855e-06 15671.377869791017 0.007872377602716335 0.04944963814726691 1.3507238286240074e-05 -5.542753044352512e-07 1.4734953388525983e-08 0.942077378419006 0.08597764137644123 1.011338857198676 1.5602670129786191 nan 0 nan 0 2.037453012424279 0.3322663066939884 0.4070113478240044 0.16973237659162949 2.911582128550211
2460892.695390272 39 8 0 1097.5941788407772 140.36344114680566 1661.0015834012272 109.37381972503853 -0.012099177333413895 0.0024396726893142666 1.2651966393953434e-05 5.151202552600511e-06 15777.150946788026 0.0017160898755082075 0.046982930843662805 2.407490451899976e-06 -5.829767897781317e-07 4.54346009315062e-09 1.0648903104631806 0.054713069480055415 -0.018927291170284133 1.8030894725513318 nan 0 nan 0 1.3015106831284393 0.12213067580063298 0.02540071224921598 0.0678342352233511 3.141936125417196
2460892.695390272 39 9 0 -519.0025561073319 151.40978633696426 1628.232148311293 65.62674101343357 0.014423999449726782 0.0023520209943483214 -2.7000786758357877e-05 4.7483524233519465e-06 16004.478903714227 0.0018055182833384444 0.05327913040413344 7.256135280484581e-06 -5.396654428146994e-07 9.845815138736693e-09 0.8274249876217198 0.04657139533531039 3.9195834825977283 1.2795443025937079 nan 0 nan 0 1.3770093939345776 0.08449593188960043 0.07964730666606544 0.04386166191310871 3.1808528603401607
2460892.695390272 39 10 0 366.5484871307941 150.08137491050223 1977.9613359239029 101.04431077810979 -0.03905206299734436 0.003264310632835585 -3.986999405864096e-05 5.765230292469519e-06 16118.88412586787 0.001733559123870803 0.050854032567817585 4.730019897765405e-06 -5.65675984425402e-07 6.9161300209863925e-09 0.8907755255013253 0.04607726934005612 1.2058142376753804 1.4509492692576649 0.7430166151764683 5.0254509785525165 nan 0 1.235220783038248 0.09022962682846933 -0.021582568184142698 0.05025384227262851 2.960808012006276
2460892.695390272 39 12 0 42.22883185114055 153.13505749826376 2139.4123147405894 248.95456347001146 0.050930780188198875 0.006551000859776507 -4.7661088462966014e-05 8.127033789718775e-06 16474.923353848517 0.0036005895730454565 0.054789495109654994 4.006569957863961e-06 -5.24787155370362e-07 9.29552287990447e-09 1.0552361982728067 0.06942702051675445 0.8694473080809446 0.47878632217194167 1.0927946706987979 0.17240781662935525 nan 0 1.2889889291005983 0.16296451289749472 -0.08731211777723148 0.1063372360996838 3.003260735214431
2460892.695390272 39 13 0 -142.56526985601906 201.1545630547191 3983.7430305522316 4382.9173478169505 -0.023793744736798968 0.02622340784152206 -9.380662155110432e-05 0.00010381462410533827 16592.570846652216 0.008731702031288884 0.05231189254824778 9.604029720313536e-06 -6.687504704075887e-07 2.7973748529436467e-08 1.2669637456445193 0.12363818116038894 0.9117614467841473 1.0246756014457414 0.6243474140113283 0.7478200204642473 nan 0 1.4089570282085069 1.593872113393171 -0.4177708799662197 0.6406584005866378 2.5436840837679466
2460892.695390272 39 14 0 891.4375053684282 192.5539104299379 2358.0576140607586 341.9672953843144 -0.005597748943376004 0.003383823525652443 -6.66106083365857e-05 1.2738458245132507e-05 16704.495644122708 0.011301407896168287 0.049681552822129486 4.696579234566536e-06 -6.388745808266817e-07 1.6430192382481814e-08 1.230054556939619 0.08229434655253244 0.8811809824469305 0.4657367484563859 1.1487504256290202 0.2083066454518823 nan 0 -0.07431275572669321 2.4783874010951417 -0.07492949160069093 0.1342037207150337 2.9927239749278973
2460892.695390272 39 17 0 -119.11637872794249 225.26157412536264 1920.5294073504763 594.1668376235679 -0.04867257320107624 0.01581531274598554 -1.669206562104677e-05 7.733086927910315e-06 17210.00170631161 0.006231722510539374 0.05112184991692098 1.4055111144119353e-05 -6.034298928465008e-07 2.240499973957904e-08 1.507305354100768 0.1318930379827562 1.6479389619637617 0.5987849183838316 1.1934951994996341 0.3883691790020011 nan 0 nan 0 0.04881793965224585 0.32461816977095465 2.9309674299629935
2460892.695390272 39 18 0 -328.50727699146114 156.76928238108823 2015.9798960842636 79.08882032032598 0.009633925783285821 0.002895161618844918 -8.681185555330506e-05 6.958084757692374e-06 17503.120163805463 0.006063980858957343 0.05810822358302025 5.450285245577086e-06 -5.903797389278781e-07 1.3296274703951493e-08 1.5283793340312528 0.14196191703757688 1.3063999494684664 0.07807058556695276 0.43755833139419886 0.30603423070411984 nan 0 nan 0 -0.061114637520452486 0.03695976696445475 3.1942979028491316
2460892.695390272 39 19 0 367.99464897682196 155.58970352957263 1861.1726970045652 17.94479379819502 -0.023865627161355867 0.0029191858741004534 -2.674887367792665e-05 5.969038782835957e-06 17628.122138488827 0.0043790430686232095 0.05545728082819091 8.978706136546127e-06 -5.524890644149257e-07 2.1743193248315914e-08 1.6357844130650006 0.09379222255972798 1.7054551903495907 0.03532231781920335 0.9693089663234531 0.35921073198998305 nan 0 nan 0 0.00974262474513299 0.009742079091405982 3.488848795834112

2460892.695390272 40 4 0 1378.906058089977 350.62046605283984 1612.5384469684825 7379.468021010425 -0.0767440925306283 0.3514799299985165 0.00010714020861357239 0.0004912244071278928 15247.907263757646 0.01640581418423519 0.048181695587954314 1.6050979852633843e-05 -4.860342659863538e-07 3.3013099835535475e-08 0.7359752876706752 0.22862367315013093 1.2629663600992267 6.017184867443751 nan 0 nan 0 0.010126014364844727 1.541462985899966 -0.09282080289474748 4.152082921195744 4.858174524105011
2460892.695390272 40 7 0 634.8677864271784 283.4174575082982 1411.3843604259598 171.78803740941404 -0.0002124958535144035 0.0021806035113135155 -4.2866285664102656e-05 6.788318565245071e-06 15671.406336737164 0.009054103452471767 0.049485060242690414 1.5945705919154875e-05 -5.328131852352756e-07 1.6745869263128364e-08 1.1596718016618142 0.08557784856450434 1.989195950774115 1.4050404761580597 nan 0 nan 0 1.6278811351696425 0.2607816432325954 0.21263796840802027 0.14779878070755756 2.938140068779043
2460892.695390272 40 8 0 762.6770036625369 145.76230012550752 1336.4373049804196 71.28178163847664 -0.00039651183982924727 0.0023080220263265103 -1.1820778694322627e-06 4.997153193294247e-06 15777.222487680408 0.001805551467052717 0.04699712931465475 2.5497851586222942e-06 -5.810716276045121e-07 4.804514791821016e-09 0.9000790426623719 0.056331364037412616 0.16137656056109423 2.2982098709382615 nan 0 nan 0 1.4713951508605794 0.11824425366808862 0.07998385120458014 0.057917210540380314 3.8783763170778403
2460892.695390272 40 9 0 -618.1358353683106 198.36202299812024 1307.7764604410436 85.46838820878668 -0.011477325399526292 0.002274243675010352 -4.321796961756836e-06 4.066405609933232e-06 16004.508287463821 0.002159929571177638 0.05328697409574575 9.13334636331121e-06 -5.42091943470814e-07 1.2239683452381835e-08 1.0465923551311405 0.05103954030517288 0.038993966107711886 1.135362729036307 nan 0 nan 0 1.2138006811105373 0.11006101570278123 -0.05849985798041448 0.061903258357244424 3.3463572754250777
2460892.695390272 40 10 0 215.0396517684232 184.68229141134498 1715.7244930320176 108.66546818330916 -0.040446014373363676 0.0033886365359518467 -7.414150961452326e-05 6.6448616483256786e-06 16118.942603152682 0.002127605516426654 0.05088695806680514 5.617204943087152e-06 -5.437044421348883e-07 8.463930670215691e-09 1.104137424309995 0.054314405536561215 2.769826609249296 1.6184754546252171 0.823140567647664 5.653601701278612 nan 0 1.3893782892856803 0.12324526841614093 0.058081795054458304 0.06733100882869546 2.9799778431331156
2460892.695390272 40 12 0 328.94346418989375 186.49809335881793 1644.6826056304726 239.26481329864387 -0.01438600639312785 0.003159557228274921 -5.505615248151569e-05 9.382985463521037e-06 16475.029371256984 0.004254987538520473 0.05481139863555183 4.936922826538553e-06 -5.198999399575474e-07 1.0880903969858274e-08 1.2231201965129157 0.08088233982473637 1.06684066436889 0.5307059627565832 1.0938272618569989 0.21193653959848602 nan 0 1.2600017712365754 0.19705471647524483 -0.10797135664358727 0.12992674149578046 3.2069793250104035
2460892.695390272 40 13 0 216.18012657198744 205.7667282566187 3595.8840137388493 5217.72560692477 -0.007187901842727244 0.010887529035974041 -0.00017636250618747491 0.00025636635304543913 16592.662448503175 0.008703704855651659 0.05235094876898789 9.630569547051986e-06 -6.144017413102044e-07 2.855744527483117e-08 1.1938208741798408 0.11439207721088733 0.8457628527296146 1.2491590961448455 0.653863694554259 1.0214775782865064 nan 0 0.6330692370396949 0.9912689201198024 -0.4247829344523524 0.8347580116824915 2.7148245443389825
2460892.695390272 40 14 0 71.16124186629911 183.4582941128235 1704.4004081428186 250.73303259499787 0.012203036701407195 0.0033423259491373535 -2.9596855494518294e-05 7.298215391512372e-06 16704.696775378416 0.010984935487120052 0.04969518590258964 4.6514768356015994e-06 -6.795745774834998e-07 1.632662010340138e-08 1.1734326903400782 0.08558978880251711 0.5454158862580557 0.5477865206866545 1.5028613435153164 0.28205076899787 nan 0 0.05500688125723663 3.1406572625750138 0.11562840302905888 0.16420857306393902 3.0300364424126007
2460892.695390272 40 17 0 344.2303148776807 263.84976764840667 1398.8438109332876 337.27893874571066 0.006147121266038284 0.002495968630527745 1.6958842394445187e-05 5.817579187001322e-06 17210.169991967974 0.0072315593478866225 0.05115096274599809 1.6114668686629277e-05 -6.201388466263596e-07 2.5909055644857914e-08 1.5934419398974233 0.14607898597754942 2.0399811409729103 0.6018051996530711 1.4426747983947155 0.37817746513184863 nan 0 nan 0 0.20779229881690423 0.29137198247405877 3.309723887127446
2460892.695390272 40 18 0 -414.54909517335125 172.803559472318 1341.3785776810414 57.94832878645717 0.008438040101853535 0.0022594080701055378 -3.64771602177343e-05 4.9545702764598094e-06 17503.4783756427 0.006808365769629482 0.05813374290898216 6.1447225881954e-06 -5.76637253110558e-07 1.5135412922318253e-08 1.3238910826187764 0.15563278943388173 1.529666095113042 0.09663752548264311 0.9302971479038025 0.3605110466878391 nan 0 nan 0 -0.03111407736636371 0.04197285275361965 3.7156412526139264
2460892.695390272 40 19 0 573.5089608824784 179.02377251031623 1601.3070357981323 17.57013770566109 -0.020282199961108225 0.0027080701232249853 -8.912813268208337e-06 5.553429515886924e-06 17628.288421520385 0.0051438912642412125 0.05549033302482944 1.0266270241237233e-05 -5.853082237751607e-07 2.4553372656414166e-08 1.7921394936576152 0.1314762962735547 1.612055629008637 0.04057754109630896 1.946946786341465 0.3915437417065148 nan 0 nan 0 -0.00788259687729298 0.010903529724454046 3.679484199847543

