BJD n order chunk rv e_rv norm0 e_norm0 norm1 e_norm1 norm2 e_norm2 wave0 e_wave0 wave1 e_wave1 wave2 e_wave2 ip0 e_ip0 atm0 e_atm0 atm1 e_atm1 atm2 e_atm2 atm3 e_atm3 bkg0 e_bkg0 prms
2460312.5582083766 1 4 0 -2501.8717205758326 330.3620524238844 190.04578282885257 324.97204243653727 -0.0010952609043310582 0.002325637608952982 1.66523220033948e-05 2.8748312734438697e-05 15247.93443339877 0.01661004669967731 0.04816948562508303 1.1922482590089295e-05 -5.314237484307589e-07 2.539854930866599e-08 0.7376802048943991 0.19242165485265744 3.7003716482282085 7.16507420629719 nan 0 nan 0 14.797991818835897 26.889455858448255 0.11754621162773568 1.9128123782421163 12.984594565003999
2460312.5582083766 1 7 0 -1965.7738079952976 373.2454247606065 291.2949969320887 112.75375420378242 0.009330053762306601 0.003469115366502623 1.2302577921176374e-05 5.3446449514004235e-06 15671.409400121633 0.021073486373957517 0.0494802550780835 1.720586303470213e-05 -5.542977236083083e-07 2.9094039406654064e-08 1.2218618721737617 0.17115839619044879 9.098061222199396 5.223853364478861 nan 0 nan 0 1.1508600042414872 0.5921572115380836 -0.03010212151900407 0.3759218341267481 10.106845836645482
2460312.5582083766 1 8 0 1370.836154996477 211.18613030594392 229.4848690426782 41.94781806592368 -0.0462636211254309 0.008502993036545609 0.00019612949952116623 3.598048060560697e-05 15777.213340971215 0.0055523535259483624 0.04699016428836538 7.65074845053415e-06 -5.974053406871778e-07 1.415284931111828e-08 1.084839476401512 0.13984210637926972 0.30887411305183665 6.380327921253448 nan 0 nan 0 1.257956822275711 0.33124808577627995 0.004554681775826741 0.1843991468517459 10.86804937519958
2460312.5582083766 1 9 0 -512.8638638796938 255.9001312274237 291.3658314048567 61.38891528697726 0.021139175995757653 0.004510250359952533 -8.419395775464442e-06 3.3005733936821975e-06 16004.592223183554 0.006611111119741169 0.05320888765941101 1.4495700203766763e-05 -4.450034375618813e-07 2.1767241230177054e-08 1.0872198554377954 0.13108997966560146 7.292595200832659 4.299354327465219 nan 0 nan 0 1.0269501511284327 0.302048217438327 -0.08552817228754316 0.19385051546148963 11.306843456361868
2460312.5582083766 1 10 0 -1583.882680918222 196.40796744817033 403.80963676097764 91.7451854258835 0.002322974154516958 0.0018382724540112758 5.731503698217018e-06 3.7816588477010443e-06 16118.944899886743 0.005886853886511903 0.050856449753391375 1.0254881832465111e-05 -5.678045663127206e-07 1.5520028882324163e-08 1.1219268476634732 0.11276749121264086 10.43039177802335 4.6444381258379375 38.4514837027167 16.075143458512166 nan 0 0.9196036286054019 0.27795552013043934 -0.1920836955925878 0.18427477085577113 9.003497156186365
2460312.5582083766 1 12 0 -1314.787274095759 239.2817281547355 650.3651741850188 385.6530465904152 0.02855203030525515 0.017142319757322343 9.443553644426763e-06 7.777039145771245e-06 16475.022639440445 0.010947801127132586 0.05477896140029848 1.1367592933712545e-05 -5.58132103178901e-07 2.4759135847260234e-08 1.852913974576514 0.1793342719082918 3.66674325305409 2.4795384682283217 0.6763424116818415 0.49196256012928313 nan 0 1.1818992767322338 0.7411843132223178 -0.3437965737212629 0.38949568228199727 8.817190813392498
2460312.5582083766 1 13 0 -1791.4914484827232 294.69073039244375 584.3948235347078 862.6521321318887 0.012909897859316174 0.01928795625261995 7.065974317953835e-06 1.1154834206269726e-05 16592.636451326565 0.016793032262415106 0.05231552809545678 1.3266831086088939e-05 -5.334820050912131e-07 3.010295774397083e-08 1.7609007710934905 0.20812798375905553 4.0092969419080156 6.092220199105656 0.9153386530073406 1.5563370767728697 nan 0 0.02607618659054667 1.421535304698047 -0.232748821282849 1.1329265611952837 6.941559647365329
2460312.5582083766 1 14 0 -670.7908766664477 384.2956338151639 571.7334014111397 304.5081081545204 0.004928345074242286 0.0036875320526006433 2.2090865144776094e-05 1.2058663484725803e-05 16704.62795016859 0.025588310595276532 0.0496519173199325 1.132312347033629e-05 -7.026322565080792e-07 2.969479598746057e-08 1.9370847311428359 0.20864004771023223 3.821862695655629 2.355854466884177 0.9334242001492572 0.6004268519522691 nan 0 -0.046855258378519005 6.185749441993522 -0.16237633326939865 0.44630512167631897 7.43606346310661
2460312.5582083766 1 17 0 -1339.7190493731607 207.55417770807202 629.4911381981016 194.98327997230513 -0.0028986037774904852 0.002563106561669554 -1.3221275706201948e-05 6.085869537377472e-06 17210.081326586984 0.00978376368977628 0.051123772324740566 1.1580256125765656e-05 -5.643688387626656e-07 2.225071839872356e-08 1.7062744084153638 0.1661452272676763 2.352094024945204 0.8994042814742702 1.0414467290081215 0.38352542724443434 nan 0 nan 0 -0.19629244956250694 0.24922787266592894 7.275583200971203
2460312.5582083766 1 18 0 -1806.7202220949 155.1329184798112 463.6796914435394 15.968671450781926 0.004244716069707091 0.0016916250357161525 -1.1696380827576649e-05 3.5484194398771328e-06 17503.201522774925 0.009484949373505793 0.05811114857273567 7.1704928227162085e-06 -5.322783579182715e-07 1.629680912458602e-08 -1.7326494641677217 0.1871565013845693 2.537487019697942 0.1678574169320287 0.9583696030308015 0.8288973611463185 nan 0 nan 0 -0.04525046819590483 0.033013556125643814 8.131624421349487
2460312.5582083766 1 19 0 -1407.2118661274972 163.65086844953757 467.4041806455627 9.903106558449718 0.008010745946953972 0.0016101640768732273 -8.687623320506097e-06 3.306300661794931e-06 17628.182025905495 0.008002675297858567 0.05550103392524045 8.065485988158965e-06 -5.965199589666616e-07 1.646219918270128e-08 1.3277567737453495 0.1543801682019448 3.011073239839485 0.13650723484309224 0.5580829981902722 0.8018697544669954 nan 0 nan 0 0.01714535897801336 0.021580781419082793 7.877182114213429

2460312.5582083766 2 4 0 -2306.5422799223593 302.1190770710148 242.57382056850352 393.87542026845074 -0.0036678515176327125 0.006159578282298528 1.6903803387810095e-05 2.7756933975502884e-05 15247.954399076936 0.015427432858340761 0.048167381394791015 9.462451247137065e-06 -5.495914552062496e-07 2.0208677985604764e-08 -0.6666413465215036 0.1555417630493747 3.5202980544431397 6.387770528792714 nan 0 nan 0 0.023415965792842303 4.222606151614939 0.17214856995136318 1.9046719146019258 10.62821972550663
2460312.5582083766 2 7 0 -1503.4101010233828 335.49319165353086 1076.0620615034156 1252.7774385571527 0.04965765448612884 0.05649708673739273 2.8127036676978325e-05 3.301250181914733e-05 15671.590964961955 0.019485744931912182 0.04944886068750182 1.5425701117846555e-05 -5.661586321249502e-07 2.6345271352098953e-08 1.3740109794237256 0.1461587999802609 2.2237719399460785 2.852276888327502 nan 0 nan 0 0.3527143062988361 0.45249470052796287 -0.6229417644837709 0.439142142605205 8.286693269060034
2460312.5582083766 2 8 0 1323.2196619194988 202.8947797884141 422.4791205253176 122.8417047066791 -0.06672992112277705 0.019377032207327994 0.00034275363026360823 9.966590543072989e-05 15777.296551006173 0.005194106714307621 0.04701250945354988 7.534970267340419e-06 -5.478339804646005e-07 1.400562376227855e-08 1.3654974022640776 0.12548258143745547 -0.09122200166671762 4.030739956803627 nan 0 nan 0 0.796195777323007 0.2954077612090004 -0.23033182625410858 0.22427280402949457 8.839803317699836
2460312.5582083766 2 9 0 -1224.6157830956222 216.52704630874464 351.56608225259043 62.21840041110671 0.013858756125465254 0.0026693021120332665 -6.980839988221616e-06 3.0190115242527874e-06 16004.620896642655 0.0055091887472470385 0.053237807695757304 1.1887717404156077e-05 -4.811946712202792e-07 1.782183276927303e-08 1.1224928312444078 0.10671543013167352 1.6165758917959945 3.1277912773337095 nan 0 nan 0 1.0195739574436826 0.25061017372259575 -0.08155814612543248 0.1634972180122205 9.045916311859498
2460312.5582083766 2 10 0 -1223.5584734816355 180.4708154595686 632.0853296490366 163.91477077681097 0.005963061500307785 0.0027815798403077133 -5.13294012885872e-06 4.614835365256969e-06 16119.112333521822 0.005718080202541692 0.05086446648336096 9.504264117680913e-06 -5.878012546425333e-07 1.4252939545767009e-08 1.257995562645141 0.10248160050512878 4.674113085180038 3.331442925404776 15.183654893299254 11.476997714148519 nan 0 0.786323476042083 0.2608643344257168 -0.20187563998813457 0.20758709071445655 7.365919350462827
2460312.5582083766 2 12 0 -1409.0204124974437 203.32121399040284 1212.0493568356749 1381.3570778697458 0.024144709668087648 0.02789413640994398 3.4389086319961316e-05 4.026712905313242e-05 16475.088302041942 0.009338264233263555 0.05480955734680668 9.735756684468946e-06 -5.691112930639404e-07 2.1597022791923348e-08 1.8638974469703733 0.15383639782790326 1.3695983254308515 1.6363965673507106 0.29807463984338783 0.37247078126534466 nan 0 0.4356498133580921 0.5063843439526675 -0.6892437961992293 0.354301900031425 7.602645504060568
2460312.5582083766 2 13 0 -1525.3082992175955 302.6187509202802 796.4088469868756 891.675622679517 0.01077538286630422 0.012443164853084858 -3.329728420766965e-06 6.06287015572245e-06 16592.79225923119 0.01686945359279609 0.05237184171803214 1.250231338154842e-05 -5.522454241538353e-07 2.80339877341497e-08 2.230119327415021 0.24875196823448506 2.365943035326909 2.7633985991744003 1.1021158645977984 1.449301752242596 nan 0 3.098695685673849 3.7702798120908736 -0.188973467650052 0.9083634568190859 6.041107411727632
2460312.5582083766 2 14 0 -1120.454472360299 331.161260583981 631.961876782948 276.1376666419367 0.008692648747179081 0.004630885127970258 2.9146880614631517e-05 1.2931120850075448e-05 16704.69762041187 0.02192373509108238 0.04968225292119952 9.540769425803226e-06 -6.376600420126919e-07 2.5282435783951565e-08 1.8678184113999126 0.1707641198208662 2.6826045488659935 1.5046515046602031 0.9392261455254162 0.49726787690759455 nan 0 0.016506132915902527 5.4337097816570195 -0.17411641256048788 0.361016715498861 6.426691337580261
2460312.5582083766 2 17 0 -1270.5689893548217 195.5218101798476 510.9258387198419 122.50329586016782 0.01508612302194748 0.0036940997908941047 6.495873368753817e-06 3.480162002763004e-06 17210.262650236466 0.009816558843016127 0.051151636184316694 1.0559207997622481e-05 -5.95633213968781e-07 2.0384665260593206e-08 1.6776930408378394 0.15425161078380825 3.3709561421860976 1.0422941281866196 1.1994571377246388 0.3805936923668766 nan 0 nan 0 0.0517255704383688 0.2525509948915984 6.623737247818083
2460312.5582083766 2 18 0 -1394.0464902214499 inf 373.62081421856453 inf 0.01058850739525767 inf 1.0858112981472217e-05 inf 17503.606723621175 inf 0.05813401899497958 inf -5.350018103006436e-07 inf -0.0004680473764682169 inf 2.9978018667184685 inf 1.118465212440664 inf nan 0 nan 0 -0.008208454670723005 inf 8.401896594574861
2460312.5582083766 2 19 0 -1636.3163155545271 146.17279643582526 430.418571747575 8.351120414926758 0.0077442671425908645 0.0013847959982230293 -3.0932978644705306e-06 2.8604387547383103e-06 17628.447244572715 0.007098326770755484 0.05551959871875759 7.370577005502261e-06 -6.151776994562191e-07 1.5319670367119586e-08 -1.3133973430099999 0.13784061208240284 2.7399237249606854 0.11436809460900231 1.605225029242303 0.7173016850110461 nan 0 nan 0 -0.02581914030937882 0.018931599688607092 7.30353122242059

2460318.7677982375 3 4 0 -2152.847635245554 247.2146863750928 210.43738143124318 124.56445618817934 -0.00758045127494204 0.004616209174047415 1.6701025965397592e-05 1.0194716595536896e-05 15247.855894445118 0.01247238421990318 0.048155831013282954 9.191103723768207e-06 -5.499969115021802e-07 1.934661362129609e-08 1.0184186392995438 0.16108236455114278 7.172376724335802 5.210529224552015 nan 0 nan 0 4.146632880198785 5.923520859862514 0.6772331419828072 0.9945446820232615 8.641946748153712
2460318.7677982375 3 7 0 -1733.6320978510103 277.34172373312873 539.3686454489813 163.19249114523905 0.009626370255775049 0.0030029985956979395 2.1716864410458265e-05 7.2800426339196615e-06 15671.388598726471 0.015923790692674123 0.049483995885954486 1.2917920012453451e-05 -5.914724280341617e-07 2.1836801716992735e-08 1.312696213925236 0.1299165831722914 0.5145657415101142 2.3956454448977658 nan 0 nan 0 1.0318923753519638 0.40365027272392867 -0.13017833579172985 0.26348887551119576 7.075379950764568
2460318.7677982375 3 8 0 802.8184633758457 147.73402828484896 632.6901635233553 144.0805510823776 -0.14003222250121708 0.031850590236673054 0.0005373475355016262 0.00012246389598422508 15777.148619031848 0.0038694996965917077 0.04699337789932151 5.666705341684496e-06 -5.72435039691141e-07 1.0200691028848846e-08 1.0947415572371622 0.09259426233693348 -0.0968862112850376 3.3155282968893744 nan 0 nan 0 0.7572084466668842 0.2198616597618775 -0.25637494631476043 0.1697651400167059 7.672780419719594
2460318.7677982375 3 9 0 -1458.6871658485954 166.016276986249 451.453426863861 60.93395432952309 0.014494655727719612 0.0023464693998330568 -1.7375772245316558e-05 3.7749987899710166e-06 16004.54881917547 0.0042758938000885295 0.05327565405074118 9.436496571038e-06 -5.595041466646621e-07 1.449408463817461e-08 1.0176694880707167 0.09009877567783495 9.774495308877926 3.0337536231549596 nan 0 nan 0 1.03699459665004 0.19667393037658465 -0.10954771774822811 0.1209680755723902 7.884563790687558
2460318.7677982375 3 10 0 -1797.180922178241 153.50082337206666 882.0684457668709 252.16332108785932 -0.017630958361519525 0.0056405244811411235 1.8070943040159937e-05 8.132592090420429e-06 16118.885984087023 0.004795779415795332 0.050848315753561774 8.212048102983995e-06 -5.688773587015759e-07 1.2178243406302959e-08 1.1162537677375601 0.08835292857142371 3.946369943457038 2.496624598896112 8.902600544843525 8.230556604274573 nan 0 0.5953145347753089 0.20811542485684478 -0.39311301707874796 0.1739278766335661 7.092050239818056
2460318.7677982375 3 12 0 -1437.686877360857 168.54300621578486 1933.6185979843203 1840.5488308496851 0.07297048757382736 0.06978484428586194 8.46770470602766e-05 8.18404861321049e-05 16474.95534684458 0.007656818915525685 0.05479172410617338 8.095596880474177e-06 -5.629668740824977e-07 1.8148840138592803e-08 1.708796943170278 0.12179586797070675 1.4478612874592145 1.4317796572643222 0.27007390153501976 0.28014678987223657 nan 0 0.3885651951946827 0.3766472257440231 -0.7296376808183104 0.2574677950313553 6.832803646327899
2460318.7677982375 3 13 0 -1203.5710122568482 278.4479095778258 854.5495332742526 1033.9831438212245 0.004835993877758133 0.006495224550057288 1.4694842471731443e-05 1.8423518012683532e-05 16592.589905922774 0.015423137469720299 0.05232710049236876 1.1657179225726511e-05 -5.597802655396478e-07 2.6943700165953928e-08 1.9668789120781416 0.20337037083049445 3.1225987128621053 3.8967510782053285 1.0383296673964486 1.4703539450004341 nan 0 2.2726536001788733 3.064247876037243 -0.17411418137086984 0.9996344434498207 5.939309884050871
2460318.7677982375 3 14 0 -285.9761749870708 290.1279691247156 850.221281834178 374.74634693007545 -0.013014581700826611 0.005937342470454865 3.411555714389358e-05 1.539594101457956e-05 16704.55790528363 0.020042668530809278 0.04967671405173509 9.190309974490088e-06 -6.783113511036291e-07 2.5020067999796252e-08 1.6517101577037454 0.15317527722741514 1.7915218597269966 1.1078287816582701 0.8476303912607072 0.44682410177186077 nan 0 -0.6984635431600253 4.457744388536068 -0.27483521650810405 0.3197357467254296 6.483427989234003
2460318.7677982375 3 17 0 -1062.2332429114053 186.3475813599598 567.7806037046506 163.8664412632243 -0.010694749182437452 0.0039984235303191645 -7.3951066770899355e-06 4.462393563364322e-06 17210.009056575218 0.008843666067733158 0.051147453366299736 1.0527187637170232e-05 -6.055206141401651e-07 2.028451994002966e-08 1.4181854558601834 0.14937820948252964 3.094938863086214 1.1271250632288885 1.2962365141388852 0.4483234902399343 nan 0 nan 0 -0.046512863403446895 0.2755897250360364 7.0973574540054045
2460318.7677982375 3 18 0 -1295.5433678456614 144.7229334983381 554.7575362655434 16.187024916954577 0.0004539037177564022 0.0018621594359506449 -1.55537645379702e-05 3.921082789903038e-06 17503.147319716492 0.008471675957639355 0.05811411133740245 6.568925447047897e-06 -5.25863949014509e-07 1.4502138543727837e-08 1.4494442629731799 0.15299321578584038 2.7106380452728676 0.15377105291261312 1.5309180903173278 0.7468171845688814 nan 0 nan 0 -0.024701451236760208 0.0285542426923065 7.551792915698345
2460318.7677982375 3 19 0 -1315.8923203500135 153.32148327851286 544.1083111086743 10.871525175654355 -0.001476378735713949 0.0017141303834118226 -9.891856045501025e-06 3.507722123885993e-06 17628.15794768999 0.007684146233950089 0.05548380915472432 7.343247814211245e-06 -6.318210462868134e-07 1.494840070358349e-08 1.2630657828887817 0.1362479636459396 2.906453225853441 0.1220622826357171 1.4773120905388466 0.721295480285578 nan 0 nan 0 -0.0020775407410192222 0.01996172848743045 7.181782275786287

2460318.7677982375 4 4 0 -1267.5686437358527 270.47804178010455 508.77129606825395 690.1793335860982 -0.023336619639765317 0.031810170361221746 1.644306838135067e-05 2.3030803977076206e-05 15247.890562619974 0.013817424794698547 0.04819035427649918 1.0191986235478519e-05 -4.877270465203046e-07 2.13822209007008e-08 1.4481300154816674 0.2105016547508823 3.466706897759867 5.192668147148439 nan 0 nan 0 1.5138945595538122 3.5556296374057044 -0.10226663921773882 1.2187314649446441 8.263529774968328
2460318.7677982375 4 7 0 -2694.5991840499 264.15122368519684 992.3317339821627 568.7314788539858 0.030325988100129403 0.016559739294791313 2.8482571060265454e-05 1.700814990987962e-05 15671.451737253332 0.01517821894201854 0.049534649095115714 1.2359187709122984e-05 -4.821980688378979e-07 2.105975506264831e-08 1.2464381405794571 0.1193937132944843 4.997084619826027 3.2519181594009936 nan 0 nan 0 0.5711677422832381 0.38146182277695573 -0.4611750633166454 0.30900619918994526 7.081832029145814
2460318.7677982375 4 8 0 1392.1936147072884 169.88600330567238 374.7394665726849 59.92092909811153 -0.07870714645935498 0.012610313759300792 0.0003107040748784937 4.982407098648485e-05 15777.21925998527 0.004090066061080736 0.04700324238019438 5.840204677812185e-06 -5.863755376498734e-07 1.0798748653101915e-08 1.2207273994462604 0.10345274616192396 -0.1095722864418529 4.13294177975708 nan 0 nan 0 1.105845458117988 0.24440669939875861 -0.14426606972529185 0.13736055523191068 8.202972152002337
2460318.7677982375 4 9 0 -895.6836823514734 190.95277429723023 596.2910510434356 96.46009706713053 0.010830019630085485 0.002538464641422874 -1.6072264197315997e-05 4.709635151005574e-06 16004.542821148674 0.004834204478119301 0.053265566909239656 1.0961548249419334e-05 -4.796155646703431e-07 1.6777071614758128e-08 1.2837644252668732 0.09982388421989456 4.505095475145904 2.7219653543930793 nan 0 nan 0 0.9916417775893265 0.22011017841322417 -0.16811643772463197 0.1353617146039943 7.851370139959441
2460318.7677982375 4 10 0 -1411.4688909179383 152.5599943934911 839.9336606304363 173.25139037763068 -0.006149914808894599 0.002863400408259078 1.0351028752342229e-05 5.924528396791526e-06 16119.016270665974 0.004695737289323182 0.05087929413339736 8.067041812039102e-06 -5.578487353868149e-07 1.2042526796648963e-08 1.241270498911965 0.08900816465910287 5.102379146032006 2.7314693340003453 15.65355311611507 9.469966721513924 nan 0 0.7836704344335695 0.20772356388409866 -0.275748279058867 0.14988303767049518 6.661006851663516
2460318.7677982375 4 12 0 -1215.1468711383711 193.29126274178986 911.9273096603241 362.0561355379276 -0.0036010207413495715 0.0032831050056497113 4.108543788825274e-05 1.7536323278578145e-05 16475.016483436386 0.009030616597132819 0.054823279308895696 9.16258218990332e-06 -5.634877758456428e-07 2.030959571822227e-08 1.8462409989974313 0.14907442236284413 2.3250258075959267 1.2203998086716072 0.701913591708181 0.34444684011700244 nan 0 0.8684630461043124 0.3648435591036532 -0.39138508739503103 0.2418766704703883 7.194823067626777
2460318.7677982375 4 13 0 -1096.6063565921195 245.1319612805231 1018.9991790015104 1322.507410228952 0.007958948072707958 0.010912344381475416 4.9926845961911915e-06 8.72346520425626e-06 16592.73466219254 0.013560407721333361 0.052351741532586676 1.0782202681154003e-05 -5.150996909777219e-07 2.4949818256641917e-08 1.7119875328638596 0.16730755245461826 2.545876424369269 3.389982093278274 0.8648391439329705 1.2846280688822598 nan 0 1.9690967576834217 2.764996460952072 -0.31513602564004123 0.8891082125847236 5.860274849364335
2460318.7677982375 4 14 0 -863.0725087988858 261.8316486721971 787.5040053904057 260.33998858462127 -0.0020376258382693046 0.0024664814991171248 4.241093697768606e-05 1.433062386147778e-05 16704.67998049026 0.01777141967777709 0.04969007567019887 8.619243882639522e-06 -6.267917176006604e-07 2.2632517132728888e-08 1.6412761367090447 0.14249623663014696 4.567535521389027 1.7951590066659884 1.069928858205217 0.4383664309540884 nan 0 0.08872894930365627 5.186858083004129 -0.1479800046491002 0.2818137915186021 6.14962586798308
2460318.7677982375 4 17 0 -786.4998056824307 195.03586020117257 813.0141540893492 297.24872102295836 0.01990758031973206 0.007176401827579209 5.576752270536169e-06 5.489799411915079e-06 17210.20622456219 0.009665922024571444 0.05114591425846572 1.0953463221510058e-05 -6.13218408502713e-07 2.133849704199986e-08 1.8065430465966537 0.17396750667895644 3.0690921721109405 1.3769588069426764 1.082232714490319 0.4598135397959755 nan 0 nan 0 -0.12031961998037968 0.32206684953886294 6.768217243366339
2460318.7677982375 4 18 0 -1396.4070439389257 130.967295685022 464.9883201272845 11.4858201878368 0.0045442543985039245 0.0015921560339478523 1.8322608698480067e-05 3.3346592680861162e-06 17503.51821668519 0.007668716356546883 0.058126135120017734 6.1310519914285865e-06 -5.3664589364413e-07 1.3842938943339196e-08 1.4244186208823568 0.1474856049823048 3.0000365563683897 0.14632855961621982 1.3962648892869087 0.6990640131494504 nan 0 nan 0 -0.06709307649705674 0.023119490422704173 7.5802609822256315
2460318.7677982375 4 19 0 -1000.0265082001342 161.12270691063614 555.7315822644015 11.392146750267566 0.005097372015959872 0.001877123381661499 1.6435308319769879e-06 3.850890429590791e-06 17628.39292411602 0.008050163864039239 0.055526992814523786 7.763601617606554e-06 -6.142558412297036e-07 1.5888950911614122e-08 1.2958555432767027 0.14664330021681637 3.1920937663335573 0.1371467936208786 0.3746017455106407 0.7630596961415804 nan 0 nan 0 0.0022402596696809917 0.02058182947127427 7.560881289638302

2460320.676643619 5 4 0 -2028.1637024232868 227.06412877016447 456.2425837288014 464.3554887679765 -0.011325541428030364 0.011715815176987823 4.216255271619054e-05 4.332362713008576e-05 15247.8988486455 0.011492410685045359 0.04816224991612542 8.471961121013559e-06 -5.534394714010539e-07 1.7880800097712393e-08 -1.199469815048628 0.16169453015656998 3.8477734589588266 4.393799167914301 nan 0 nan 0 0.714321154494889 2.924439691189213 0.02392250342788286 1.043033366431574 7.447746747750118
2460320.676643619 5 7 0 -2201.093336302698 258.20881215731566 1250.4517537884738 924.5766428154486 0.03386613112701919 0.024015212774631717 4.069245889586178e-05 3.0275949653237955e-05 15671.39017239106 0.015222710760732828 0.04949327966031859 1.1630489156610801e-05 -5.851899397926486e-07 1.9966896754315476e-08 1.2149056928064832 0.11408442938152573 0.03872535580123407 1.0729636367366402 nan 0 nan 0 0.40417930212811964 0.3353988793806898 -0.5814587894867904 0.30959794106208244 6.629712216114486
2460320.676643619 5 8 0 1180.077271041509 132.1017841828425 759.4134278039008 229.53059073311405 -0.17069685755526523 0.05150571712820742 0.0006457048120069554 0.00019521650244799118 15777.192408350262 0.0035352716004092366 0.046983143144471676 5.2036502082944274e-06 -5.949810892875715e-07 9.358880554181005e-09 1.0692668289700922 0.08137628503387989 1.659482862320358 2.4911589412663684 nan 0 nan 0 0.5439584031972629 0.19753185433796608 -0.3920505390780627 0.18407485222040973 6.976406997278806
2460320.676643619 5 9 0 -1864.7543662463565 171.07873766652415 847.9103361959245 289.670199233848 0.037804813560506315 0.012840984318048422 -2.8374529480338612e-05 1.0643881386611605e-05 16004.592320288513 0.004598567780873848 0.053251723649544135 9.844967641846295e-06 -5.18387686069514e-07 1.5153604798934027e-08 1.1213785424184786 0.0855966734506103 1.1616525483370514 1.608960277327312 nan 0 nan 0 0.4589801455239478 0.1855447019972596 -0.46384619792904813 0.1836400503798924 7.384235790448544
2460320.676643619 5 10 0 -1486.0381434832761 127.78069474670376 1286.08352432354 533.1828591228564 -0.018473031966710584 0.008233171198649221 1.0748515805170829e-05 9.069040448841795e-06 16118.9329708446 0.004299397949193268 0.05087627786223267 7.199727724016309e-06 -5.425045384264668e-07 1.0754675708644711e-08 1.0556220650595196 0.0761356823693056 2.1084466130137733 1.6910239374134934 13.159514996085479 7.565528823271873 nan 0 0.38048328496271683 0.18069080927297593 -0.5429795157881002 0.18976102059733038 6.186055342650541
2460320.676643619 5 12 0 -1217.685268037575 171.30315793579777 3670.2428617243977 8123.161506525843 0.12913631180749563 0.2862213495095273 0.00014685754455852929 0.0003263131201748911 16474.980228462955 0.008238742843020817 0.05479457475191333 8.442494920181984e-06 -5.310487864797879e-07 1.887172330800022e-08 1.7888051502427031 0.13036674214061605 0.4910324973306262 1.1066615217382385 0.13151978218783453 0.3036670448389797 nan 0 0.20970987106830064 0.46810002362152864 -0.8431115575032201 0.3472908912770405 6.542695396870121
2460320.676643619 5 13 0 -1180.8388178014136 293.47427935130935 870.368340994412 1391.7757664587723 0.0018104610824288719 0.0037401453630161036 7.579730929831255e-06 1.2913971498016267e-05 16592.64140980463 0.01592130647344302 0.05231921723036492 1.0521553861632904e-05 -5.68581742653464e-07 2.379827298110127e-08 1.8554316017177928 0.1770106170199208 2.311510100238489 3.7889018262624763 0.8334624874978528 1.5185422965079929 nan 0 0.8071550886059486 1.7449215921764947 -0.1496028093541754 1.360140184275972 5.2684084959066615
2460320.676643619 5 14 0 -841.54504003128 298.8349365583885 1504.6891739147304 1540.1468932868816 -0.02062468925759486 0.020820452429182255 6.501802445469847e-05 6.5930682625319e-05 16704.522058590515 0.020445660857942936 0.04966427072261075 9.459416958560391e-06 -6.20512838638232e-07 2.4779001288651554e-08 1.6374926589830163 0.15292223765080626 1.6660738132173276 1.7938228607127558 0.4199200359503744 0.471789713371586 nan 0 2.5329218211352877 3.581297942413176 -0.5554408182416967 0.45510368616559077 6.389392550854968
2460320.676643619 5 17 0 -1079.5913587861405 164.54258483138528 638.2255118550423 103.84065459784077 -0.010688939193926912 0.0028623717739851545 -6.141118095108412e-06 4.003072192149681e-06 17210.04435411097 0.007867810837904162 0.05112996773819847 9.46197192398955e-06 -6.157481122656703e-07 1.819854255776293e-08 1.4382664734282673 0.12972887834715216 3.485073496209468 0.762702095755208 1.358767719941886 0.31413338393166423 nan 0 nan 0 0.02942077990344982 0.16778406457740425 6.387279081678477
2460320.676643619 5 18 0 -1438.7828485285147 128.26566739348274 626.151684182462 16.780205619001308 0.012263772139000281 0.0019309281288899598 -8.532302036999655e-06 4.0037565002585855e-06 17503.179695867835 0.007674493197317957 0.058111951967339294 5.9421259067320575e-06 -5.419061445813153e-07 1.3518800773086122e-08 1.5936058180708745 0.14834687330542243 2.659794412803087 0.13677811831102477 1.1614523024874208 0.6661739319226301 nan 0 nan 0 -0.046735085797313496 0.0256386975771926 6.77474795091102
2460320.676643619 5 19 0 -1323.3918623842544 130.5165340940893 588.1934423916949 10.334059941395305 -0.002517548560116663 0.001774473793716277 -1.0979520305991184e-05 3.6222935211970823e-06 17628.18884884584 0.006481885375552643 0.055489303449177206 6.762870179828145e-06 -6.235263959334116e-07 1.3979619124003168e-08 -1.1742622901804418 0.12226212926887654 2.84685388179216 0.10885956065955835 -0.8236257078604761 0.6472019646580413 nan 0 nan 0 -0.03566391285495614 0.016978434402505023 6.852641800635764

2460320.676643619 6 4 0 -1827.9069196055968 251.8234226252331 558.0256613499843 863.084803338298 -0.019357648999026356 0.030087077833221856 2.8011228865079987e-06 6.119707911492307e-06 15247.881306683696 0.012755420518566388 0.04818135694027038 9.094979356810492e-06 -5.608605786859592e-07 1.9192133546878144e-08 1.3285210849087508 0.1780074288901564 2.9633201812397423 5.006521956057043 nan 0 nan 0 3.184359913564657 5.6040444206153515 -0.09825491115305629 1.3955217612471824 7.310639816419272
2460320.676643619 6 7 0 -2324.4053530528718 231.25770482728393 2020.736329905144 2027.4124794329368 0.07711069254404655 0.07559282320579071 7.602611562611545e-05 7.58535581806694e-05 15671.548554370329 0.013750106747042988 0.0494982023160943 1.035712140299932e-05 -5.055922521622778e-07 1.8360343156429893e-08 1.240549209081645 0.10512496437393 2.883969407900054 2.9974820699213796 nan 0 nan 0 0.292590839245644 0.31987272364869457 -0.6567931915663735 0.34444020463617037 5.866891107621928
2460320.676643619 6 8 0 1180.0897673992722 130.4746968105576 536.4238537598661 96.9481598150201 -0.10343100561727843 0.01868890282874133 0.00042303428549430753 7.656004891562132e-05 15777.25332556189 0.003425783379001246 0.04699617218146201 5.0093923715488835e-06 -5.849786847380798e-07 9.233601106639893e-09 1.1116288194598634 0.08304891944393415 3.428217413510176 3.214454085308885 nan 0 nan 0 0.8456805409638539 0.19984657722046895 -0.18573917353308794 0.14756979110027849 6.648572368643076
2460320.676643619 6 9 0 -1298.5993670488615 144.00615505425048 850.1622032909464 178.0934828604713 0.03225882427497093 0.0068613667077840595 -1.1183362462133019e-05 5.246782650650573e-06 16004.514090582681 0.004061880382934519 0.05327209852337071 8.358332931811264e-06 -5.310334525071292e-07 1.3130664148928495e-08 1.0951766349994132 0.07914809345680476 0.059767297783882095 1.8467587165394113 nan 0 nan 0 0.6631628136095327 0.17527748445616376 -0.2633487034733853 0.15487912504201282 6.416670928999475
2460320.676643619 6 10 0 -1961.071600640357 128.56162188902752 1061.3271402445298 233.41547229398535 -0.020060932985567388 0.005071216482474274 -7.605783734504616e-06 6.016851084974541e-06 16119.105517684975 0.0043240278027896215 0.05087563893373551 6.99846690962571e-06 -5.477771248441867e-07 1.0620663259975685e-08 1.1416061440428118 0.0789695741428156 5.132127707075922 2.5075641139389178 -0.08860689587909931 7.75881447936757 nan 0 0.6850462600138372 0.1889208686273008 -0.24474117117670677 0.16653715428522556 5.675925322477783
2460320.676643619 6 12 0 -1266.505287923574 165.63296307058673 1902.9506300590906 1437.7221917659538 0.01838107504213261 0.014886238815855197 6.610938503500166e-05 5.129210306543254e-05 16475.063228340652 0.007787907489337477 0.05480586764619231 8.090263887031078e-06 -5.742615754866164e-07 1.7844797683087004e-08 1.8131798806997905 0.1269588488502699 1.145166583639922 0.9641330466550376 0.3574743780483821 0.30170738928532426 nan 0 0.4748666733510288 0.36750862476966023 -0.6133455936903516 0.2922549767988419 6.0754332569084255
2460320.676643619 6 13 0 -977.7494461732576 245.8734531742531 1061.3203769268778 1088.2378400028792 0.014460473060436466 0.015212933801604678 -1.5133982187782067e-06 5.270917385462105e-06 16592.78683625239 0.013389899469152559 0.052337263642386556 9.516071734405303e-06 -5.185882698958286e-07 2.1579147359900645e-08 1.9641231563802892 0.16797505428294776 3.2170319526264297 3.403904315244056 1.0459957849888761 1.2566213822168526 nan 0 -0.006963967130447557 1.1353712940815772 -0.11023707646047698 0.9126176160665485 4.787514376870231
2460320.676643619 6 14 0 -659.8380462510247 277.0446751859994 1324.170099957044 758.5117284941142 -0.006758447983803231 0.0048010356855048295 7.549867546875969e-05 4.297812153870566e-05 16704.738658330236 0.018985243381041742 0.049673610084328294 8.611445073141685e-06 -6.557760756891699e-07 2.2395179330604173e-08 1.9233075678243938 0.1586171035214655 2.573504630418802 1.635585287141082 0.66802578131539 0.4423644806295753 nan 0 8.060471325044118 5.808213839095499 -0.29974308455751936 0.40123689482672575 5.255831146955519
2460320.676643619 6 17 0 -1205.7135755284953 159.42084562952337 1247.8434495516076 425.34433341872364 0.02352817488128712 0.008070385743458027 1.549801987521182e-05 8.341429140301997e-06 17210.20157717777 0.007551429819219803 0.05116910346653351 9.16352964550002e-06 -6.140189531831536e-07 1.7756784638251266e-08 1.7491507641415056 0.13546137456405655 2.024254374523674 0.8141829670028157 0.6803203604453619 0.27252262854891546 nan 0 nan 0 -0.30794621782898196 0.2361326641946562 5.688063810089065
2460320.676643619 6 18 0 -1436.8967400039319 117.12964554400743 565.5532740030261 12.57187979964153 -0.0036701603558511185 0.0016139372372067503 1.637293281679505e-05 3.394213595771435e-06 17503.551497547083 0.007180077352017795 0.0581280822061253 5.394156026537554e-06 -5.263961029093226e-07 1.2461622984470218e-08 1.4398316764535566 0.12722650952840658 2.943594480045485 0.1286380912542696 2.1917317524128994 0.6013270028450002 nan 0 nan 0 -0.03558128000478478 0.021501244844523024 6.288579015994091
2460320.676643619 6 19 0 -1311.1844708689894 134.3721867158224 734.9361657687812 12.812575538384337 0.008741280161875559 0.002131222881431417 4.506812529308504e-07 4.391745763731872e-06 17628.382105677072 0.006743616551696752 0.05553060439237886 6.707440375816492e-06 -6.048322929699476e-07 1.3794044038088911e-08 1.2966948426151848 0.12459381745702597 2.8416565095315227 0.10710282534206453 1.2342976057645698 0.6442153263218009 nan 0 nan 0 -0.015148843156598429 0.01719664792539414 6.520334314082297

2460370.53298493 7 4 0 -1648.2745158384118 276.88218668888464 339.4253379928754 297.1098159479469 -0.013257664892222234 0.011805516576336971 4.167345192476861e-05 3.69568471380021e-05 15247.811403100928 0.013761892113109384 0.04817052970083967 1.210150946316982e-05 -5.13343498560244e-07 2.5334197647466814e-08 1.2054589520264067 0.21523897093797562 5.091957490068056 5.1834656663756284 nan 0 nan 0 0.6006718271698503 4.233022375761128 0.0726907422643382 0.940268763507464 10.512030501870939
2460370.53298493 7 7 0 -2738.8257273077043 379.34772684288276 612.8288714993743 318.8910625066665 0.013684745506213443 0.006830730304849703 2.2005298719206035e-05 1.2291966011733153e-05 15671.489599891553 0.022195495510160514 0.04953184844709882 1.7066016527082693e-05 -6.025780707007847e-07 3.0220174613955485e-08 1.4277065447272963 0.17665089571029946 3.2300583328790364 3.2321162738539524 nan 0 nan 0 0.848248581480723 0.5483941226831518 -0.21107935569189207 0.41092383178312114 8.981349190012345
2460370.53298493 7 8 0 1481.583290578181 217.11244509000818 691.6533320823771 320.13178347165393 -0.1569739531953178 0.07251321627231014 0.0005788877910856584 0.00026803969750175414 15777.161752705219 0.005074922257227099 0.04698519850845377 7.744977310175568e-06 -5.743983066161973e-07 1.3973358470321397e-08 1.2790482985532903 0.12068945428985817 0.11811720118144864 3.193653492104642 nan 0 nan 0 0.5348134200779093 0.29503017531087483 -0.46312351645319777 0.2489780845154921 10.479208929599237
2460370.53298493 7 9 0 -1119.0013214799808 224.8466738947227 439.8685781448762 79.04949222735713 0.024492375264201973 0.004574380352075661 -1.7383944648534115e-05 4.8207413587451e-06 16004.519921418516 0.006120600363457327 0.053254091267484836 1.3217082995574627e-05 -5.087677419160874e-07 2.0581987992771144e-08 1.1272542004668813 0.12320010377590752 -0.12012660288645494 4.1207848764150645 nan 0 nan 0 1.092605100645615 0.2789196835527666 -0.007209037154229182 0.17950370079807715 9.981629152046557
2460370.53298493 7 10 0 -1993.8795068767524 216.52143055762937 2002.9284673143106 2074.325997913331 -0.05130036774189436 0.053185830834314184 -5.336310079335965e-06 1.772015477441189e-05 16118.978608326108 0.006902230922787293 0.05084904848214471 1.3059235272080313e-05 -5.660424409424775e-07 1.8367076058265447e-08 1.5618487663853513 0.11688149021156348 2.6008018866224023 2.969089779789266 4.223962181238085 6.451870016056098 nan 0 0.24691366851057747 0.27865048546592247 -0.7310042016745786 0.27886444508117714 8.866884577265141
2460370.53298493 7 12 0 -1184.8891692061786 192.4271326779362 2335.9237235557193 3838.6484227922642 0.08852941328416314 0.14601088708705476 4.597395385456947e-05 7.807588360064376e-05 16474.953204288227 0.010045419555784307 0.05479734177998079 1.0746328641825203e-05 -5.33479998433086e-07 2.378987255220079e-08 1.517789061138914 0.13917359817841687 1.0460551007389525 1.775465902083792 0.21136974647398166 0.3726004236432098 nan 0 0.3588449338551443 0.599440977196011 -0.743531705912179 0.42157771650184567 8.696235070193946
2460370.53298493 7 13 0 -1316.5011895842822 470.21723975250364 823.7784055955075 2000.2810220523768 -0.0005747812717502025 0.0031286132697966305 1.4768532271633588e-05 3.631193640933355e-05 16592.610223627307 0.02627897620971088 0.05232355398257403 1.6953573395778912e-05 -5.285523749924442e-07 3.757667335950745e-08 2.618259424570776 0.45369740953500703 2.422703051833342 6.022744424177174 0.8719901378418413 2.4172196259959295 nan 0 -0.018541494132153807 1.632841750804801 -0.20644606424359838 1.9273529630997595 7.514065209848273
2460370.53298493 7 14 0 -215.77551987378203 332.93631682752533 800.6055451729483 470.1397700832751 -0.012613345137685542 0.00768302099344007 4.8215840438629496e-05 2.825843624279893e-05 16704.610344216486 0.02388294320142161 0.049679292689245654 1.1973026983287375e-05 -6.788604678387452e-07 3.202410328305536e-08 1.552967549366897 0.17930319485570212 2.5647967093188715 1.8702665468418727 0.841547341998776 0.5919893830270513 nan 0 -1.6080594531772017 6.358800520354206 -0.24109512143153727 0.4457784106170716 8.629685348589648
2460370.53298493 7 17 0 -768.7987984693294 222.43372638672966 566.9690122809286 103.76784751246817 -0.014693367510251113 0.0038787128529047276 -1.3691280924817496e-05 5.316003740553476e-06 17210.032169751772 0.011142160378526937 0.05113270849231688 1.3962326611792594e-05 -6.389615235736666e-07 2.6945676185400402e-08 1.9990897898643631 0.22587274756688253 4.084571891845669 1.065718294551043 1.6459650308070584 0.4543943083768259 nan 0 nan 0 0.11870303268786372 0.20516307726622787 8.4019091767155
2460370.53298493 7 18 0 -954.998601549594 187.87393750102677 669.391117112598 25.492269355931857 0.006070374289296841 0.0027081476876134316 -4.899800214052665e-07 5.666418276546368e-06 17503.272039988795 0.011505505384759229 0.05810075713785404 8.969783801328817e-06 -5.162849848336415e-07 2.0380233148450104e-08 4.2453899118454315 1.1805451697597475 2.700851056445005 0.2128755922584142 1.2343721080077188 0.9948983655294035 nan 0 nan 0 -0.0055886977337657705 0.0381727109873898 8.924514005271353
2460370.53298493 7 19 0 -1350.4940232017102 223.47799134619132 669.291663387478 16.75759487043181 0.014825193697486277 0.0026336007957722535 -4.06676380195952e-06 5.331636482811451e-06 17627.96139309775 0.01137521984884634 0.055500141208465414 1.0652006556849902e-05 -6.005818962513082e-07 2.1921142299769652e-08 2.4731668746284883 0.3303223569708428 3.1106727525610522 0.174467971603366 0.08826278287092391 1.0361328983479958 nan 0 nan 0 0.08978952658264425 0.027331503253266394 8.932203989882199

2460370.53298493 8 4 0 -2377.2771276019907 219.28521451240522 1321.7763435592376 3285.1534285137836 -0.04165196385244438 0.1038123359176052 2.619156213925025e-05 6.65755770936461e-05 15247.88857860541 0.011047833831328418 0.04817421615933899 9.356945891278038e-06 -5.532880245321347e-07 1.95823487299285e-08 1.274723197138746 0.1681419823093799 1.5536433443900663 4.053656957781264 nan 0 nan 0 -1.1473250412429392 3.0995544055209234 -0.5900721283429933 1.0192100205449013 7.7694901376633885
2460370.53298493 8 7 0 -2260.4070624918363 272.6453296928386 796.0759695137251 246.83938963681538 0.04107634226960891 0.012211399652440722 3.2739301992160783e-05 1.1057076617944383e-05 15671.473888712642 0.015793134747524556 0.049524784386891785 1.2968028425128269e-05 -5.674025099722193e-07 2.2502646146583352e-08 1.6187066821639866 0.1343277063050249 5.118512652908242 2.700880602794809 nan 0 nan 0 0.9983432294889972 0.3944156916363345 -0.17076439324234458 0.25744150890061135 6.524808458607431
2460370.53298493 8 8 0 1070.4963274174709 141.5088245742789 538.5914345221343 109.67250421433782 -0.11853914280061544 0.024096085245846846 0.0004472057040985221 9.116180755362815e-05 15777.2302215095 0.003587116175607382 0.047003555178678796 5.326436341879775e-06 -5.772705522362298e-07 9.800868542878559e-09 1.187281715615786 0.08831489416000683 -0.02456594148558988 3.2123271467256265 nan 0 nan 0 0.8297185554241592 0.21924597761861617 -0.19416852395375014 0.1645605776265692 7.025476021821395
2460370.53298493 8 9 0 -569.6189023780439 169.96682910244309 647.1974852360001 105.71518400162998 0.02274668079646271 0.0040008403375252 -2.5390059994789426e-05 5.607442353374264e-06 16004.571200107774 0.0043623456834037296 0.05323330523987171 1.0004789311003067e-05 -4.6651448672066583e-07 1.5390029518256318e-08 1.2343445879185466 0.08514570166970785 2.7387577627881754 2.344121681357106 nan 0 nan 0 0.8596816168929866 0.18673190647635335 -0.21452250510654144 0.1289367949745509 7.166566598127705
2460370.53298493 8 10 0 -1634.9123091102679 133.94613629949163 1415.1172125100575 504.32957704227255 -0.01778192978281097 0.007411756680180294 1.5704875625780788e-06 9.006261604801078e-06 16119.077597500922 0.0044452482035496595 0.05088455308615437 8.103905182032679e-06 -5.447523124754872e-07 1.1792317573723608e-08 1.1333873708868836 0.08024638826495734 4.24342659930121 2.271185777916492 -0.1817981230732268 6.155913853169616 nan 0 0.46342197607803604 0.19399550046162994 -0.4874465476475652 0.18301928588184707 6.566751262871138
2460370.53298493 8 12 0 -1020.6359046417147 148.17289150656126 1940.4317230720758 1838.7616734213216 0.004294679170605973 0.007032805024768823 7.586911821037977e-05 7.288621085332794e-05 16475.033284615714 0.0076673188085333585 0.05481195491310783 8.28308141963122e-06 -5.317461825825013e-07 1.8473891426534223e-08 1.6738157327199505 0.1139008104419459 1.1639984590159487 1.161773308344 0.2700154590052459 0.2791243999277875 nan 0 0.4146349977748944 0.4008600837561754 -0.6968701420553401 0.28733965408289086 6.398595327258437
2460370.53298493 8 13 0 -1086.4247312170853 253.90592864381694 1016.1707064530981 1350.8775840868998 0.01954815713724092 0.026313817602653868 4.630070244785262e-07 5.3392179871040815e-06 16592.775212559565 0.014097221876484328 0.05236738313364833 1.0720029318814008e-05 -5.68038866785021e-07 2.4018981272015514e-08 1.7952961813333286 0.16996325861145245 3.5332074359668892 4.836732509435918 0.9048900745335171 1.3946582892047243 nan 0 2.709954040656985 3.817285226649197 -0.18312452160490653 1.086261340374424 5.300109988217569
2460370.53298493 8 14 0 81.18086125064465 259.14861664014506 941.3545667516596 375.34945153610533 -0.005999218645392189 0.003528471905262233 6.762343721112683e-05 2.6927843628518058e-05 16704.69792563368 0.018819442423597177 0.04968992820954763 9.652353277350434e-06 -6.883407800191199e-07 2.5432496931440523e-08 1.9557474806273731 0.16832041320285615 3.50513955272225 1.676552449564076 0.9390053636712397 0.4548213452690002 nan 0 -0.07272331237718743 5.368968498124894 -0.18186903229443416 0.3263365366661788 6.20708102240297
2460370.53298493 8 17 0 -907.2823632194885 194.4212151104397 543.7796965540092 76.35185636902878 0.007824612841028445 0.002011185504580184 -1.8912206521930178e-06 3.667962201077973e-06 17210.221199437994 0.010232472803405612 0.05115879868065701 1.2023904128154995e-05 -5.996509824839729e-07 2.3612433064381e-08 2.2026046111634905 0.22417585886332703 5.713826912119277 1.1810248590581123 0.9862817760530671 0.35201493411853557 nan 0 nan 0 0.29101025842427974 0.181789237231665 7.016362548947338
2460370.53298493 8 18 0 -1383.3488045893173 147.13956121772154 593.6277185036294 12.802271483531934 0.0053465475858246415 0.002034046096301981 2.300229993551024e-05 4.298284700446568e-06 17503.55315956919 0.009121251940660267 0.05813650516068454 6.833463350800186e-06 -5.300803610731693e-07 1.5542508829356757e-08 1.5296043930890675 0.15592952555637954 3.5151122513833406 0.1588945657687171 1.5296835200396521 0.7275915064001379 nan 0 nan 0 0.006314440922845387 0.021723358010471754 7.551870345561057
2460370.53298493 8 19 0 -1434.4267663584735 158.3963629797727 631.5913378805035 11.17374199811831 0.008116943803419013 0.002146634185079899 -5.337390377852415e-06 4.388033054598901e-06 17628.410668162884 0.00772225972886467 0.05552379720631292 7.961318172870956e-06 -6.102125337600923e-07 1.660254600625831e-08 1.3153363925740071 0.1490481075759262 3.468740002438561 0.13988558177459942 1.300658886100699 0.7243913198174725 nan 0 nan 0 -0.013375889914535624 0.017488088808792532 7.780890125306092

2460388.623495185 9 4 0 -1796.999120098506 156.9940883857839 297.8835545359595 66.38934924141317 -0.016727155881471445 0.003931888816571337 2.1828022848489273e-05 5.489505306625441e-06 15247.879115222173 0.007439956554782467 0.04818671555024462 7.367042442572174e-06 -4.949926133190884e-07 1.4863381626630855e-08 1.0196598417730585 0.12876655683923474 9.787573668021725 2.8648840207090784 nan 0 nan 0 4.01708180051986 3.816126620230802 0.3438616193040749 0.30058868840989783 7.522246612724019
2460388.623495185 9 7 0 -1960.3732601239967 235.5810463805311 460.89390419772695 59.30622596606299 0.014294178054031473 0.0020595338848975095 3.120487973737847e-05 4.800857470354103e-06 15671.370938625094 0.012490805732656488 0.04949699617176535 1.2012733986337393e-05 -5.550727012192652e-07 1.914962291419589e-08 1.5078548450608522 0.12156026992823436 5.027488053465028 3.0067474187683803 nan 0 nan 0 2.2360051618557613 0.4319808503263873 0.15960002795601036 0.1496533629190956 6.3360573086098535
2460388.623495185 9 8 0 930.8337254509154 125.99690876928219 451.4804743120163 34.56117370587921 -0.11153171007521832 0.008630695131792907 0.00037414308471124666 2.8950462533735524e-05 15777.17314531202 0.0028140588416595983 0.04698540216787122 4.0124521766136265e-06 -5.78514030735592e-07 7.504636074910993e-09 1.0577348415532377 0.07788112814707811 -1.2101382712698765 3.653769281480084 nan 0 nan 0 1.5336399242367258 0.1796062546161743 -0.05457610631733709 0.07287872342816945 6.895100595862622
2460388.623495185 9 9 0 -1418.9998835793824 162.1277440104508 579.9361391884565 48.12758767428372 0.022534085700916848 0.0023923979208231574 -3.08118718189068e-05 4.2194287257248735e-06 16004.562984952485 0.00352106794346256 0.05324364584449987 9.168894262879213e-06 -4.972399822613783e-07 1.3687245254508927e-08 1.2825225473839028 0.07856975538924262 7.101382391284977 2.536118512812767 nan 0 nan 0 1.4284620914978525 0.17815579257403266 -0.13347742008773064 0.07258517007331011 6.928044651487082
2460388.623495185 9 10 0 -1172.2340285292767 126.10237777989269 868.0519029321686 100.44065838173744 -0.026646857823378025 0.0038499030096717504 6.8521882621112326e-06 5.311020836074374e-06 16118.906428674114 0.003463512678601112 0.05088057494457412 7.189245613910593e-06 -5.436255410752663e-07 1.0490343623514523e-08 1.2647608446510297 0.07224042580862823 6.852440745968497 2.3819935800074026 7.272990907585323 8.459178584365487 nan 0 1.0704061420081403 0.17054955179364514 -0.28254662349498905 0.08347196881734043 6.259981704761902
2460388.623495185 9 12 0 -1682.7063922135733 138.6881678633566 1018.5178011949132 346.92958398392966 0.024236720016077087 0.008726970351491604 3.1296023623190684e-05 1.2279105634731489e-05 16474.969699030276 0.006638960892558294 0.054806308912854984 7.492749625925973e-06 -5.194435464768426e-07 1.6594883481241004e-08 1.6905609995954696 0.10867468920283076 3.250563981811733 1.3060908518087397 0.802257902559161 0.3411318657538613 nan 0 1.010580763816565 0.3666774305825531 -0.40690461184538207 0.20228246436774572 6.397225024518928
2460388.623495185 9 13 0 -1522.8412428459606 205.0707220375186 787.9038283186885 414.11564758410253 0.0003492164941648485 0.0019696775554906955 1.0333221554084531e-05 6.734407519477809e-06 16592.61623571342 0.01151096130542745 0.052329287037521606 1.008280990980759e-05 -5.456620984178442e-07 2.3063666231453344e-08 1.873960298784857 0.16601097179610488 7.2271711802272165 4.043712960782864 1.7541165473981546 1.18463461414269 nan 0 4.451811487802668 2.7611785575396666 0.0028803660855364474 0.5275117995985115 5.249783041267618
2460388.623495185 9 14 0 -431.1974440597265 199.99509052593984 868.4560735996718 171.60461702543554 -0.010296809874681692 0.003066712427823446 4.700937214443744e-05 1.0153354431791312e-05 16704.575228556925 0.014238150650263964 0.04967582491345243 6.9208662752143026e-06 -6.826412119045997e-07 1.9997095781586405e-08 1.474438364890666 0.10925084769101656 3.722643660385444 1.1381874140848314 1.398597225255336 0.362778501798993 nan 0 -0.1906110271555368 5.083925011760397 -0.13101404295276328 0.17181525414064386 6.026522060495814
2460388.623495185 9 17 0 -897.8182029066984 159.69190438928922 591.0070434848797 80.15074919478216 -0.010434148227819691 0.0025489701649592483 -1.5315410842825036e-05 4.1568387861567e-06 17210.0572989589 0.008484002846088247 0.05113988150202093 9.98704046830543e-06 -6.37739404773694e-07 1.8940985605812958e-08 1.8422352516538998 0.15838571792838788 7.678158294066432 1.5020966787656378 2.089217852768471 0.40296871497559744 nan 0 nan 0 0.21355943629257176 0.16518372690937475 6.147004469813484
2460388.623495185 9 18 0 -1259.080198066495 140.3281516054756 570.5642571571227 9.311190029400441 0.0032125824283941095 0.001736169017549544 -7.961371992782154e-06 3.6359582242542595e-06 17503.18801546908 0.00822267667906955 0.05812627757322121 6.79366861967905e-06 -5.267064210099999e-07 1.497138766620705e-08 -1.7982842295695955 0.16198550506946952 5.144639374282285 0.17697356981729243 1.9253773925546258 0.6681413082466626 nan 0 nan 0 -0.015555573636124332 0.016038601409468178 6.776924280149838
2460388.623495185 9 19 0 -1323.1584555346183 146.7160684286511 666.8332506192638 8.755529664769275 -0.006026054003179185 0.001918112669943766 -8.516800072987707e-06 3.869724628712869e-06 17628.186196183982 0.007164394143134775 0.055499286107114805 7.0008448333901504e-06 -6.112824321414619e-07 1.416574972112526e-08 1.4491062226385374 0.1392305103935641 5.28886776950655 0.161684797575259 1.347248254144134 0.6332671190331265 nan 0 nan 0 -0.006029571381147212 0.013044664196744677 6.5798914267844175

2460388.623495185 10 4 0 -2128.47208295722 155.19840049103402 549.9386832255566 222.52112164636966 -0.0218631070952923 0.009112992441050448 2.7342362433439336e-05 1.1941839458064823e-05 15247.898515163384 0.007475468383073602 0.0481837750946389 7.483920567886104e-06 -5.655208637528212e-07 1.5149064523906725e-08 -1.3895865308820199 0.1431076177387179 5.904851287063417 2.815476585978929 nan 0 nan 0 -1.3136226673944202 2.4052787571063745 -0.09362613112103992 0.36745963198601805 6.794574268769206
2460388.623495185 10 7 0 -2282.965853315475 224.4074152686123 747.2977503981281 127.31138810821827 0.031095725469722866 0.005157351950248005 4.441690329673951e-05 8.585093931521635e-06 15671.462476527135 0.01190394338974491 0.049506932850328964 1.1478981531380876e-05 -5.493251594165774e-07 1.78536809734902e-08 1.4179616227421339 0.1085282824262325 7.011413303351265 2.4209310721314026 nan 0 nan 0 1.385035606656938 0.32181049843186577 -0.16341126350246035 0.1428099469767718 6.287541953553852
2460388.623495185 10 8 0 924.722321487098 116.06357824775573 383.3615988768535 22.130275099912144 -0.08372544626984754 0.004980906232244705 0.00031338097952802405 1.8404862585595035e-05 15777.227005185356 0.002796039966827602 0.0470038130468874 3.869470227264999e-06 -5.718358560242861e-07 7.462397966541984e-09 0.9989297357038744 0.07905258109920421 0.051076459564911914 4.005173592911859 nan 0 nan 0 1.91470029812501 0.18206174841495432 0.08393564803689288 0.06308635297126619 6.591305011750473
2460388.623495185 10 9 0 -1187.2094754511622 158.34867496914964 560.4669419077268 41.57011616069727 0.017116110986193336 0.0019526682152731813 -1.37493774305288e-05 3.4626014143617122e-06 16004.557179377283 0.0034993716775107942 0.053282367469959124 8.89637910203402e-06 -5.29437909255299e-07 1.3317676173957596e-08 1.2986164778634341 0.08035617332894286 1.1170386906538354 2.4907577378544885 nan 0 nan 0 1.6082195450147592 0.18460429186591917 -0.07409043975229872 0.06936690389655255 6.674514750722156
2460388.623495185 10 10 0 -1669.3704679433583 122.87780764041631 815.4507806019864 79.4679890447681 -0.013532270996515855 0.002571775448673141 3.873582694091636e-06 4.754721868734054e-06 16119.060202357634 0.003502126076455066 0.05088439237000968 6.968633651953574e-06 -5.722138862430473e-07 1.0394211999207104e-08 1.2797991954848653 0.07575424399261432 8.036837143897081 2.7080743258650166 0.16328028588630983 9.508097379773575 nan 0 1.3377643756038229 0.188022950287111 -0.142780633352289 0.08406484320117351 5.984266253287506
2460388.623495185 10 12 0 -1277.340134954125 133.5326545710931 982.4500857855921 259.8532144801537 0.0062326963412140685 0.0031405914939022887 2.9113450072379685e-05 9.575939973660013e-06 16475.0402961558 0.006167343185557129 0.05481810711224799 7.142311753428867e-06 -5.432059482496222e-07 1.5483173808169067e-08 1.6671514415431863 0.10168606255696051 3.9606451544956385 1.263830323100592 0.8793819895338321 0.2988331282617085 nan 0 1.0919705872858465 0.30893132293303527 -0.37276749420247673 0.1661432278102551 6.10050872944602
2460388.623495185 10 13 0 -1551.8447489824287 207.0789569859231 914.1567094942377 521.7515219825865 0.01574339094042092 0.009477969666348523 1.017812608825994e-05 7.39818763199639e-06 16592.746442503812 0.011594680645927885 0.05233604450148746 1.0051138562206765e-05 -5.263759506840781e-07 2.3106115487930833e-08 1.9347071405293539 0.1709126871338317 6.953213355344363 4.191234771082392 1.5898469909047517 1.1442132614015146 nan 0 2.702313324157371 1.9993874220036048 -0.08706591905194701 0.5214081757626791 5.181453859654019
2460388.623495185 10 14 0 -194.6478711549856 188.77814507722445 832.0770329773674 164.87165102552973 -0.005444616847730896 0.002475047701569652 5.176994754400585e-05 1.0841223675897675e-05 16704.69320640664 0.013202238746910289 0.049697120541662476 7.044438994159244e-06 -6.711678405280588e-07 1.9045515141966575e-08 1.6177471744652097 0.11143197551937412 5.205094374933597 1.3539317560299267 1.4885316940764903 0.3833161605204844 nan 0 -0.0031467087713343833 5.1426673821458 -0.12651577107009232 0.17323776742126645 5.690037274885163
2460388.623495185 10 17 0 -1042.097955261079 150.40193904824042 508.8890224684949 53.52561953397048 0.009154033876422453 0.0016545293240082242 7.783670799254017e-06 3.0347389844219506e-06 17210.236130068515 0.007896166382235933 0.05115848703656513 9.485761652078121e-06 -6.256494986067074e-07 1.7959473197849563e-08 1.5600756986941193 0.13492389590781295 9.995022967213727 1.60461542565838 2.398624705444527 0.4046037548907083 nan 0 nan 0 0.38810384145595683 0.14667753146310555 6.089328705713265
2460388.623495185 10 18 0 -1202.1215455691158 137.887371132799 524.956908139058 8.404575919164579 0.00028759058170672034 0.0016482803140773425 2.398026037846132e-05 3.477557173642039e-06 17503.583016739605 0.008255594148208716 0.05814990891321015 6.317427083231764e-06 -5.538370701172532e-07 1.3884518260084372e-08 -1.3112182950941684 0.12736151620561098 5.50325535897607 0.1841746177221798 2.127611557464683 0.6353688726943278 nan 0 nan 0 0.0014939919231691714 0.015979906114618938 6.885943721379116
2460388.623495185 10 19 0 -1454.8603268796865 149.08726708703134 590.4857695642814 7.94457438383002 0.005490941743690084 0.0018367558672777481 -1.1532528485794714e-06 3.7277919745629364e-06 17628.426207372144 0.007243792106219241 0.05553181217642558 7.240268958429163e-06 -6.106671041440022e-07 1.4855778276541108e-08 1.314217224982967 0.13976412687348128 5.574331046312121 0.17611761406073473 1.4840105166558428 0.6616662016231134 nan 0 nan 0 -0.00847208848475682 0.013338384812493052 7.073744123160925

2460600.7553277197 11 4 0 -2380.7747226332926 333.8845810529144 250.00526200542754 392.6957751277053 -0.005525652698100432 0.0088122431466388 2.5034859361094622e-05 3.962142562620575e-05 15247.896182373071 0.01686566634953279 0.04817174907726842 1.051230141733382e-05 -5.164093126841756e-07 2.231030673071053e-08 -1.2730910229110968 0.20142246180158527 3.7421141467246906 6.575067390851109 nan 0 nan 0 -0.051778782399483636 4.0562002213901165 0.256687955346277 1.9753729555005328 8.760679414345374
2460600.7553277197 11 7 0 -2351.198587090782 275.5198897896802 477.478921311319 91.67452420076309 0.01869477355618598 0.003534171605699772 2.908932464544996e-05 6.3310878902635765e-06 15671.381765824688 0.015317837594994258 0.04947671980134396 1.374921849656941e-05 -5.413804581243894e-07 2.2167530744512215e-08 1.5515722830239524 0.12575754723960295 0.875342510444498 2.5439524774725495 nan 0 nan 0 1.4578469645332877 0.38466723188253127 -0.07644052432729546 0.17769787632954645 7.002321024410851
2460600.7553277197 11 8 0 988.7852948483865 158.40109495275323 377.7491951598161 45.06014232620506 -0.07148041710155463 0.008614051843601377 0.0003207281413137346 3.841002793418483e-05 15777.17872249746 0.0038855438250286543 0.04697874346186615 5.23942442141075e-06 -5.778906554149845e-07 9.952317471058521e-09 1.237615031316269 0.09756916396024198 -0.042283740374453704 4.1419397839203205 nan 0 nan 0 1.3769046672507137 0.2401777465819525 -0.030265850851124022 0.11624721590589313 7.758278508321361
2460600.7553277197 11 9 0 -1409.6055403844075 186.8949396158613 481.30020895913015 62.176381163535794 0.024541346659761733 0.0033662071785271154 -2.164846371816032e-05 4.145243219315256e-06 16004.581969980174 0.004601088619264841 0.053212841718808426 1.1540214637320781e-05 -4.565577302667646e-07 1.6853791148798324e-08 1.3534197729020818 0.09006832835423136 -0.08502802854154523 2.532752040677044 nan 0 nan 0 1.11504813115197 0.20418516393140795 -0.16586294596559997 0.10850609859156049 7.775922501268703
2460600.7553277197 11 10 0 -2174.2230464936424 149.32148561520168 827.3907431739747 154.36368588888772 -0.014499194324559624 0.0036657309626779793 5.932931591221745e-06 5.493980429215649e-06 16118.93159743756 0.004442627621807184 0.05087464012836841 8.563023462097691e-06 -5.519803444434821e-07 1.333132237987001e-08 1.3722558124810489 0.0838764075817471 0.732768787402958 2.3911080250527994 7.90660317263438 8.1521792798849 nan 0 0.8105319669899066 0.19410302269637256 -0.3415874976192296 0.12331217201545784 6.755478695394523
2460600.7553277197 11 12 0 -1824.388723680763 166.9467422269241 861.577546047512 263.9970848514097 0.0383168645918555 0.01213482865296519 3.368763552741566e-05 1.1647839873578515e-05 16475.00697789591 0.008180934646928352 0.05480244132385935 8.492287382769711e-06 -5.325262781430405e-07 1.8785358964557072e-08 2.018845454763882 0.13985575357845723 5.59887436852264 1.9863399707514702 0.7277005918325016 0.2788272176059908 nan 0 1.0203981779202818 0.33471124371607225 -0.39824972417019333 0.18458584112487356 6.722586155580318
2460600.7553277197 11 13 0 -1812.5212735417356 255.7405503521326 830.991434904447 659.9181473262985 0.0071449968050868685 0.006216846269831853 6.304773973116948e-06 6.718843965259818e-06 16592.65774173458 0.014145591753624927 0.052325170222450014 1.0900132745961383e-05 -5.584222947937534e-07 2.5010098211018177e-08 2.2613104271339624 0.2260989564042909 2.204006987559009 1.905117135840129 1.2684596655366571 1.21066665961748 nan 0 -0.022916783168768995 1.3918489093712563 -0.14034450667225626 0.6829518483274206 5.56278782922482
2460600.7553277197 11 14 0 -1332.4366131710208 250.1256279568621 585.5127148863584 101.93042041904008 -0.005867178487180194 0.002052160733416961 3.123155033853079e-05 6.337506428340418e-06 16704.54050409549 0.01667859001430405 0.04968028549959029 8.805901813419598e-06 -6.161809172554938e-07 2.1979718983073888e-08 1.6387431200533091 0.13667497931124847 3.285637874939866 1.3673948923648034 1.6515796310211301 0.39954450140976216 nan 0 -0.05779725141357844 6.2535410037806525 0.045021019666019 0.1820493994609016 6.42495898600729
2460600.7553277197 11 17 0 -1481.4512437263347 168.27845246559943 723.557228204214 245.73838680253363 -0.010876878006071122 0.00476163350478125 -1.2466104082969866e-05 6.397444758084976e-06 17210.05349659226 0.00823688990735687 0.051132608037708624 1.0336781351561181e-05 -5.886031799727114e-07 1.9377779837934244e-08 1.4883573815153006 0.1280545498068491 1.9984877462963577 0.8261018824526547 1.2969315473647889 0.48235745912673844 nan 0 nan 0 -0.18980247225454197 0.2754165728517874 6.665170756210864
2460600.7553277197 11 18 0 -2212.8022118366403 125.42101533311507 529.015745505582 20.565395211196314 0.007557720165119543 0.0018135078901839212 -1.0261068651240372e-05 3.749424982530971e-06 17503.168478206757 0.007658437563521011 0.058107643034010385 6.6705568768442386e-06 -5.59954796777502e-07 1.5072084271238437e-08 1.644066377133808 0.16113677141962757 1.7957147768263395 0.12984064649284713 2.1333195328846926 0.6800041347444216 nan 0 nan 0 -0.12645198870481925 0.03411824801836696 7.60317392306392
2460600.7553277197 11 19 0 -2158.2390031527775 130.7808190578079 631.8369526060183 12.114646964288923 0.008430403382624907 0.001940483847712756 -1.1416963508780572e-05 4.023066747250815e-06 17628.162076611043 0.006835949359689924 0.055502575404939414 7.629852417253942e-06 -6.178609474290003e-07 1.61581330533317e-08 1.7285531152295903 0.145031057250332 2.106139038026191 0.08740878697332911 1.3054112722513362 0.7232135335034335 nan 0 nan 0 -0.015418808196901623 0.018886007614466023 7.033997685169248

2460600.7553277197 12 4 0 -2756.2082131549055 315.7451054679267 535.8531327080238 1263.0664418608294 -0.02044979606257345 0.048326865069928476 2.5634891745777825e-05 6.089051375983843e-05 15247.901310012474 0.015888169254692233 0.048192055963194765 8.866491304256018e-06 -5.121680677556746e-07 1.9049876186932395e-08 2.005992498669431 0.2337881597942394 2.4476687714928205 6.2103011619693165 nan 0 nan 0 5.755332907705624 13.999990905682942 -0.0659442554461464 2.2025507385945406 6.312597799425595
2460600.7553277197 12 7 0 -2582.219140925777 229.00402822057043 585.9306649717546 95.93991034375239 0.01990330606916671 0.003209132785980973 2.1219377784583115e-05 4.5584386490198775e-06 15671.44098348404 0.013193284545567304 0.04950086704406947 1.1156197299835648e-05 -5.239882193219461e-07 1.9183879630440494e-08 1.6900954084404782 0.1159301915208342 2.241381623367924 2.4694941756764073 nan 0 nan 0 1.6786706743678235 0.3853243564104742 0.13504714479387714 0.18624820499867933 5.3909416104653465
2460600.7553277197 12 8 0 676.2383196934632 120.99221601616989 540.2163845368068 56.707833188646 -0.09544032798616787 0.010110732460392811 0.0004547307068972107 4.787012943726048e-05 15777.208888307257 0.002971172084552175 0.04700269465981983 4.0379360494662295e-06 -5.795631496527715e-07 7.670922686811235e-09 1.1850001257515348 0.07397909693033948 -0.0700297146408877 3.0350885735045052 nan 0 nan 0 1.2122106410898539 0.18022295097933994 -0.08467178548291697 0.09649681098337395 6.051998248485498
2460600.7553277197 12 9 0 -1290.4322385699677 141.873982483954 630.6023568115875 67.39036599547265 0.008930625580600902 0.00181349244745372 -1.9757263665331868e-05 3.8029837301199584e-06 16004.550596597168 0.003519144682097068 0.053250040986219785 8.314262246143394e-06 -4.788304748697267e-07 1.2298794442968632e-08 1.2863323971034877 0.06958186234234466 8.510237457175764 2.228118672244328 nan 0 nan 0 1.0994134953403953 0.16521873770737047 -0.14344056584592066 0.09214315333482534 5.973970440807065
2460600.7553277197 12 10 0 -1948.909400654002 119.62340857035039 934.0097174567846 119.83715347622504 -0.029039953781449416 0.004307120200678056 -4.1429411694991255e-06 4.799191301114474e-06 16119.041926461223 0.0035607917344574872 0.050877832228449486 6.908232573587111e-06 -5.613212478235456e-07 1.087933692953775e-08 1.3705928255837374 0.0705182575342946 -0.11344500540034509 2.195712238801517 5.776405852040533 7.497789545472715 nan 0 0.9665389995195786 0.16530683871770904 -0.2412157475339619 0.09779073467304189 5.4111516580010885
2460600.7553277197 12 12 0 -2083.606116826216 131.2163128142134 1035.7406876377015 275.896150954268 0.0006979120850124677 0.002634910311394715 3.2123320187732885e-05 1.012051707003092e-05 16475.026785284746 0.006221972518024883 0.05481399868961875 6.690864730987309e-06 -5.369905977137282e-07 1.47326062664925e-08 1.7836125549139699 0.09926376039235109 3.3167220429550186 1.1619075328743953 0.6942101884778069 0.22873669706604674 nan 0 1.1122549170778968 0.3158742258883607 -0.3906337783373746 0.16247612167952874 5.6124783410393775
2460600.7553277197 12 13 0 -1622.0942616923742 194.77520926996684 2377.8589621582482 4690.856370160056 -0.004570811589812224 0.010108255363539285 -1.3707808214519405e-05 2.9212929463967344e-05 16592.741548196234 0.010844048755558017 0.05234248005481111 8.737170235825773e-06 -5.22042504330975e-07 1.999818790914615e-08 1.9056759549297178 0.1446667725027387 1.126781517461085 2.2383017613642955 0.4276986161643122 0.9044513375791133 nan 0 0.9025373430971295 1.8270247770356043 -0.6535339863310992 0.6835718684090716 4.628347235091692
2460600.7553277197 12 14 0 -1325.4825168850675 215.9347360351224 841.5496481802242 138.65528211952218 -0.014548428799368445 0.00301759582443768 6.068048332590871e-05 1.0484812089915794e-05 16704.64346956855 0.014774311255514804 0.04968405355731369 7.3671247061549145e-06 -6.460428816986713e-07 1.9293957022689356e-08 1.9300242973568074 0.13003904995976487 2.4307208177126074 0.9984772261119403 1.457894955501729 0.3219535217692363 nan 0 3.7764906690689823 4.83909216469876 -0.05118215022044858 0.15642716258488432 5.12138107776879
2460600.7553277197 12 17 0 -1726.193956823274 144.86441938710803 1050.627717433117 309.1592503365198 0.014393531075026179 0.004548974790942885 1.106238848451234e-06 5.12282643552846e-06 17210.20326828537 0.007177932337679622 0.05116141949476442 8.858556974560222e-06 -6.181215057416255e-07 1.7024024327419337e-08 1.8528468400680818 0.12357223631631832 1.712387722252972 0.6033409712948511 0.992430627993689 0.3237715921177507 nan 0 nan 0 -0.25344155376735433 0.21984872878273967 5.224882597861963
2460600.7553277197 12 18 0 -2266.3286822664672 112.61096453946709 665.9509653919359 30.166453403544587 -0.006305945356179729 0.0018391305298493636 3.096112939285163e-05 3.9763215736563715e-06 17503.505442377947 0.007102480446328356 0.05811205592787708 5.56255638548818e-06 -5.6061888777036e-07 1.267859848064974e-08 1.756247260786174 0.1418078755458796 1.4962711433179978 0.1121822070822178 2.329720635402354 0.5193197027231633 nan 0 nan 0 -0.1701889023075942 0.037722951521579076 5.982338087553741
2460600.7553277197 12 19 0 3789.141050844625 inf -12.27083670230274 inf -0.001992242488524276 inf -1.35561552996042e-06 inf 17628.908637114506 inf 0.05545966032726396 inf -1.4554811632207893e-06 inf 0.007798231824372143 inf 0.7904249903148097 inf -0.013717734423848282 inf nan 0 nan 0 -0.2794875901836613 inf -205.34124893596623

2460604.817957461 13 4 0 -6031.304266246514 2497.930171328629 109.07267564610424 541.3638004714945 0.006196219530924115 0.030224180439985062 2.9414315972388404e-05 0.00014749795598190967 15247.773249158341 0.11211134819032999 0.04797486110432235 0.00010775589518171414 -6.466266658397202e-07 2.2384650477420705e-07 11.36700656671452 137.39727379797003 5.800589115662054 34.93146832831447 nan 0 nan 0 65.51703016664639 367.1321903911315 -0.2565447450852089 3.706130984501329 95.12686115968543
2460604.817957461 13 7 0 2469.325262082716 683.7992760030083 90.71464249370979 455.27853647246184 -0.002921682850630985 0.015724263090037806 7.366706294908317e-06 3.67093188123403e-05 15671.370308765354 0.033740049498750285 0.04947589328175872 2.9631185606697283e-05 -5.757672809820143e-07 5.433751321332142e-08 0.01258586304023801 9172299.51662432 0.001375600866907356 22.132771772990754 nan 0 nan 0 0.5560563472199442 3.348346373651344 -0.009641675102552233 4.972324862186728 62.529172972873084
2460604.817957461 13 8 0 3324.451821766734 134718.05404777138 -0.20640889868281947 121.8885736319009 -0.0008930788025762309 0.5272202485766528 2.5769353111487857e-06 0.001521379640131965 15776.863685585335 9.965745194862274 0.046996637473765 0.0074752760336768325 -7.862839596431487e-07 1.4092882874065137e-05 5.2445834049053675 632.3544052574882 -0.06042382671428581 2022.5071432387454 nan 0 nan 0 -0.3462342665542178 230.55282404960002 0.08485379499824229 640.766831087492 4387.776133853255
2460604.817957461 13 9 0 28578.103000154308 46675.150118287034 1.4202371971204861 147.61013350629878 -0.0008776936940380535 0.09134701755841333 -6.348867045412875e-07 6.57830712312105e-05 16002.638722077045 2.1883351839187615 0.056674019297222655 0.00267459068915523 -1.730124748427273e-06 4.355295148527908e-06 174.8859548603603 7040198.343836013 -0.003345671675503953 414.21244983471007 nan 0 nan 0 0.6009423911988818 75.99936939896023 0.3541800509072009 140.92784638775672 764.9266808510531
2460604.817957461 13 10 0 -4075.07062901119 inf 86.75011632433326 inf 0.002382750232741484 inf 1.569852288609909e-05 inf 16118.870106875025 inf 0.05079723198480574 inf -6.356889817613972e-07 inf 0.0010491758117026628 inf -0.05380328326169387 inf 4.67017851926136 inf nan 0 0.678916020400754 inf -0.018268631971313086 inf 82.28960759864962
2460604.817957461 13 12 0 16177.826928473514 56596.77041047741 3.0950682272921397 6229.548368813366 0.00039949858901351415 0.8041137279978802 3.124676234788678e-07 0.00062895055361501 16475.721402136714 3.0821380456737484 0.05457096258382796 0.0007004293304504837 -2.6439041541036237e-06 1.4825866300508976e-06 -5.419214951818526 111.30806108151046 -0.021475487986910513 132.59308834036645 -0.12829287328364813 269.1180988719898 nan 0 0.03668925855456966 76.44783392047853 1.383977891931464 4798.36568772685 314.0771666745881
2460604.817957461 13 13 0 -3399.7215913251293 3597.064926446957 40.36941279075306 112.48457984043579 0.0033489040042424304 0.009807701746003039 8.323124356204123e-06 2.3369349852851343e-05 16592.463519268378 0.18690065013350632 0.052194554020075654 0.00017818555230215985 -5.518544628030781e-07 4.2798229912101896e-07 8.759521462985585 95.38072321076545 -0.02172049666414911 15.964095671359862 4.122825912395593 17.769326875330105 nan 0 8.81552008597674 41.254852194611274 -0.05687922282744564 2.6346750757435577 99.23781402824868
2460604.817957461 13 14 0 -2233.2913466235345 2850.0500486579463 86.03031539592364 133.10443955373526 0.003811004994995265 0.0073764437598244905 2.5724262381221242e-05 3.971075438694474e-05 16704.704827321486 0.17808389117980633 0.04982742930686188 0.00011541316717694326 -9.207833407401519e-07 2.522708214794259e-07 16.076921209811303 376.353711078391 22.284590873466485 47.804234470725795 2.1925248677125166 5.4403624100613115 nan 0 164.0387058030138 321.53475589734376 0.11522203861953434 1.735496681804662 77.04392372409824
2460604.817957461 13 17 0 -70576.59680461108 15565.070647808769 2.9047656886654454 14.423485593046724 0.0001226280656371131 0.0010789583276985927 -1.2094175036050592e-07 1.749206387906863e-06 17205.929877527735 0.6978998992650494 0.04819161342535859 0.0009410523981740086 -9.522135230554696e-06 1.7831361044334761e-06 65.45971076933833 160163.73365270946 -2.7786882609966552 29.944269337613658 -58.017161008877125 547.0408152511229 nan 0 nan 0 0.8722402102955502 9.522570013330016 644.683409408308
2460604.817957461 13 18 0 5556.78466713959 60187.8608693974 -2.512210493352637 33.17946669838521 0.0002817359265825776 0.009305450280809306 -3.0323922454471763e-06 4.284073441500565e-05 17503.059282607293 0.9602431315479166 0.058277720149028135 0.0009260136500337758 -6.682819115929075e-07 2.0959778834611072e-06 5.946386098809719 105.13377999959378 0.0002940526004281 0.8959724890562041 44.69611292631817 721.3208058695246 nan 0 nan 0 -0.8998897235225839 1.3804209898199724 -11774.10651618861
2460604.817957461 13 19 0 -3333.427494810681 965.5998887209383 74.89008933597498 65.90404651916604 0.012161466677372668 0.011491804333106826 1.1542808291105621e-05 1.4814487161112246e-05 17627.9085836803 0.054691217435622566 0.05563992028610173 5.7806402004653275e-05 -7.629380224577557e-07 1.1122402386843566e-07 0.01669183731804976 258035.14770092312 0.5729379475059536 0.8562416565876716 14.938443897022669 17.887942298598134 nan 0 nan 0 -0.28633019228729367 0.6338235640497036 147.09016826682725

2460604.817957461 14 4 0 -1645.2461758718555 9807.962044342437 120.40376372096033 33707.376028045146 0.0004654267154928124 0.13015980183559453 -2.0499539145140338e-05 0.005737841836376212 15247.791369102208 0.4972149380405438 0.04816194815450785 0.00010513362170618668 -1.6221494890112643e-07 2.308678867236263e-07 5.932782714936327 33.01032877750635 0.7940576377782861 227.3644733315927 nan 0 nan 0 0.003140715274018324 28.824102173874117 0.027085317510684433 287.54569211350923 62.387883163462085
2460604.817957461 14 7 0 3300.219244902236 inf 9.016682132719112 inf 0.0007105811171488069 inf 1.6560107531856222e-06 inf 15671.85826301339 inf 0.04922465377161895 inf -1.2320932730504388e-06 inf 0.004754556471610855 inf 0.2650806426764645 inf nan 0 nan 0 -1.1657830243046734 inf -0.2586561434987875 inf 186.09754341692565
2460604.817957461 14 8 0 -60.761200620154746 331.40220125617606 102.68690986935182 99.80503706995208 0.02129385465932894 0.020980173545335615 7.628502483255244e-05 7.44542113283156e-05 15777.128630556912 0.014503331829651595 0.04700873104809749 1.6846786794595524e-05 -5.080777364119962e-07 2.7450236713150804e-08 0.014876310647436334 1407440.3254274582 59.28866679320658 70.66770993954029 nan 0 nan 0 0.7492175482389136 0.9960018681454079 0.20526014600005726 1.1759111559496394 46.074583314340245
2460604.817957461 14 9 0 134.88657355741236 inf 38.60271919396903 inf -0.003823741215717142 inf 5.814731939267747e-06 inf 16004.706746727245 inf 0.05333084262733911 inf -1.1752188828537318e-06 inf -0.002322041435307551 inf -46.68077955474634 inf nan 0 nan 0 3.1170495005238865 inf 0.8012490796291162 inf 105.71346128429605
2460604.817957461 14 10 0 -4082.4491036735503 588.7522159716439 113.60431125830908 386.2314065681376 0.003192111292350949 0.011560703986255052 -1.1179089673631928e-05 3.8333786634820915e-05 16118.990339117308 0.02896122056923649 0.050814019085278724 2.857180006630816e-05 -6.549326143580911e-07 4.990289089454403e-08 -0.018573967702667647 7362.873552391005 0.036956794489271666 32.06553882017693 64.40298173427736 253.5106014560449 nan 0 0.4288192969225439 1.7600938533335047 -0.002814499359407611 3.395511625788675 62.463289219271076
2460604.817957461 14 12 0 14714.766878750552 4338.462602748776 1.3890930857683434 1.3551789525502709 0.0003427398702889845 0.0010859604801175214 3.0722174272696608e-06 3.2004601125948634e-06 16474.786379546123 0.15859102094722036 0.05450485512656337 0.0001606945259848819 -3.936542786445009e-07 2.9818771989623776e-07 0.013064132994361944 20456423.493384887 -674.724719897872 1470.1443727078768 2.2838097025482766 8.45339518704514 nan 0 -26.258567742590646 62.55441709392862 -0.1866224277748091 0.6770732219635506 1145.4435148163402
2460604.817957461 14 13 0 1637.5120421509948 2523.1629828509663 23.011436527199248 55.9172108751002 0.0002347262572783032 0.0011227416800007836 -2.7345671518355815e-06 6.864321279710189e-06 16592.855429960648 0.12122166707439118 0.05239874708876808 0.0001253149928591337 -6.547567555135673e-07 2.4343447403023953e-07 1.6444749874307516 1.8060735624541742 -0.004891531568150587 19.690812224699883 1.880606206647304 6.666519702723441 nan 0 96.23808156543434 289.9141719018171 0.31003680171727405 3.1971276607692705 94.64142665247653
2460604.817957461 14 14 0 -23222.186928574054 7825.55239994058 24.869413644946246 80.40699868279752 0.0010521092082783376 0.0056862476625454085 1.0574600338982598e-05 3.431123085892502e-05 16704.65135616371 0.2621624893368591 0.05018187549193271 0.000278561523523715 -1.2541158617831582e-06 5.289241413587791e-07 12.712141609240403 285.92855747455417 -18.047992173250787 81.71830566049606 0.8930907481128252 3.9294711528180675 nan 0 -363.90229320118533 1603.188483644257 -0.5397634781780998 1.5290524838053954 337.0786666609199
2460604.817957461 14 17 0 -15944.977152704094 22113.970369759132 0.939578415407108 1.9513084604414157 -2.885754668404764e-05 0.0003910843906505416 -5.518301804634526e-08 7.298875742701863e-07 17207.15568789855 1.094721239771499 0.05628013373585188 0.00122288684807208 5.6770079727737025e-06 2.5833357194956735e-06 33.04283268750294 34593.87157015773 217.90301406723134 1758.715657111844 -229.29760498110954 1405.8226123493398 nan 0 nan 0 2.0123137604708683 4.994463778119569 816.3436810332712
2460604.817957461 14 18 0 -8143.235741899106 4416.241035072506 100.65128553110961 4076.011214014804 -0.015648093680828395 0.6339028190103648 6.721653193893122e-05 0.0027222191118475045 17503.371589552848 0.26922036911015856 0.0583412714413979 8.99256317353355e-05 -6.020695515441271e-07 1.952870721484276e-07 98.57896475792754 111582.16860996331 0.08728661324736076 3.7334579672386967 6.255202996792898 266.110433958295 nan 0 nan 0 -0.20446220787935954 32.22943217506625 75.5316998079972
2460604.817957461 14 19 0 1135.512490539533 815.9654230122732 78.87832795332662 30.347050634693076 0.013091226837989224 0.005687421719330125 9.928904432503575e-06 7.163786967014817e-06 17628.40096432328 0.04607737170153279 0.05557558633697632 4.151283785334299e-05 -2.4629396080270616e-07 8.058039568930772e-08 -0.0157641532141637 1601864.0633285048 1.1469970603302302 0.858449081756671 -0.003939616086824964 7.531055662714357 nan 0 nan 0 0.26252480863629013 0.48754612261667685 78.82173162685618

2460666.7938651023 15 4 0 -1493.0460756213042 346.71874231625173 538.2851643130009 2538.0509468948326 -0.018297331897362618 0.08653764543184841 3.853208486898218e-05 0.00018198841135001206 15247.910857045244 0.017599676424217767 0.0481559849992986 9.1978103420167e-06 -5.277286981092108e-07 2.0642978229948817e-08 1.5754883249997573 0.19523005243719943 1.5199854524902812 7.550140848856641 nan 0 nan 0 11.833942649757152 57.253814803970364 -0.12598245030948393 4.122038228576326 6.742669515515752
2460666.7938651023 15 7 0 -1526.448628259486 227.67631168294685 776.8164939618872 254.23494568255424 0.01789690590203135 0.005608889656740545 2.7732321913353648e-05 9.751924031660673e-06 15671.383723637453 0.0131144631982277 0.0494683827481481 1.0477195699717992e-05 -5.482181243830789e-07 1.787646197387455e-08 1.3373756903546359 0.10482048582904752 1.2875085991092503 1.7437177716654615 nan 0 nan 0 0.8260022033411502 0.33367227117463877 -0.24089515257206107 0.24867064328033386 5.8015920950608635
2460666.7938651023 15 8 0 1826.5791836194437 128.98045404464588 517.9285503576975 90.30129016947663 -0.11584316984503684 0.020178601904164702 0.0004374428003157735 7.635003005853249e-05 15777.179750198753 0.003302103429757223 0.04697633446774887 4.683868148872147e-06 -5.861923436700841e-07 8.538311662703325e-09 1.1327956875987073 0.07912438117525804 -0.11546169679954832 2.940728403483971 nan 0 nan 0 0.8526678274705907 0.19343745665255452 -0.2045345037671677 0.13906718590301567 6.390994618106581
2460666.7938651023 15 9 0 -782.1681319524267 143.07092835907494 820.3327254793559 188.5175306429058 0.02257362668406181 0.0053937942454374875 -3.6005621590695465e-05 9.113152014284328e-06 16004.577840686688 0.0037232612109432224 0.053231769254272324 8.049463099481469e-06 -4.793581114828357e-07 1.2256063856420535e-08 1.0337765043833909 0.07100293642343844 2.234396346589887 1.5820022530841626 nan 0 nan 0 0.5479253152018723 0.15377118273640725 -0.4022579827974163 0.1378124840406771 6.49964425650161
2460666.7938651023 15 10 0 -1255.3717674144677 112.56276159475387 753.0632162129045 106.51434694035675 -0.015388395495210181 0.002821390295236617 9.216582096337809e-06 4.2774262594718985e-06 16118.903732523502 0.003705514348833284 0.05088694074999745 6.491836257838184e-06 -5.222793283071641e-07 1.0058032065081959e-08 1.0357104560347543 0.07193063053333316 0.13356178834953303 2.480735369053013 14.506109284323829 8.707019114406783 nan 0 0.8961137619128523 0.16915532390228524 -0.14117413904337056 0.12193898425234498 5.540851683823678
2460666.7938651023 15 12 0 -1117.511586990579 157.37141589293265 1206.6838550280838 509.8935018288231 0.03935547410460983 0.01697052614866579 4.6334606047273015e-05 2.0769851847468134e-05 16474.991009284196 0.007058009488647065 0.0547997009394068 7.339513981149627e-06 -5.544684458644613e-07 1.6140644116605832e-08 1.8378109366115267 0.11884562387023653 2.8348658466371828 1.3512992032613866 0.5625674169669594 0.2820995178450594 nan 0 0.8248624851841782 0.3633654284721339 -0.4714433353114795 0.22351900658020213 5.892328110857075
2460666.7938651023 15 13 0 -932.063786372203 281.250035617972 896.4045453444121 1105.5113902273426 -0.0005692883368407447 0.002156507764679765 1.4101390917091572e-05 1.789822010382396e-05 16592.64838662817 0.016212845935983992 0.052328986927657924 1.0377591366831136e-05 -5.611471290683346e-07 2.2684211008045196e-08 2.1329653537200643 0.20638267211859673 1.9395866487990165 2.482155711741725 0.9677587389254083 1.3737765326220155 nan 0 1.472255218513996 2.178920124561885 -0.12978855061465366 1.0734761097440002 4.934555774804637
2460666.7938651023 15 14 0 -191.84053486765453 259.5272140189705 1235.7405864189254 659.4988845943002 -0.014981496593155553 0.008055835666260048 6.0357846692432974e-05 3.19453326090346e-05 16704.577370581443 0.01715063432622734 0.04966984239486811 7.519613334831939e-06 -6.992086030500296e-07 1.9531078460254966e-08 1.6847499959327965 0.12365272148483197 1.4633061948288475 0.9542416086711684 0.635184280390246 0.3879771350480409 nan 0 -1.3190359061070684 2.986152104768488 -0.3958847460780918 0.3224761205106904 5.175149290450616
2460666.7938651023 15 17 0 -1098.35442592007 191.78663029556816 1854.362696279787 2421.9613586703767 -0.016568910683251323 0.02312721630705532 5.504759735432854e-07 9.347955780717655e-06 17210.055729308453 0.009633114256216548 0.05112896832645177 9.043834674165394e-06 -6.052282769015405e-07 1.8537725375291776e-08 1.7894882597382624 0.14232801281072502 0.5451321358921825 0.7595411102713747 0.43890860493116224 0.5820739088278377 nan 0 nan 0 -0.6114337904895594 0.5076076180685365 5.414370545416392
2460666.7938651023 15 18 0 -1680.0893159072125 115.03355818457175 754.3954809660935 61.49140999521478 0.0036871500033842175 0.002094859086686715 -7.866977423964147e-06 4.39440436274558e-06 17503.17229357317 0.006996274243374671 0.058108090359319235 5.285676539845931e-06 -5.598015244126848e-07 1.169234186964191e-08 1.5298695834155767 0.1288847668485623 0.9178989041104936 0.11087488850458802 0.9357899922127761 0.5014524450903635 nan 0 nan 0 -0.22906752581229803 0.06301257821162232 6.147049686184905
2460666.7938651023 15 19 0 -1671.891939924126 139.6575143804744 611.3549180323479 17.737720849340633 0.0007200393897550301 0.0016955689237463318 -1.4075370821736997e-06 3.512200578032741e-06 17628.166866063282 0.00715016961468223 0.05550679989175211 6.451354115693215e-06 -6.173523884996316e-07 1.3363167992718113e-08 1.2770718583661766 0.11494169545567741 1.174791968608779 0.06377092454224256 1.1327313916518793 0.5667170811672353 nan 0 nan 0 -0.0905637883501221 0.026486500584899587 6.317482758964228

2460666.7938651023 16 4 0 -1440.9999881499275 344.9018049781251 562.318816128722 2449.9817644960135 -0.01573497484563444 0.068707889620332 2.009238847962169e-05 8.792947430066595e-05 15247.952585873727 0.017680519556498138 0.04818110486391732 8.613506576747208e-06 -5.107463124183315e-07 1.914118531414809e-08 1.3602942422856243 0.16917355710754273 1.5497650411993928 7.08086471880444 nan 0 nan 0 0.005594863799480487 2.0692927765125892 -0.1549356568226451 3.6825776773700665 6.518518443514573
2460666.7938651023 16 7 0 -1716.7987222466504 223.94982470082965 901.6486224753681 306.03698689215236 0.02770595194353194 0.008949699162109465 3.5495414027147674e-05 1.2621450318408215e-05 15671.492949478 0.012868580178492586 0.04948201705634678 1.0432796514174491e-05 -5.711239918623875e-07 1.7678609471008698e-08 1.3902665771672171 0.10228042108925654 2.8073530310372203 1.7980127760369384 nan 0 nan 0 0.7774066506167795 0.32097988379813064 -0.2968092346822982 0.2388895165055121 5.6142424447492605
2460666.7938651023 16 8 0 1235.7953299341953 124.87896070428032 794.4811621529313 170.19150357609342 -0.15189298442687948 0.03249332569629109 0.000663458074118342 0.00014218438526304123 15777.222207430978 0.0031326401862000353 0.047006774937899655 4.492527506807728e-06 -5.69073088187952e-07 8.21259156811234e-09 1.2328463438028925 0.0739021703708195 -0.005308909847086318 2.3435736466077333 nan 0 nan 0 0.6784865915331818 0.17999599579763745 -0.3106268673967035 0.14797007615491245 5.711578030930688
2460666.7938651023 16 9 0 -662.5448650403894 139.78839512384573 943.3119651893629 201.67295050464324 0.012892752620669757 0.0034401383738859 -1.4407544404482052e-05 5.62627030745349e-06 16004.571681599571 0.0036508946923526366 0.053234604239096546 7.672587496155037e-06 -4.6402738416462445e-07 1.1633825985559621e-08 1.1322939397341973 0.0678378844680942 4.790228084421414 1.7441618726390857 nan 0 nan 0 0.5667707296609373 0.1485616565840372 -0.3879550511638683 0.13127274658617133 5.8988274642775655
2460666.7938651023 16 10 0 -1958.483564629008 114.43322141863194 1262.0868093914294 308.9955526762513 -0.028976573407612838 0.007544993244315962 1.2939834434996795e-05 7.261927335217118e-06 16119.067468125206 0.0036652845623856845 0.05086315228350147 6.661063988874907e-06 -5.618287808719002e-07 1.00048519107201e-08 1.2060372509204882 0.06789346577780392 2.3114721224099464 1.6274659782010557 17.820711814055784 6.94330703222344 nan 0 0.5354528623177947 0.15713438628282353 -0.4416679807702926 0.13700264379981814 5.222450977710459
2460666.7938651023 16 12 0 -1057.372772567776 139.48382268962607 1738.6324569109258 1007.1231098310484 0.0006585990777495677 0.004257075960186227 4.946475209246594e-05 3.011196075912046e-05 16475.06516277691 0.006329738850971209 0.05479811313135994 6.562949326489835e-06 -5.762484627709292e-07 1.4483884328367513e-08 1.726749588293446 0.10132705361109892 2.174100580067092 1.3372265216366983 0.3753635914261035 0.24420691192686858 nan 0 0.5399574339925156 0.3209070228112472 -0.6218694720747151 0.2191483315482363 5.429037017564077
2460666.7938651023 16 13 0 -926.7543772859076 174.88709028336643 1145.9345800278554 837.8376366008457 0.0010185237821687286 0.002568443700601583 6.656480520079143e-06 6.996176572957567e-06 16592.769440344448 0.010107662197388229 0.05234513893797688 8.437447715644146e-06 -5.617903766507362e-07 1.8846517482333606e-08 1.7102097524937305 0.12860448134887723 1.2796180152293632 1.061296668732275 1.0424566339497563 0.896420756120685 nan 0 2.930495003074748 2.34821966235825 -0.2070669285263474 0.5799441826986464 4.479794838010402
2460666.7938651023 16 14 0 -817.9311079123341 241.0752861340543 1404.7380443120878 698.6889581466833 -0.007191011084856674 0.004471571888584306 7.636324358167328e-05 3.7674740697596504e-05 16704.674360189638 0.015983278963592102 0.049682824964824075 6.97155827922494e-06 -6.527494690663779e-07 1.8138319951477624e-08 1.71545301478008 0.11587745441788867 0.9712792753618169 0.6845681568416725 0.6223407762033691 0.35296432958041996 nan 0 -0.7821339003311477 2.7607737327195094 -0.40858192717103325 0.29422843666436277 4.744908326015426
2460666.7938651023 16 17 0 -1092.5711094081166 172.65891311254993 1489.618701562849 1078.9055373852268 0.024745821900545584 0.01759675626073454 9.844510313414568e-06 9.689671861350403e-06 17210.227920432528 0.008568841756019487 0.051143513964527036 8.468285819987933e-06 -6.206300124354892e-07 1.7398073421334617e-08 1.9116683631544118 0.14060723040486195 0.805375487588847 0.6406913916624559 0.48803412329501417 0.366236020381851 nan 0 nan 0 -0.4924738432320243 0.36770996611714407 4.982148514684964
2460666.7938651023 16 18 0 -1711.6370631859709 106.70820726671265 657.2173402153664 38.76725994988789 0.005015509621063847 0.001739343389680325 2.181943328614585e-05 3.749840540077211e-06 17503.54241770018 0.006531525216636578 0.058130028635969215 4.929955456015691e-06 -5.53716297327526e-07 1.1073072778169459e-08 1.5277533711305076 0.11947021628402098 1.1134203764078983 0.10307173865064233 1.7867999949187718 0.5059588173147236 nan 0 nan 0 -0.17346872199808175 0.04890632285760729 5.786235273796702
2460666.7938651023 16 19 0 -1355.872586593147 130.11758827037357 742.8426168079926 18.581886583442603 0.0076634173286851135 0.0018192222727293167 -7.77918934562771e-06 3.7893489468065987e-06 17628.404533917834 0.006643575786252072 0.05551276309608099 5.921534862556532e-06 -5.920000234010614e-07 1.2282684260445881e-08 1.45075674908228 0.1088896915919823 1.302361907405539 0.062185828848906124 1.091771117365 0.5497246863661981 nan 0 nan 0 -0.02586043008548672 0.024451962565628132 5.561337209636037

2460674.738997031 17 4 0 -1702.2598272665182 372.79376754797937 466.47007069182905 2557.7705139854215 0.009425311937799982 0.0513605947497365 -2.3000209326621432e-05 0.0001259035185253754 15247.939531446356 0.018698291889065813 0.048204521682859755 1.0124776284198081e-05 -6.078531462532793e-07 2.228911670333326e-08 1.2997897097081286 0.18703677951205036 1.515697736553993 8.792374776140882 nan 0 nan 0 16.517169690799353 93.4665098709335 0.0588698674183451 5.807489092577876 7.609659276157238
2460674.738997031 17 7 0 -1856.374623029712 208.97182445611872 1962.5667398298312 1726.8079156718302 0.05256653296939681 0.044843937753421596 3.3978542510858725e-05 3.0530895363937446e-05 15671.40580006525 0.012003117289550263 0.049455119180653234 9.356361755397671e-06 -5.42953956278005e-07 1.5928112582590126e-08 1.3065710864397253 0.08780727622585621 1.5908316361721926 1.5285455767281386 nan 0 nan 0 0.2894448897602363 0.27609924268774744 -0.6881682078083896 0.2744752715032955 5.220000225842402
2460674.738997031 17 8 0 1100.881481930001 103.38938039686091 827.2536398812322 181.34674747919667 -0.1878162666450496 0.04111761677711814 0.00069629705041423 0.000152738479242043 15777.166468852987 0.002732458875200082 0.046982980235199444 3.888486241304518e-06 -5.813823527416866e-07 7.005768138937086e-09 0.9931935425060782 0.06361772537587594 -0.016358291502375444 1.9774446618697474 nan 0 nan 0 0.570332837895087 0.15132633503398077 -0.3867260130311238 0.13469689699637705 5.629947370178098
2460674.738997031 17 9 0 -836.4856383926762 134.23402467218432 975.5717807676879 224.65712245409725 0.040929544508365064 0.009410761224750428 -1.602725194416912e-05 5.909875017986221e-06 16004.604768293055 0.0035139046751574464 0.05326110032584949 7.453333190378143e-06 -5.260138187615489e-07 1.1107976070194196e-08 1.0843328510113481 0.06278893191750314 1.7854791118577737 1.3347641787020583 nan 0 nan 0 0.5136591228996116 0.1424999838449759 -0.4183104370863502 0.13434509186796437 5.681833092632886
2460674.738997031 17 10 0 -1259.5221074013004 114.83032550055783 1093.196564230995 275.07441229046583 -0.022836276081008924 0.0061445166973689794 6.489971349816054e-06 5.786094874671481e-06 16118.942027030364 0.0037456553828209807 0.05086417841403583 6.2847408159455925e-06 -5.514528092568867e-07 9.352987816163326e-09 1.0706388032126177 0.06544052896157806 3.0828656173062896 1.8569211933594971 13.946173980246167 6.88454896595396 nan 0 0.5463132311310768 0.16551832763399424 -0.3779889295403731 0.15684742399359333 5.203785842392096
2460674.738997031 17 12 0 -1225.5373937262448 162.34143512535272 2749.75238505709 3154.8543489867616 0.0506978072193551 0.058692464671552834 5.5506985959336114e-05 6.553616234071359e-05 16475.003525990047 0.007764194727659394 0.05479317001346968 7.773222278606754e-06 -5.330066575658718e-07 1.7244528899820515e-08 1.8525004066509159 0.12046997104754366 0.0791347020996119 0.30600769994883165 0.2486730360160663 0.30829032862057165 nan 0 0.4304317062665703 0.5027778875557782 -0.7050601024255535 0.33848852480880387 5.766354711782388
2460674.738997031 17 13 0 -1421.3474414779098 234.40842711340778 1054.272304539602 1312.8005977873167 -0.0020818738224497365 0.003232334253073204 3.1515419336106356e-06 5.901236302933953e-06 16592.6421198873 0.013374415641056382 0.05233131022511357 8.673173031857078e-06 -5.665805230459413e-07 1.935245188933302e-08 1.9120940548817356 0.15071123212868887 0.8578672674342998 1.1770825723122635 0.8577308594963471 1.2121710175537224 nan 0 1.191120202683618 1.7731322631187754 -0.18189619791797376 1.0189350481602857 4.300980177848341
2460674.738997031 17 14 0 -461.92482231722136 245.1880921687632 1388.7408350711644 794.6270227998846 -0.023978408724471052 0.013539696866673466 6.381656197186208e-05 3.622231240223789e-05 16704.574069971524 0.016391732178603267 0.04969295034122182 7.092100117639001e-06 -6.386390882306373e-07 1.8830201278077626e-08 1.787085458653791 0.12121671425923677 1.9615376637516317 1.2253694988954473 0.5676934336719411 0.36665061308275226 nan 0 3.7640960185105885 3.2283150379005066 -0.4448025377498539 0.3177508079090315 4.7659861109702515
2460674.738997031 17 17 0 -1021.6031913657522 210.70923852779035 1041.8550739373684 979.5723908048988 -0.015623972256655865 0.015405936961059671 -1.1141077144224589e-05 1.1888674881314147e-05 17210.078390394934 0.010997201825460127 0.051128912687852336 8.59184472865495e-06 -6.312003359432237e-07 1.791466959680966e-08 1.710476953377096 0.1353143355446358 0.8184556332056185 0.8486770712897421 0.4680591470190206 0.4581359355794647 nan 0 nan 0 -0.3158643104067289 0.6434043544486951 5.18071316647241
2460674.738997031 17 18 0 -1582.8946950800496 109.69717330459355 2063.482699155819 851.0433198344831 0.011775722017737496 0.0073378585495830935 -1.3692551862042318e-05 1.2955252901020511e-05 17503.200071334588 0.006627335226764598 0.058111843426860724 5.055784655698907e-06 -5.567990011613566e-07 1.1164518698916843e-08 1.59742425031342 0.1185631335788218 0.23363678684116373 0.10795039294296714 0.5360260269530397 0.28822931840131105 nan 0 nan 0 -0.7038206811388508 0.12222612788350815 5.903908141052263
2460674.738997031 17 19 0 -1254.904711904099 144.24042201565916 731.6246365506835 30.48770092973615 0.00320691977765336 0.001880575123427624 -2.055638977255507e-05 3.9981342684357376e-06 17628.200763502588 0.007738210547799451 0.05549136788145827 6.243794133833337e-06 -5.989666749591202e-07 1.2816921010608096e-08 1.3203934645649638 0.11297058336064648 0.7909010355129092 0.055559850651984016 0.4779033431635667 0.49901186559925514 nan 0 nan 0 -0.13507762275774662 0.03617103848445316 5.908702687534043

2460674.738997031 18 4 0 -1727.2385982922003 417.6095791264318 659.2847742627275 4151.350912099709 -0.015541325780431717 0.09798004042577192 4.3551899282272194e-05 0.00027455439397173895 15247.945019870514 0.02131794659044166 0.04817591926631523 7.079701770483709e-06 -5.135122055691121e-07 1.584687120703141e-08 1.6316262764690486 0.1620124866547832 1.3415014416880282 8.801929627886656 nan 0 nan 0 1.1059324127381214 7.386320426049106 0.08476920854092895 6.8312581461844735 5.013498000255569
2460674.738997031 18 7 0 -1861.0592229904814 188.3925696188887 1420.7706189170958 540.9521300927848 0.029329804100876683 0.010586018936573504 4.3276169031732733e-05 1.7064959199577874e-05 15671.492828555936 0.010879481755945993 0.04950394346514922 8.345142864015447e-06 -5.738769358084412e-07 1.4577792394737374e-08 1.4127958074847808 0.08394147715712728 4.155281100381318 1.9340423309226231 nan 0 nan 0 0.6118900296656522 0.27394644271659735 -0.36673215390120933 0.24127417083234784 4.4615495302209816
2460674.738997031 18 8 0 519.5049016556029 181.2079625612285 673.1374104274815 151.64947560042785 -0.1478081745465033 0.03327594108775538 0.0005853181926711856 0.0001320259097389461 15777.23998691292 0.004735415684365069 0.04700021251825099 6.660177228292513e-06 -5.873917231037103e-07 1.2189367340435254e-08 1.177218605627734 0.11263879083540354 -0.11355984794997648 4.411310612427734 nan 0 nan 0 0.927823169931249 0.27710518211557483 -0.12062612239818751 0.1986596893492675 8.550175516031198
2460674.738997031 18 9 0 -528.0191898090862 113.6237411627463 1070.0686493368007 157.4560184587175 0.008475905573571653 0.0024883897930021454 -3.593561574684148e-05 6.699911268429948e-06 16004.585454250348 0.0029299610293902893 0.05324889178722159 6.183945757454831e-06 -4.804146307128891e-07 9.311107415832623e-09 1.06146585977127 0.05465290285394624 2.3569838850466867 1.3362364171760288 nan 0 nan 0 0.6737096205231241 0.12553956534167726 -0.29598607234408286 0.10400031266198298 4.919306240877665
2460674.738997031 18 10 0 -1380.4085924331469 95.83217921670584 1251.3616630418592 179.8425311436838 -0.018748677553002177 0.003555984884023735 -2.4626513136823304e-06 5.17400990134333e-06 16119.044256465491 0.003082226741859379 0.05087330090140813 5.203337942154347e-06 -5.602111535248553e-07 7.812781067426155e-09 1.0901673084096468 0.05570041133083129 0.025015325009665745 1.7537471695201305 11.330394281399299 6.321547151681481 nan 0 0.7662640730408687 0.14089868546902087 -0.21018745775939607 0.11384964739236882 4.296564685989344
2460674.738997031 18 12 0 -1027.5762534750777 124.16754415043778 3287.840036816823 2476.835345581586 0.006049445652199562 0.008149110927633993 6.818145185983978e-05 5.3371014417167934e-05 16475.03706149021 0.005770191035630811 0.054804597469668405 5.9150155303035e-06 -5.524842916530719e-07 1.3122653101199575e-08 1.8195463557206406 0.09134397652811112 0.6827587092281144 0.5736349683570263 0.27891426872999087 0.22905095192587882 nan 0 0.4022603160548535 0.30858146129273056 -0.6933226487504822 0.23110637167645098 4.531112951832765
2460674.738997031 18 13 0 -1431.1800482091403 197.03849324670563 1413.7196487168044 1338.5282690120187 -0.0005747115686424128 0.0025039802890581245 -1.352939641351972e-05 1.3865867553808278e-05 16592.7401673498 0.01115142024786307 0.05235220275739611 7.6235395054839705e-06 -5.606686294007039e-07 1.705610830715899e-08 2.026969082924349 0.13976327180465067 0.3482779847262244 0.5642923505381923 0.9333373680399911 1.012755541718211 nan 0 0.6685958118609073 1.079586828513738 -0.14974109431944682 0.8052307721714378 3.732186666382234
2460674.738997031 18 14 0 -300.8178102022267 215.16929368921961 1803.3917944373584 789.2170268550761 -0.029402879364192072 0.012748215805325114 8.479602916754961e-05 3.687321742998436e-05 16704.70284014082 0.014313317471889315 0.049688258509587406 6.1622460821994595e-06 -6.831625617272395e-07 1.6346399363369618e-08 1.6479998172907093 0.09885376357665053 0.7270669461134459 0.5323032346093916 0.6320984235302871 0.3165496038237425 nan 0 0.8679522773602645 2.5409181848842217 -0.3779449160912912 0.2722876504021411 4.221005143024614
2460674.738997031 18 17 0 -846.7850854457188 165.11807845565264 2070.940134004949 1961.9590774052251 0.0414727750901357 0.0386843627422398 1.2631517089388765e-05 1.3940992789648819e-05 17210.235890063774 0.008522890966761195 0.05115627767452617 6.911879797692724e-06 -6.080537346921875e-07 1.450608253081298e-08 1.8947963983180813 0.11780725130214083 0.634128614416385 0.6482011244065371 0.46406836424337816 0.44872796023674283 nan 0 nan 0 -0.48135009744519347 0.49146146415788167 4.077204083402731
2460674.738997031 18 18 0 -1427.0367559098129 94.76820502518206 1520.179542039877 210.59977058535543 0.00236202883258911 0.0035973335039992432 2.7929576751241217e-05 8.247366631867316e-06 17503.53930968716 0.005693956144915403 0.05813990105275596 4.403782402684412e-06 -5.578649604651074e-07 9.788272215015143e-09 1.3984483300574164 0.09802675164727163 0.5174918272332338 0.090998327591274 0.7472582613359581 0.3041616966726315 nan 0 nan 0 -0.4577927680557931 0.07522452632841416 5.2539677789956505
2460674.738997031 18 19 0 -1265.1510191087611 121.59349217925694 896.7751553460087 27.897372158561705 0.007745228924545659 0.002048690687127817 -1.0110458899836201e-05 4.28070977011899e-06 17628.377806205557 0.006463793703772993 0.055519588190007324 5.403139617975268e-06 -6.026580180539673e-07 1.1199171520073303e-08 1.2619580218521589 0.09653010970133066 0.9154828407826021 0.04987697979258637 0.11259469495133077 0.44654445642551643 nan 0 nan 0 -0.10653119705751495 0.02789969176002776 5.181235661095264

2460696.6421393435 19 4 0 -1922.876057872229 223.6337436615236 365.43355572232275 624.242869927712 -0.014024777286732642 0.02408124653542365 2.7267257655994595e-05 4.6928794469947324e-05 15247.897152381078 0.011531548375016168 0.048141781673671 6.745153494068221e-06 -5.176710056149976e-07 1.4430278330456008e-08 -0.45606955202508853 0.13534076569937498 2.6506612816349935 4.947362668240931 nan 0 nan 0 2.1364847379834027 4.600366961150551 -0.1508223868391844 1.451476738991569 9.543946615744874
2460696.6421393435 19 7 0 -2485.422998509378 334.266878606072 414.4170371547379 139.3226381528109 0.011235496739393653 0.003662341251782201 2.0096747456687953e-05 7.2902341407401694e-06 15671.367355238664 0.019564707804147947 0.049518622137423855 1.5676665304790965e-05 -5.553398468918889e-07 2.6882999217864924e-08 1.368689645959819 0.1508616964763617 -0.011512983765089357 3.0048474417357594 nan 0 nan 0 1.107128699297468 0.4895733498936929 -0.07303105390342082 0.3120346619336798 8.285917766668883
2460696.6421393435 19 8 0 1573.101115296766 154.17810477685182 286.52804112389094 47.50599757226147 -0.07340939324386357 0.012177409992393843 0.00025095726563300285 4.171074121200037e-05 15777.190276166746 0.004354393038370015 0.04696509619825997 6.148288486060143e-06 -5.985336052663501e-07 1.1354769107133874e-08 0.9814837388002199 0.10474328152254725 2.5274355270055824 5.0574602448882535 nan 0 nan 0 1.1014173962103113 0.2559578818636505 0.010216314781586536 0.16811347516592845 8.530094706851692
2460696.6421393435 19 9 0 -806.2864956971454 212.4601690792821 445.8476140225151 126.70704790565671 0.026667640869983987 0.007563304795246062 -1.2035518611634756e-05 4.8057983775289265e-06 16004.61015755236 0.005972921235673773 0.05325909232783589 1.3057620890867905e-05 -5.457991457710442e-07 2.0613106197232076e-08 1.205598813461013 0.10953501798886058 2.221230735192461 2.740003196954566 nan 0 nan 0 0.6861425736129375 0.24835377188198543 -0.268126273094417 0.2088057262051212 9.30164716887608
2460696.6421393435 19 10 0 -1303.6998659105855 165.15641359514862 712.178810837008 273.00089192106077 -0.014421124248144613 0.005956979157420697 -1.5158161070868599e-06 5.461475581479182e-06 16118.93924895195 0.005837273225373801 0.05088692703146096 9.963746415677006e-06 -5.267008093355688e-07 1.5292233552081474e-08 1.1494972173412712 0.10280593488076013 6.545275368821209 3.601376489846531 -0.04413355952411935 8.974403175070373 nan 0 0.547049173623464 0.2533754512321577 -0.3762641364764475 0.23962140260967077 7.956741394522364
2460696.6421393435 19 12 0 -878.1353182769207 225.32991924721475 1667.2299569103136 2576.538058117038 0.07941817549882996 0.12301827352531976 7.524742548532206e-05 0.00011722513445788858 16475.01466438289 0.010954391895137807 0.05476174068296403 1.0886216506109755e-05 -5.800023557380865e-07 2.4380165644489615e-08 1.9272628652528039 0.1723517488547278 1.4308570744332956 2.265258979904184 0.22449924885066233 0.3729411260239419 nan 0 0.2807393064190466 0.4402957159024412 -0.742276139462791 0.3984036368993269 7.924059976500139
2460696.6421393435 19 13 0 -910.0975259469848 395.8672213927471 573.3538159352104 1305.7271618474635 0.006352417843961501 0.014740277447207748 9.200837113163962e-06 2.126197540334927e-05 16592.67438952905 0.022128323911802503 0.05232339952702975 1.3894488389205237e-05 -5.596487368303417e-07 3.117149408268466e-08 2.062517320101802 0.2693101452317294 4.01273310668788 9.399603569415046 0.8187023961205087 2.132804257716678 nan 0 1.4687794358610047 3.7403937965456016 -0.10384558665997383 2.0413423642827255 6.723231194244981
2460696.6421393435 19 14 0 36.002356174430076 316.10496987641443 594.1114951205614 285.2080827607513 -0.012412030746914259 0.0059912765319084195 2.4011413403433164e-05 1.1826373660676333e-05 16704.573923789558 0.022691995298550528 0.04966710470857371 1.1662155501746641e-05 -6.494220646367845e-07 2.977376561755928e-08 2.0101589224428964 0.2108679339632872 3.0528411455200852 1.8146893596264295 0.9248157438466674 0.5398116538630211 nan 0 -0.019737429979231558 6.035267830218652 -0.14378699983992202 0.41118923630958365 6.99657825735239
2460696.6421393435 19 17 0 -931.8419779469347 211.81222035679303 583.704124788069 180.15891823217638 -0.007109569434277646 0.003262484847216539 -9.171011090303254e-06 4.991581479748517e-06 17210.040748345455 0.01073292481409357 0.05112220660010933 1.1831396529607332e-05 -5.908456765376763e-07 2.3804041916116024e-08 1.875707874777827 0.1833437206075737 2.285902837329376 0.8817711392648715 1.1503036099242567 0.4304201082157267 nan 0 nan 0 -0.08141959597724176 0.2838031635152039 7.144039819073591
2460696.6421393435 19 18 0 -1616.5191396305927 184.911315735023 439.73924098807737 23.444878402033776 0.0054670489837129336 0.0019315174214018158 -6.80366970127687e-06 4.008076270017198e-06 17503.19145528236 0.010897368532568777 0.058115971040098434 8.533570687537616e-06 -5.60497939254693e-07 1.90647474795286e-08 1.7545767976660662 0.22946643231727457 1.9568215861543543 0.18800767556882061 0.02122409634082678 0.9232105720600915 nan 0 nan 0 -0.07056523873571673 0.049806279930508235 9.715081015390165
2460696.6421393435 19 19 0 -1473.881250271032 182.66893172403704 457.31028983427177 13.308477592995658 0.00366713763877313 0.0018572872252465688 -1.2163986796993636e-05 3.838794754597454e-06 17628.188700165843 0.009580577304222397 0.05549195932016218 9.654413773394067e-06 -6.389973048236529e-07 2.029427400161125e-08 1.310210032323087 0.17933238660450526 2.0255920651750703 0.12006886888213776 -0.005319546621253973 0.8654795575221266 nan 0 nan 0 -0.06244360451486753 0.02734205368492763 9.40034696625412

2460696.6421393435 20 4 0 -1072.7091971941509 345.0218949455805 506.97496622445044 1475.4702638835936 -0.015381000608651265 0.04488710399401223 1.808432861485101e-05 5.311584128816648e-05 15248.008588556351 0.017905633405660915 0.04818631281801703 1.0710613759339409e-05 -5.129801944214035e-07 2.2617951809377087e-08 1.5074885160042288 0.22196816965313812 2.2035392852420816 6.85697828354045 nan 0 nan 0 0.025007124510595835 2.6777110264225725 -0.1356259471128627 2.5164817219349023 8.025219061269787
2460696.6421393435 20 7 0 -2665.625541691053 293.0221351223094 1105.416281543094 856.053591460541 0.04239298329366408 0.03179955376088113 4.950405874872471e-05 3.828741998613905e-05 15671.489646604694 0.01745215244840278 0.0495330704515449 1.3188106967681997e-05 -5.575993743723544e-07 2.332944522307364e-08 1.4490997076919243 0.12679037235617993 2.1672679081809 2.0822459970988816 nan 0 nan 0 0.437486498765069 0.3823822635054336 -0.5322608499942705 0.3623870408602999 6.7588298023169235
2460696.6421393435 20 8 0 1564.4437879943807 153.61552199930455 528.7059499253481 127.24936164654753 -0.10335553994193092 0.024829866268074898 0.0004397623716686821 0.00010585278830105844 15777.269668037432 0.004077281906333892 0.04700596931416539 6.065409856074267e-06 -5.784139000647931e-07 1.1190426816559397e-08 1.2951496502993918 0.09542708122392805 0.6197030097554234 3.295249914886558 nan 0 nan 0 0.7674285013942477 0.2350776101160665 -0.2085516303842486 0.19089831244319785 7.032320193077586
2460696.6421393435 20 9 0 -827.8748435797527 182.74200268555109 510.71745293539357 97.26688140569705 0.018683914852507397 0.003764210574966688 -1.275677066368264e-05 4.124635449018895e-06 16004.563056093977 0.005095652816812045 0.05322307281387483 1.1035653773566273e-05 -4.72259148990032e-07 1.7652491985234316e-08 1.2621457979856479 0.09650121373604577 0.013951053278228426 2.5617882161250383 nan 0 nan 0 0.8702013336511374 0.22183925193954127 -0.14121353887514942 0.16436519832213953 7.818593593617168
2460696.6421393435 20 10 0 -1239.9030003675114 139.2711312115256 1543.7685730601584 890.4415272718238 -0.015022245837773193 0.00951238049682068 -1.5496736403603795e-05 1.2709314616877841e-05 16119.079975355842 0.004803469637892123 0.050880782502016386 8.44779718299938e-06 -5.413684823665059e-07 1.2621521783848662e-08 1.266148461363411 0.08152419001310397 0.928771439125566 1.3104039073390525 13.401096051076605 9.02695928189842 nan 0 0.30838286239083845 0.19840572758306166 -0.628432687742462 0.21457604862904037 6.337020189486673
2460696.6421393435 20 12 0 -1308.470889069949 193.75309845710404 1072.9860584310197 810.5580878381387 0.019078843344957987 0.014873842591380321 4.209515991597658e-05 3.270315336969853e-05 16475.084251183995 0.00927668084875329 0.05480424261102837 9.245317741257596e-06 -5.292479330050149e-07 2.0645800127491545e-08 1.7004526711947956 0.13615560361253726 0.1941750771700034 0.5403911538218894 0.3934806139514851 0.3369396939197876 nan 0 0.45907160620461834 0.357406219525114 -0.5658240509467793 0.328147384031864 7.158153852967844
2460696.6421393435 20 13 0 -1143.7631709688226 279.6725995487757 707.5669509706039 673.4163568367809 0.011491940231561401 0.011256654738311172 -1.1481579544326968e-05 1.1684931486458096e-05 16592.790728152784 0.015041387620279555 0.05236151434225226 1.152876032436706e-05 -5.193934845140958e-07 2.5948921590761304e-08 1.9724762369814282 0.20362196535369737 2.306335734920163 2.336618592600852 1.1982038336104326 1.3747125549648957 nan 0 1.5911742828248623 2.071231558911087 -0.09113081462776855 0.8653445427701207 5.730090106982177
2460696.6421393435 20 14 0 416.84271917432136 269.1979324001471 1321.7485978793004 1082.3318467921954 -0.005385220658386889 0.005475110889417429 7.194717043349197e-05 5.837701309905986e-05 16704.7669685827 0.019480594264786356 0.04969095704769946 9.802030832150062e-06 -6.952178769496139e-07 2.5718638166140818e-08 1.9422879282428445 0.1672782424505348 1.0150251008542743 0.9632089814589497 0.4693189375659668 0.4261552006663203 nan 0 0.2056170572650695 2.849009527863178 -0.5346319027070772 0.3811206181063325 6.011762178121701
2460696.6421393435 20 17 0 -973.4174972454323 192.50967336570412 611.5743156938975 222.86016712519555 0.01331117883444299 0.004843469843416347 5.680328089611073e-06 4.199979147329876e-06 17210.215201458806 0.009460709016637947 0.05114235750245227 1.0890975977421607e-05 -5.551964117068078e-07 2.158700326064506e-08 1.8941343207657049 0.16784174457337311 2.2586040760168054 0.9997895359716741 1.0311469415463441 0.43285758614387393 nan 0 nan 0 -0.13900413853763477 0.31405060400868057 6.579162603748126
2460696.6421393435 20 18 0 -1605.1917683662548 143.4361446826889 380.1394997086971 12.304001300776138 0.00997273132241049 0.0014520419072792882 7.9386498150708e-06 2.9786184788911613e-06 17503.58094204967 0.008398235887591145 0.05812786113688604 6.714649770778185e-06 -5.251038435920447e-07 1.5134061168228834e-08 -1.249688806061709 0.14851355098786506 2.364216642324865 0.14627750427714806 -0.02049308158604432 0.727529359077202 nan 0 nan 0 -0.05376518167789959 0.030756403509606862 8.322986274535102
2460696.6421393435 20 19 0 -1242.1691600702875 155.281073324184 476.4771790885588 10.66000658567221 0.012311569930082764 0.0015658803722510956 -3.012542634813234e-06 3.2061541684024525e-06 17628.411430857348 0.008206016627212041 0.05552610529267072 8.043410029146697e-06 -5.999821176261579e-07 1.6759204603127683e-08 1.5575353199276154 0.16063386245666786 2.3830708393036457 0.11198583932244328 1.1588934552808012 0.7623167225217825 nan 0 nan 0 -0.0069756084735831374 0.022245731056559918 7.387061036101461

2460624.830119106 21 4 0 -3222.1964451814824 392.5970997584741 449.5128195213701 1002.7585796171529 0.01065947472220639 0.02373826953735846 -9.550562253293259e-06 2.1172565440202852e-05 15247.865403521468 0.0195897914701022 0.04820213711327024 1.0656774841677954e-05 -5.920203191083816e-07 2.3246028506372036e-08 2.4559871035945577 0.3737393902389366 3.0537495016674856 7.449710398693083 nan 0 nan 0 6.3576939511284465 14.84955833872622 0.13637984467593703 2.5362266122837487 7.1087696215728915
2460624.830119106 21 7 0 -2361.0761894652833 196.5999551770852 814.827476816919 184.1698547283927 0.026299209515360477 0.005689565035063755 1.910112336930786e-05 5.756918053517253e-06 15671.387213284286 0.011235014702386779 0.049476039819636705 9.708952495295369e-06 -5.614601390473171e-07 1.5886292110296482e-08 1.3894308666801571 0.09204957281302048 0.00341891856093568 1.7057373378855925 nan 0 nan 0 1.0094171378933092 0.2914490938772089 -0.16474979317390456 0.18902379168238465 5.16738857994635
2460624.830119106 21 8 0 864.234938341664 106.53710964406189 707.6093023764461 121.92534918778189 -0.1473987595113138 0.025400735629748646 0.0005905351480826357 0.00010181864873657563 15777.165639392304 0.002898940496277747 0.04697740965072928 4.02220462399752e-06 -5.902728592042412e-07 7.495066080089089e-09 1.0345091165629414 0.06651878711250198 -0.07568660408818517 2.3410326531396444 nan 0 nan 0 0.7463129695755791 0.16359708297098366 -0.2411162396143618 0.13109244900198466 5.774782650842402
2460624.830119106 21 9 0 -1239.2482845449856 139.9879693347472 993.8837279918425 220.53739757230034 0.034531915798866615 0.007726881758809895 -4.400484259821948e-05 1.0686411894182516e-05 16004.604189368301 0.003753775859970185 0.05322214588725938 8.497471049358883e-06 -4.925705903162632e-07 1.2590597161025763e-08 1.2295365966269232 0.06838282748734782 -0.07755655151783515 1.3955510461508713 nan 0 nan 0 0.5535842752958142 0.14975097597685552 -0.42453039814126897 0.12810009339354847 6.086301689190572
2460624.830119106 21 10 0 -2041.1516646364091 103.89854446167853 893.0194310971306 117.83923604262701 -0.028633937129747287 0.004229792544969991 -2.9950998794054023e-06 4.342131353172145e-06 16118.924454249689 0.0034601930160929094 0.050867847601090546 6.184578965570892e-06 -5.482251573248269e-07 9.901295543699229e-09 1.1415650961705075 0.06678947258262215 0.027927967213360994 2.3548948151200593 0.008472329462687611 7.848879021218492 nan 0 0.9144333258116808 0.1604634305281981 -0.14207029056223294 0.11365185219463736 5.1111940559916675
2460624.830119106 21 12 0 -1808.3926707965236 130.45313359335796 3586.500608944514 4274.446246430374 0.1243685210885536 0.14887578406933788 8.598822485745582e-05 0.0001040108243217729 16475.01119043095 0.0066091186342883785 0.054784189075288245 7.1287370240884816e-06 -5.544579588994609e-07 1.5808294355329543e-08 1.9989495843909428 0.11071257144032486 1.4805859209551195 1.7968995504382748 0.17782157127976586 0.22412793112999305 nan 0 0.30226983019676934 0.3648576109688406 -0.8027489215309874 0.23514045149696733 5.24150201954466
2460624.830119106 21 13 0 -2083.8820488263573 264.46309521836025 1098.6679046486809 1437.694367183077 -0.004242165219019106 0.005871444993854447 5.778888828000698e-06 8.962346032406362e-06 16592.61203799795 0.014996508682475209 0.05231609117719443 9.310787466215394e-06 -5.185689751497333e-07 2.07467251548559e-08 2.257258934590462 0.20806620985861693 2.1196151425071634 2.861749435476266 0.9126490367149939 1.3595537854582658 nan 0 0.10806177538570182 1.177831718802965 -0.12090118901523797 1.150608391422938 4.518035056572019
2460624.830119106 21 14 0 -1098.8614034063526 236.2601648726529 1032.3537209353908 262.47225295197177 -0.022769598897242747 0.005930950086209146 5.97201214218965e-05 1.5422497385976534e-05 16704.54099905623 0.01618501032099716 0.0496624811258533 7.587559368857611e-06 -6.592392564931634e-07 1.9585200323609855e-08 1.9019750126782982 0.13247294075531757 1.83771653479269 0.9347882837484005 1.0959048891349312 0.3493683570995489 nan 0 -0.06441941209979399 4.147314680352155 -0.10816721334922702 0.22682542232631633 4.87310154845423
2460624.830119106 21 17 0 -1538.7063212109638 159.13286772224947 2081.664102373548 1658.9038739079729 -0.03466805993588424 0.02919090104541967 -2.5982467813729615e-05 2.372305056624425e-05 17210.012541471042 0.008329148277070757 0.05112616294595176 9.072017800991133e-06 -6.362007905005793e-07 1.8513117642897503e-08 1.9506514872281808 0.1422461752492223 0.6826450519699665 0.5934060003391048 0.4918049087228275 0.4021151053823735 nan 0 nan 0 -0.5876032609457557 0.3287498575677892 5.2777788526980345
2460624.830119106 21 18 0 -2353.999192895645 94.52073116662653 951.8420973281942 63.545969273557574 0.010858348980520008 0.0024329762764278852 -8.587807165514522e-06 4.85746322269566e-06 17503.159539592696 0.005784226796062568 0.05809536208786483 4.696477681322338e-06 -5.281468315328324e-07 1.0695595574622056e-08 1.8606666366210391 0.12704978614917384 0.9413238179245894 0.09477044369339314 0.6956844849081482 0.41565349818363695 nan 0 nan 0 -0.2808680540977453 0.04815933016625779 5.431045371895985
2460624.830119106 21 19 0 -2125.808648060087 109.38626429161678 787.740196863277 15.583959396687678 -0.002723770574863244 0.001940085860511502 -9.585880890393134e-06 4.018121348686933e-06 17628.195561724224 0.005929286404219824 0.05548749243690707 6.018160863996947e-06 -6.172285524584183e-07 1.2748971391307147e-08 1.522006768933009 0.10667119653367055 1.4870190223497926 0.0586620954286077 0.9253141215084345 0.5599653086790887 nan 0 nan 0 -0.021271827207417954 0.019419026257042612 5.613700014817166

2460624.830119106 22 4 0 -2242.270047139924 498.06155972218784 589.9985146117189 3943.225930838682 -0.027128199435416146 0.18145982363934793 9.818368354795184e-06 6.615896112192167e-05 15247.913397965824 0.025384765510730288 0.04817105339449583 9.340649066337988e-06 -5.204729022109851e-07 2.0327348504380796e-08 2.015387419419983 0.2539944198296666 1.4105757559458687 9.841601207371433 nan 0 nan 0 2.19148233832875 14.976341933571902 -0.06855174186478048 6.226158159795192 6.221472412022303
2460624.830119106 22 7 0 -1945.6844702303117 234.23558012477264 1022.8600619408489 416.0201254342293 0.030575467050807714 0.011844949293698016 5.750411614524413e-05 2.3584320683723476e-05 15671.479899937627 0.013937223055516855 0.04947289727561583 1.0988521811561382e-05 -5.744709853479657e-07 1.9325249696960414e-08 1.734924871908339 0.11859878034881514 1.0788476777747102 1.4418102245824356 nan 0 nan 0 0.6955482792227374 0.33626803997415267 -0.34289812149789095 0.26747802117731206 5.3076200362450185
2460624.830119106 22 8 0 709.9211204670605 122.60212528039521 650.3545825467722 127.01981491989494 -0.12416455498677119 0.0242496529033362 0.0005376949403369252 0.00010505296245474547 15777.176854793259 0.0032717213977382907 0.04699156566699759 4.555012830072906e-06 -5.829479577548148e-07 8.519777647974225e-09 1.1713843660311347 0.0750084967752741 0.0611050475711461 2.489097538688183 nan 0 nan 0 0.7485301443453067 0.1852331001300996 -0.2375382373778885 0.1492647317240212 6.011543051342746
2460624.830119106 22 9 0 -1379.106409408534 141.09234073260532 882.9140357366092 151.36155154800124 0.014006186614641073 0.0031013728612780023 -2.8676672143181165e-05 6.464807931880858e-06 16004.541509423923 0.003821395798081085 0.053246824292767246 8.417418509565288e-06 -4.947925734879428e-07 1.263796236237856e-08 1.2609157445699861 0.07057912180539487 0.7067858911322905 1.6093139811859618 nan 0 nan 0 0.7092485389327273 0.15537341178682626 -0.3047290562965942 0.1196804346560161 5.953459089523933
2460624.830119106 22 10 0 -2123.978351695782 120.04755989680379 982.813740402411 177.71840916420024 -0.03493678513020156 0.0066685482213814035 -2.5779099419211368e-06 5.048874310053832e-06 16119.02847034221 0.003934393682505116 0.050870447046790515 7.086935271439665e-06 -5.955731390316041e-07 1.1261781609163973e-08 1.309407078780415 0.0766961510864355 0.10111657915929895 2.2038038936753175 0.18956571155971114 7.397772115171324 nan 0 0.7765978860874708 0.1791034524863264 -0.24270548047092663 0.13737440173238527 5.384768223750861
2460624.830119106 22 12 0 -1776.7575748706722 130.83421138255588 2122.1165015847346 1422.3477726786775 0.0011206716147537028 0.005161237481914873 5.369978627060923e-05 3.7459234775846504e-05 16475.023523295073 0.006691351598096514 0.05481459965795017 7.235895746789853e-06 -5.543005680331575e-07 1.6043952978037984e-08 1.8760364795872138 0.10691810975989463 1.6873750874304299 1.2061780639987907 0.31842978636247493 0.23563536584813446 nan 0 0.42446357950607044 0.29103343546487437 -0.6570147196290181 0.22997010768818296 5.316524352760727
2460624.830119106 22 13 0 -1783.7806051916027 241.27633487645636 1167.6706704239957 1631.3354588603395 -0.0023100512161151384 0.003957649428916378 -9.905843343001415e-06 1.4833645679658493e-05 16592.733473409342 0.013654246515080369 0.05233112310696102 9.109053305121078e-06 -5.982010524057977e-07 2.022900392295604e-08 2.079056176124367 0.18046881745930143 1.5238984486898572 2.1989112074112005 0.7849117853082946 1.2341834582249898 nan 0 1.86477343051439 2.784537638513303 -0.24250060762878167 1.0584954308387224 4.554101721898726
2460624.830119106 22 14 0 -1022.7940229686423 258.13962006824903 886.4405701389402 266.3026015966412 -0.01737796905019121 0.005355358610811044 5.190524821935509e-05 1.5727821100916792e-05 16704.639398058112 0.01754493820414138 0.04967851314374449 8.294800781884613e-06 -6.631783178513502e-07 2.1141043430902453e-08 2.1169603926402116 0.16150803367786545 2.1765990825847465 1.0516607834673788 1.0133103750047634 0.3752937785759897 nan 0 -0.10557441125545752 4.3110507301641885 -0.16364306359883182 0.2513506443392187 5.1445334333543125
2460624.830119106 22 17 0 -1364.240712775316 152.3278712407959 862.10715185014 289.4262299672548 0.0064593770251044815 0.0027223328529354424 5.19532030307437e-06 4.2776119698020166e-06 17210.178585879843 0.008166522789133544 0.051136660602047135 8.404115439599407e-06 -6.275361243442292e-07 1.7118509061732044e-08 1.7729300358657418 0.1264383969760738 1.6468718586275664 0.6633051111983357 1.075951476253327 0.39608810661319765 nan 0 nan 0 -0.1080714563183867 0.2996190656490534 5.021189011227431
2460624.830119106 22 18 0 -2295.8188877299767 114.34370641916647 738.9523972253743 51.79818189867576 -0.005688618828442554 0.0020527359101583996 2.7579812463455977e-05 4.566189711143195e-06 17503.50030962881 0.006894315839733956 0.05812296660709179 5.478129970402883e-06 -5.543483232197524e-07 1.2373609906943877e-08 1.7297335849872224 0.1336446422812733 1.0310627767963754 0.10911287040880831 2.618930802295501 0.5138588988048789 nan 0 nan 0 -0.24241710817211598 0.053251613903434344 6.040638404623032
2460624.830119106 22 19 0 -2145.7973366619253 117.31663213059302 663.983402576576 14.057182932327079 0.0005253029159876241 0.0017563087302141381 -2.9464974059254448e-06 3.6577995639135625e-06 17628.34416817143 0.006420636127268279 0.05551569682673754 6.450842363146836e-06 -6.033654599979267e-07 1.3906389753906276e-08 1.4591705594667699 0.11349647133399071 1.464201539207857 0.062253893985379845 1.7625392816648904 0.571948850899724 nan 0 nan 0 -0.04227033792869455 0.02034638915511539 5.9714687295902245

2460647.8319615815 23 4 0 -2153.5435594472838 263.687013439273 603.6555673082944 1802.720369696051 -0.016360071077874388 0.04903650319655037 2.9557534186139464e-05 8.861114267095857e-05 15247.846716550519 0.013665602610413613 0.04818121545620282 7.191853351620899e-06 -5.009790853064171e-07 1.582353218040416e-08 1.446675966226341 0.1431681162294921 1.7670036677959438 5.588138139014595 nan 0 nan 0 5.861138240480309 17.9203548185829 -0.0870050892192899 2.727209658569116 5.32883336406803
2460647.8319615815 23 7 0 -1872.6602248065353 180.5104794319195 1076.1942795089374 308.52391896282285 0.017369000674880914 0.004896905191932513 3.4268685483588035e-05 1.0682516383228434e-05 15671.349521065786 0.01049670520326959 0.049480375384248314 8.71498591288563e-06 -5.809229177570244e-07 1.4864845150373471e-08 1.3302172192818726 0.08507087337911891 3.105295278654973 1.541275426431171 nan 0 nan 0 0.7588736684418946 0.2641447810789009 -0.3217609592523316 0.19461186831032726 4.881521750521254
2460647.8319615815 23 8 0 1425.0353918972514 99.43830766275144 692.4379763525612 96.38041219889624 -0.15625080214069417 0.021739759667115537 0.0005837703122245037 8.131718033962215e-05 15777.141288061597 0.002605543716579197 0.04697607315698407 3.664382983340996e-06 -6.029014580397767e-07 6.7120500102818254e-09 1.0762503936541845 0.061807275437432176 0.09346286336854392 2.247870433488693 nan 0 nan 0 0.8286206543198993 0.14954385523684247 -0.21615791678097507 0.1094001116969814 5.175290843302203
2460647.8319615815 23 9 0 -1092.3646993524153 117.50004498952885 1227.8082359994632 230.26424267870587 0.028512122291720815 0.005654892363843502 -3.4894280008755476e-05 8.196735979092465e-06 16004.537919358001 0.0031231095429532655 0.053248057471211994 6.942102896510052e-06 -5.100857359972643e-07 1.047361995072072e-08 1.1717278059973955 0.05721561419947649 4.143891710724817 1.394882746933821 nan 0 nan 0 0.5564603771814646 0.12745683147043338 -0.41565165920460195 0.10994498921364615 5.105320853070847
2460647.8319615815 23 10 0 -1661.4570509882913 91.03687532577848 1055.4850935990235 126.94479719796723 -0.03259832325722475 0.004432078203609103 1.9102685171917816e-06 4.710742773016893e-06 16118.876643293708 0.0030961620486027156 0.050867097923509484 5.5467810310668905e-06 -5.505885537953965e-07 9.00981710601543e-09 1.157463688140205 0.05953663741028552 0.026884522599598615 2.0696507767024226 24.125003387068787 7.39295984783723 nan 0 0.8891580497323045 0.14189649910386706 -0.18472151144251095 0.09845269392791138 4.628695811866743
2460647.8319615815 23 12 0 -1496.5251792466397 122.45599600782785 2579.2505829913352 1475.5242801774532 0.04199521166481409 0.024813231630627666 5.246722524037409e-05 3.220244666365281e-05 16474.941601287377 0.005871684990779226 0.054789126934379324 6.191851798978908e-06 -5.481253744964483e-07 1.3768502955234083e-08 1.7722364702087219 0.09014409229681458 1.842347338059608 1.1251400254435349 0.34572507761627586 0.22017301540459686 nan 0 0.5306043420108153 0.3107612413994243 -0.6314062804869559 0.210952975859987 4.828764565960359
2460647.8319615815 23 13 0 -1215.943228982579 172.17821205375105 1343.3183449205033 1164.6356017258988 -0.014542314563005124 0.012694705348462726 1.5192450526260891e-05 1.4079451484923097e-05 16592.59096093653 0.009519962117873643 0.05232117426324085 7.521551286561954e-06 -5.356316323113807e-07 1.602222410890812e-08 1.7851874094168065 0.11711748563001023 1.2190582689194749 1.1495051469873654 0.8795552757085511 0.873849812943016 nan 0 0.3981106151760339 0.8926577261698464 -0.21426286873263928 0.6813903739933522 3.8445738491341106
2460647.8319615815 23 14 0 -700.412811045498 200.94559306758833 1052.4111486675138 255.43231950729802 -0.026539306719796575 0.006475162473372061 5.156923312046823e-05 1.2833904366045813e-05 16704.516934790303 0.013511910120423578 0.04966387119382568 6.6259443010553215e-06 -6.719122103745834e-07 1.6282581879623274e-08 1.751454636128714 0.1111683831974465 2.3030888124715383 0.8854148574939122 1.0317961173299415 0.310203108642486 nan 0 0.055775614717663735 3.58867969910938 -0.1495654534502243 0.20649341676954874 4.413569371704221
2460647.8319615815 23 17 0 -1169.9187950905402 139.966929874373 1814.3287866561723 1244.9123368461371 -0.02925716979045209 0.021262486359855635 -2.532907558443618e-06 8.049470448253349e-06 17209.983878711922 0.006967423153945643 0.051135795591918214 7.50524313028946e-06 -6.124388873241217e-07 1.5335994737613956e-08 1.6975217360831374 0.10596971443786667 0.766065239616587 0.5750954808263442 0.49019104057724344 0.3449217401391531 nan 0 nan 0 -0.539082154378528 0.3163554337624183 4.579446310227942
2460647.8319615815 23 18 0 -1893.457951211172 96.47816474154804 894.4832675031295 48.24508362579105 -0.0007596145079516594 0.0020845862085199147 -2.815523844896475e-06 4.340608299829711e-06 17503.117150500093 0.005722941668144411 0.05811093910189038 4.56128541712269e-06 -5.484794612180961e-07 1.0047895804371851e-08 1.5014156282455906 0.10783420814616446 1.1001071551569015 0.09156031094249215 1.1020133087518413 0.4340095305450198 nan 0 nan 0 -0.2094882971561196 0.042766982829399176 5.202871636374963
2460647.8319615815 23 19 0 -1862.2662907049346 108.32660625197036 807.9219577026315 15.247739506757283 -0.002595979019412073 0.0018434728758087637 -8.974685414008747e-06 3.8238048579505995e-06 17628.11125213095 0.00549365817956943 0.05550332691468348 5.2793681817201765e-06 -6.095651450738275e-07 1.1196762755800641e-08 1.2570043578064487 0.0931344441560799 1.4296271317188407 0.05389648194212129 0.8735275692071709 0.48411090999768636 nan 0 nan 0 -0.05666898045331059 0.01785618375435978 5.194119647110603

2460647.8319615815 24 4 0 -2043.2256458270883 377.6022471229536 639.3612688164471 4205.500922830848 -0.02591556090863869 0.17064394278782893 2.6408077006763937e-05 0.00017411163823903173 15247.904545722677 0.01945139849986301 0.04818600150915713 7.88163168791732e-06 -4.6499981178363904e-07 1.7318433876002393e-08 1.3836766235163043 0.15694974669484837 1.1695058518957742 7.985802527852077 nan 0 nan 0 2.0583061998282335 13.804142901812451 -0.1861647519442558 5.35379957868266 5.910296163308416
2460647.8319615815 24 7 0 -2165.092375918233 192.58048213435745 751.1572402559647 190.7801326001688 0.01945809365004172 0.004713836289409376 2.864578417943722e-05 7.917521811910483e-06 15671.451714922383 0.011212404530647122 0.04949870679698595 9.418014714933414e-06 -5.342461598516293e-07 1.6291690442003598e-08 1.3621292604583608 0.09492744518706121 -0.004681229330452508 1.701102418410123 nan 0 nan 0 1.028579629964453 0.3315358507762179 -0.14666074242766278 0.21699209410100775 5.212876258354728
2460647.8319615815 24 8 0 1189.5864827055548 173.80792581687754 521.071054437269 105.40113088055902 -0.10974956757204156 0.02223401343676459 0.0004516637955069157 9.153159858078471e-05 15777.207928963859 0.004678746876827233 0.04700383550446699 6.472790223479607e-06 -5.930534085836162e-07 1.200197045939118e-08 1.0559902721818364 0.11283623543311455 -0.09802528526133314 4.561033061336934 nan 0 nan 0 1.0006506963314683 0.2743364198766821 -0.09184329116615265 0.1843100629484558 9.038897592228498
2460647.8319615815 24 9 0 -953.1507354636979 130.61830348079286 759.9770791396085 107.12602576794366 0.0018178155832086745 0.001889998723719619 -2.6278221857352806e-05 5.050741639247174e-06 16004.553583487004 0.0034587619359526213 0.05323055646230719 7.588264512948881e-06 -4.6306931729570755e-07 1.1529992000647137e-08 1.1862855461831827 0.06595169096726265 5.549490002313274 1.828240854611706 nan 0 nan 0 0.8236283595773023 0.1527071132198648 -0.2365948826173571 0.10812540665543861 5.617088010669097
2460647.8319615815 24 10 0 -1529.4921229820286 101.27364846364983 852.4383947485832 110.91055704998124 -0.02704257676087123 0.003943140341787585 3.532425542275324e-06 4.121159596384249e-06 16119.015739825232 0.0034856333638544654 0.05088744135099529 6.1279935702758445e-06 -5.41466595848112e-07 1.0061983170426947e-08 1.2201823025174432 0.06748007076677154 -0.08884516682315546 2.2157980765447767 3.508083037941245 7.279050813216413 nan 0 0.9320898783862472 0.16139324007049854 -0.16466986894914346 0.10913376027035195 4.951868700440838
2460647.8319615815 24 12 0 -1543.3829176794845 132.3563181041548 2640.076677620235 2032.459692629616 -0.0017928500333872016 0.006063079708317092 5.9889899981273576e-05 4.782586019807095e-05 16475.004678745277 0.006450102209498991 0.054811812774753776 6.673666300192924e-06 -5.657050231127034e-07 1.5021113239206745e-08 1.9832654904372184 0.10812411804809506 1.6685981203977769 1.3361724313453232 0.2790583118047249 0.2343290667683126 nan 0 0.4944227766076936 0.38795894579197254 -0.7044053653740311 0.2276420543015601 5.024490058362
2460647.8319615815 24 13 0 -1534.2902006615411 180.62381329357532 1189.068571239285 1146.8841034657885 -0.0014694225884100858 0.002653621773830973 -1.677741753133345e-06 5.180689193321569e-06 16592.715515076565 0.009997194224906447 0.052332257435801006 8.077853553793494e-06 -5.393165797191198e-07 1.7368858164953756e-08 1.752072695168104 0.12371896714048006 1.3852100776718363 1.4248906059408757 0.9011577825714594 0.9928026506421014 nan 0 1.122308130616792 1.3988269133709026 -0.2216547455211482 0.7509118732586753 4.183856157087256
2460647.8319615815 24 14 0 -573.1625883019173 207.00480366835262 1018.3659527207456 246.86605163199232 -0.014359894847672272 0.003830968284173958 6.75450735795375e-05 1.648809779731589e-05 16704.642072726034 0.013923890149586284 0.049688075793325535 6.699559725427002e-06 -6.726576050722096e-07 1.6630243614330056e-08 1.8104876075227596 0.11582292541879083 1.6480888069673736 0.8163747960068701 1.0914505799087613 0.32949583410424754 nan 0 -0.008392443916381553 3.928131155361961 -0.09568392778689604 0.2193222544559667 4.357095967076756
2460647.8319615815 24 17 0 -1156.7574892942407 149.66040908406313 2838.269816846678 3064.8273953555154 0.037695801572578486 0.03992001438684899 3.75819242747007e-05 4.156703900739275e-05 17210.194097680658 0.007508738529118901 0.051132530539577864 7.885813026067917e-06 -6.232879103718553e-07 1.6369185567097484e-08 1.9187857873774012 0.12335597254744071 0.505906860649026 0.5804126243381019 0.35507177818405444 0.38848939592630943 nan 0 nan 0 -0.676378659526457 0.3495191362457746 4.605758536966509
2460647.8319615815 24 18 0 -1880.109212753504 109.42847601255232 777.3936986439485 36.17856805106343 -0.001817336094233932 0.0020068076450603964 2.0262509018997806e-05 4.255186916939565e-06 17503.48768673297 0.006418426232910708 0.05813045180038031 4.936526366079727e-06 -5.491795282315212e-07 1.0903961580902407e-08 1.2633407402226546 0.10387021811015965 1.3437244844081506 0.1008269517467561 1.6225700616944891 0.5107336945415898 nan 0 nan 0 -0.12909883542872405 0.04067024592018727 5.7013076577706485
2460647.8319615815 24 19 0 -1669.451710976877 114.89726672514938 696.8807157256068 14.083225886915537 -0.001758435069533252 0.001693537712149677 -1.7163353760029117e-06 3.5153042674990205e-06 17628.347290886977 0.00583264131217145 0.05551950576690174 5.557718249313965e-06 -6.014261076053581e-07 1.1871006809550248e-08 1.2331052990382143 0.1000172945929933 1.447478113819038 0.05833127179014902 0.3223923484492445 0.5142765365662477 nan 0 nan 0 -0.046730601280874216 0.019326039855168124 5.471165576003106

2460339.6525880336 25 4 0 -1862.4480876198402 538.6596530217793 422.64773651548063 955.5294514261225 -0.025717958640963115 0.05836118211260595 3.920956740154467e-05 8.932744700060758e-05 15247.888629438652 0.028054516621612846 0.048149345706597985 1.9915681433139325e-05 -5.53735180289581e-07 4.180023136358548e-08 3.000920804434849 0.9550112561560729 3.721100119708959 9.343371324413104 nan 0 nan 0 0.5438506782099545 5.550753862474567 -0.136712397410553 1.9533237039804188 13.750568155527715
2460339.6525880336 25 7 0 -221.25159318718897 448.0059824127346 543.3499634508021 331.4748406813941 -0.0009546703185026849 0.003633981147414707 7.4716402695733e-06 7.5651913542782365e-06 15671.43750324326 0.026022560606423537 0.0494614769467699 2.1043126540758454e-05 -5.971990277536876e-07 3.657881192697935e-08 1.2285189079596603 0.21302467595227662 -0.034716071184344166 3.8899934583844336 nan 0 nan 0 0.8978249380681782 0.6893482112222811 -0.17112060098792373 0.5061813806157087 12.109764064772572
2460339.6525880336 25 8 0 1268.0006277174339 302.2210173495011 317.35215890633947 118.2077628873201 -0.08139529063044282 0.030295135288206508 0.00026665245475859936 9.955138036734553e-05 15777.200749963571 0.007591408670955595 0.046984614401386966 1.1258035785087128e-05 -6.042653035791262e-07 2.054700786390663e-08 1.0143727735961139 0.18920426794659478 -0.02239861669449522 7.809053354519905 nan 0 nan 0 0.9088137075623862 0.4512767350903719 -0.1960827526011756 0.30050491401564605 16.834427097593295
2460339.6525880336 25 9 0 -1156.906779117656 323.0019697949936 491.15690331746106 221.69604074341532 0.028077815656399416 0.012684380956322981 -3.045483192418327e-05 1.4797286752889272e-05 16004.59048968781 0.008536627636716516 0.053229304790374125 1.9260018147838252e-05 -4.981086318424342e-07 2.982824361789221e-08 0.978395629885515 0.1649070466116861 0.05815919764455915 3.9143871883276096 nan 0 nan 0 0.6259915433622704 0.35497363061401943 -0.357506005075002 0.29116313575318337 16.135106104087836
2460339.6525880336 25 10 0 -1297.8375963624555 313.26936958795466 1658.8269970950903 2805.785126274657 -0.018186609844571027 0.03179786298850604 4.149877243982774e-05 7.469215857323849e-05 16118.935822488302 0.01047848205166919 0.050868423548405976 1.8996118813272523e-05 -5.547354441605963e-07 2.782659305769315e-08 1.343084852201697 0.17714406851979825 2.586582668224437 4.840098414686933 7.476933463997316 14.861848112908717 nan 0 0.23881974828132804 0.44002572801081113 -0.7153813298607127 0.48185477526448084 13.941901316849039
2460339.6525880336 25 12 0 -956.4317256477116 358.55196806729015 1269.9900574116914 2510.7462609182426 0.06284154332617328 0.12467865582938871 6.485183907276103e-05 0.00012971417411577316 16474.990327745425 0.017446476314408974 0.05479527763539562 1.8470693334278547e-05 -5.405985876597133e-07 4.094274416573167e-08 1.7069394071127848 0.26332419698725223 1.4351696878541298 2.9831678291718853 0.30225044797072304 0.6582302251198892 nan 0 0.5091562286671296 1.0308426066694196 -0.676149158318999 0.6405191049050352 14.801092533579684
2460339.6525880336 25 13 0 -782.6780813933259 555.9274845913359 662.7085418645172 1796.145475358853 -0.0032504632228801357 0.009295115523272085 2.49367330880989e-05 6.797578123204174e-05 16592.624162418135 0.031024290438657898 0.05235738094925035 2.357585021068627e-05 -4.681466092588426e-07 5.282044527684212e-08 1.7858066389710348 0.3725560080471274 2.7499965142031977 7.691793646722822 0.9422072828391911 2.9809478769163342 nan 0 2.930535509760906 8.419444668540832 -0.19001149221455252 2.1960175329796123 12.108984467377878
2460339.6525880336 25 14 0 542.5805914561503 606.0195172593876 674.8753610185945 744.2808947317534 -0.02397134864083299 0.026079192368274662 3.334123463599791e-05 3.682428289410351e-05 16704.631216672424 0.043613456028373646 0.04965722479559206 2.2433508807563323e-05 -7.422561366017626e-07 5.974141468410566e-08 1.783282371264124 0.3516507172534263 1.9954445558416223 2.751431231493963 0.7494282441610078 0.9723246757180698 nan 0 -0.005340084162638675 9.505519104614846 -0.3394098063568895 0.7287150088242906 14.774288492819304
2460339.6525880336 25 17 0 -1201.8853762199055 317.0172191037094 771.5442707199479 395.62644347995337 -0.011621484822719356 0.00819649791953709 -1.6887501552443257e-05 1.288951650870722e-05 17210.062520357696 0.014770282486767348 0.0511143312619149 1.979587457096904e-05 -6.477363676345532e-07 3.8132778619570544e-08 1.753545862597764 0.2731043723114074 1.8737972983072542 1.1776897939805318 0.8494656648355658 0.5204366436652444 nan 0 nan 0 -0.3153507528463481 0.3514041592454573 12.425377290011273
2460339.6525880336 25 18 0 -1743.9283547329974 298.3111142013416 434.77065294060196 26.63629517733524 0.007617510869093223 0.0030187597937939804 -2.0130061583696962e-05 6.3514051574323144e-06 17503.183087845733 0.017241012491897436 0.05812473029742399 1.4229478621081714e-05 -5.703994469598226e-07 3.150062108428605e-08 2.1847227542842647 0.48082894919987285 2.791147843800949 0.33629752206759755 0.9678706349175494 1.6000186827614833 nan 0 nan 0 -0.033602061021810604 0.05950573109746332 15.54122371456236
2460339.6525880336 25 19 0 -1500.940633886181 296.194967395912 421.5963464259323 16.774750866723558 -0.0019067194371951241 0.002864451126582045 -3.3149021011387517e-06 5.8330394656101045e-06 17628.17812062339 0.015080676552341075 0.055490630748270736 1.6059458723780678e-05 -6.103762499382714e-07 3.394539870124106e-08 1.4176517814334262 0.31268750333845563 2.7760832208561195 0.2397494786938134 -1.019670497658242 1.4479923160392312 nan 0 nan 0 -0.07173940634368525 0.037009080340401165 15.599936881607269

2460339.6525880336 26 4 0 -1238.339070737584 260.3986167109242 427.3629547204907 817.6996056590642 -0.015596544940181275 0.03003040879129629 1.0445096071475166e-05 2.0917198930338117e-05 15247.966077518127 0.013362143736523594 0.048176390479797895 7.66697073344686e-06 -5.420079541046426e-07 1.63219084690262e-08 -0.3392091414580765 0.1873446535469359 2.7257669305456527 5.713436440203946 nan 0 nan 0 -0.04118101531748414 3.260264888126202 -0.1673519479616518 1.594212206483593 12.137513023612126
2460339.6525880336 26 7 0 -2460.13919924715 445.3947762362777 585.5877123083818 337.00465371993675 0.03242499710504549 0.017944243773046268 2.5056423420214738e-05 1.5167513547805625e-05 15671.486949572854 0.025957130302182132 0.04950109922375636 2.107909137786618e-05 -5.348333506856328e-07 3.5944742462553376e-08 1.6345905233505078 0.2085793187754285 4.961450051176595 4.1736954359145 nan 0 nan 0 0.8497305982584492 0.6057370784999813 -0.26800372928445726 0.42170447911910636 10.279907206342031
2460339.6525880336 26 8 0 772.8697815966307 234.01442935698745 849.861139147878 595.7622381698085 -0.10711608965027375 0.0749386156887221 0.0006925969223649947 0.0004854369719334236 15777.249463936298 0.00652377349369096 0.04699921413719266 9.727778199511767e-06 -5.973962719114823e-07 1.793541650246289e-08 1.3420740383920946 0.14627735100691772 -0.019232570247342984 3.490218681114767 nan 0 nan 0 0.44927965617400145 0.3657650965919974 -0.4338761069653348 0.3973258174766343 10.521003729408758
2460339.6525880336 26 9 0 -822.5556280138104 211.07004363345274 368.45428036857146 52.58079813479834 0.006293371977124079 0.00200194507367044 -8.753048378807175e-06 3.969562558857641e-06 16004.478605901633 0.006220549926628812 0.05321564533819584 1.2235094874033938e-05 -4.36643533275998e-07 1.9735821870023686e-08 0.8303124654143335 0.13015476855935645 0.034706410154836484 5.20037209534199 nan 0 nan 0 1.3623878287497702 0.3008019830459144 0.17264445578544732 0.1687166855536139 11.59325410335727
2460339.6525880336 26 10 0 -1592.886081673909 234.03734838190908 1116.2213576612144 773.1876121651803 0.012743520647868179 0.010641591508016895 -1.3442052638635619e-05 1.395808995917402e-05 16119.029094339772 0.007668121034768505 0.050850105038099065 1.3969391045423645e-05 -6.000817509030492e-07 2.0720662989520167e-08 1.4160651599197958 0.13061517472724546 2.851321548783311 2.9749308223316615 9.253284711132823 10.46577363322279 nan 0 0.39938873171694045 0.31728133639832573 -0.5700276883116688 0.2983157152776662 10.085639203126581
2460339.6525880336 26 12 0 -1055.6467236231033 312.3455728604218 4043.617101137636 24389.916924840414 -0.024225619460418474 0.14687116692749308 0.00023446450605654135 0.0014153318912315926 16475.039655800127 0.015813950436795957 0.05484439618501229 1.6091527369940824e-05 -5.237707885400703e-07 3.6086296367894055e-08 2.0181480279400286 0.25936290804511136 0.13272324017321635 0.8309775547914697 0.08991048957014779 0.5580820851662598 nan 0 0.147707097048376 0.896814952559077 -0.882471881948118 0.7089647337131455 10.879543393224212
2460339.6525880336 26 13 0 -1090.8161513586704 488.76528924128365 649.2866437202052 1446.0372184543241 0.020914824589579974 0.0469191385800026 -3.3356192301606326e-06 9.634766267594791e-06 16592.73884003601 0.027244807245993066 0.05236246351914155 1.9376924142785353e-05 -5.007528500837472e-07 4.336421609568048e-08 1.9323790020935288 0.3331021660970742 2.94310677621555 6.780310890083628 1.0026907157775757 2.6234072639598374 nan 0 2.7959745247404837 6.731199826766716 -0.08648983718459366 2.0351352068249677 9.515581790121667
2460339.6525880336 26 14 0 -248.3148124978523 429.71409393409607 1596.615186576805 2680.3627441491976 -8.015112891813779e-05 0.008504250397127322 0.00012418572061345296 0.0002066466194682909 16704.731437034225 0.03104535243195824 0.04968311097814966 1.5863113756482282e-05 -6.858901447436013e-07 4.1845316082052025e-08 1.7432199556246164 0.2480242534933274 1.5283026041130945 2.693998723905445 0.3938021109309163 0.7229252438629856 nan 0 4.263193423791115 8.05819055435069 -0.5993339009972215 0.672728371732435 10.468541169674104
2460339.6525880336 26 17 0 -469.73973547268747 342.35814894561634 519.525100923653 125.80921331847017 0.011625176948397377 0.0039931183732086215 3.3643742708379947e-06 6.420729959403885e-06 17210.22978288032 0.016524870823370168 0.051129708092970946 2.157067598306982e-05 -6.243420227729092e-07 4.169205636423317e-08 1.9846915512158851 0.3370895241548524 3.677675752891959 1.2728752165560322 1.309353324697952 0.5575789704425765 nan 0 nan 0 0.0009606149804363989 0.24282727815948002 13.109511974160027
2460339.6525880336 26 18 0 -1480.52992988895 273.20005579279535 396.53121242678577 23.593941162098623 0.0011654057526308572 0.002769376601772749 2.0733159598780622e-05 5.878002997820377e-06 17503.540289557688 0.015909437961947038 0.05812136963247601 1.2942105686521713e-05 -5.248498028925818e-07 2.9186375479152716e-08 1.9547760201572637 0.40271926466638414 2.6069467388772853 0.3007783349621269 2.844153825021969 1.4295658047647202 nan 0 nan 0 -0.11000302338822394 0.053156091160321696 15.485597184424293
2460339.6525880336 26 19 0 -901.3981062664064 309.4646216459927 459.3587062760206 18.373683959076665 0.009643675540471405 0.0028337749675157752 2.34767775233179e-06 5.796940138888788e-06 17628.42364350952 0.016465394353332254 0.05551487104591449 1.5552958840669446e-05 -6.275072965585748e-07 3.2425582776285686e-08 1.7530596035139032 0.33009396404684416 2.8541292123470985 0.25092719530324104 1.1071753425728894 1.52163009067509 nan 0 nan 0 0.05486782083204635 0.042259597888168944 13.894210319590103

2460328.5467368485 27 4 0 -1649.0417120020309 194.33898213899818 314.4962423216998 171.68305239651556 -0.01735094983867097 0.009619805785214248 2.4798805596092383e-05 1.3994995957457621e-05 15247.917647768913 0.009633967328580541 0.048158238683591925 8.457554448997697e-06 -5.579543741716261e-07 1.745373442630702e-08 0.9114292777597257 0.14538315842294752 5.681046973325907 3.6865399472620277 nan 0 nan 0 3.955322056114557 4.126639668922927 0.10465967946236107 0.6041047216895267 8.705128313621696
2460328.5467368485 27 7 0 -2645.146874356875 255.60556682377677 789.3644544781811 351.3270078630241 0.019280757950012058 0.00816076494725454 3.7684068444815794e-05 1.7093670431239015e-05 15671.383173549177 0.01471926176783466 0.049499738098884784 1.1923136673239492e-05 -5.592975638567863e-07 1.9993500965274376e-08 1.1750223577057408 0.11372175648531299 1.8917505154515923 1.8098322738764254 nan 0 nan 0 0.6394201880359233 0.33966584192961674 -0.416646202124729 0.25982644136016736 7.136302587502957
2460328.5467368485 27 8 0 1193.6049272825535 143.91906350599922 537.2496345462159 106.42401497283633 -0.1278431166979817 0.02529800469848862 0.0004663072533252732 9.24800834007101e-05 15777.197506239045 0.0037369513313141667 0.04699001715168579 5.46550268869159e-06 -5.88578155526932e-07 9.930275453279236e-09 1.0616172452713812 0.08988886440251621 -0.04786653589067602 3.514624244311455 nan 0 nan 0 0.8339541247718872 0.21553287259801363 -0.20337326811095835 0.1582643271016111 7.587935780614244
2460328.5467368485 27 9 0 -1037.9843819978944 175.2436981703771 801.5415369293985 281.5741282634965 0.013219342167536919 0.005094571694247122 -3.0186888329765384e-05 1.148675485174411e-05 16004.564538175384 0.004716610558321861 0.05323840478288867 1.0421092855453253e-05 -4.941620562894353e-07 1.639714891569464e-08 1.1315390887571817 0.0856768682144114 4.725810371246725 2.301676906313421 nan 0 nan 0 0.44978772267824846 0.1867304322903864 -0.5007487873888221 0.17585373915198146 7.985871499767663
2460328.5467368485 27 10 0 -1518.699294860626 143.81332644228974 2337.9110864181607 1938.0797666457768 -0.08120048991950587 0.06711989606118574 4.326751454709186e-05 3.9694818934868706e-05 16118.922529453404 0.004758503848234253 0.050872085552692944 8.588027439081851e-06 -5.509944588749156e-07 1.2507437544863361e-08 1.1828592020999809 0.08160572208072796 1.554739929596092 1.5776185558830143 6.214804350266276 6.191029284039371 nan 0 0.21777828637528066 0.19536904476185635 -0.739924020300374 0.21578835187478776 6.835447820038763
2460328.5467368485 27 12 0 -1469.8125906269083 180.08556914844868 6163.05233984542 23390.893244645085 0.11777009502932452 0.44764953092785914 0.00027212072297625015 0.0010341366745116143 16474.961415991624 0.008308508964383798 0.054785528004069134 8.612185221430673e-06 -5.063998606085338e-07 1.9536459971721072e-08 1.86000076817118 0.13867724285740055 0.36130866004096607 1.3802402663668012 0.07901782886658794 0.3074318177989741 nan 0 0.09329953913326236 0.35566631004283894 -0.9152834732217204 0.32156158455655115 6.821278279201828
2460328.5467368485 27 13 0 -912.7797304911693 272.8366864274807 888.0936171710493 1216.0623454294525 -0.010727275883552587 0.014680949543614078 1.109657050951542e-05 1.5876837072655045e-05 16592.65378660494 0.0151685307854244 0.05233869597837371 1.081254785935505e-05 -5.935946777094819e-07 2.4400555400482053e-08 1.9600114519593428 0.19249769368805003 3.2415319360590362 4.56260998278435 0.9131187982439509 1.4505171153001846 nan 0 3.0684596021784247 4.416672276699776 -0.15843589131768743 1.1526895980860925 5.370379563848377
2460328.5467368485 27 14 0 -514.5182839666454 301.3619938146623 837.1409763101786 372.801409743305 -0.01214387377431141 0.005672138968102793 5.2145339874802384e-05 2.3260178944935547e-05 16704.569142664062 0.021209751698031493 0.04969336216007535 1.0260597077209308e-05 -5.954482002719614e-07 2.700678313207138e-08 1.81050873379878 0.1765438206872488 1.0911371344525305 1.021397707476547 0.9084463783072305 0.4897314337776053 nan 0 0.008449504925919449 5.350863517203612 -0.16999527943878245 0.36975542628948704 6.587257237252635
2460328.5467368485 27 17 0 -1133.0586611504782 182.0846435517826 580.3098059550543 125.27501889423445 -0.01291379887449364 0.0036941463895130717 -6.886037090638361e-06 4.089734096115529e-06 17210.044758196425 0.009397510079294666 0.051153829429721326 1.0065822731325988e-05 -6.080088322085308e-07 1.959847315900572e-08 1.3384692863551086 0.1342729090393523 4.081452268282328 1.1626816790086005 1.3895044329562065 0.4069889263903671 nan 0 nan 0 0.14373344586755504 0.24736368023867003 6.817168469183289
2460328.5467368485 27 18 0 -1352.0713194713283 138.5815903704398 549.2252748320823 15.18454350635828 0.0032786251540863104 0.0017664620836589445 -1.0275487162372758e-05 3.7024241714817674e-06 17503.182446658706 0.008400476513069972 0.05811961201927133 6.295868765907809e-06 -5.521270722521288e-07 1.428805199898753e-08 1.4363108233588622 0.14263305645562835 2.874385092265953 0.149681438025328 1.6782110707335467 0.7008823433063455 nan 0 nan 0 -0.029984953781884552 0.026898868633588983 7.185278736351895
2460328.5467368485 27 19 0 -1248.5822345849977 141.62482857207058 612.2353220800169 11.687398333312295 -0.007370007671428143 0.001963933046795307 2.3072412780734387e-06 3.993229892342605e-06 17628.193766236047 0.007200799966381163 0.055501581363282544 7.3484133659333345e-06 -6.101685263540908e-07 1.528825503219114e-08 1.2961469335027611 0.1380738415796559 2.873557944882098 0.11999289651565184 1.3420489380329357 0.7193862076043493 nan 0 nan 0 -0.019914345965940317 0.018741236475654777 7.27646850974587

2460328.5467368485 28 4 0 -1474.5024327751657 241.39460425039496 719.5668619950693 1119.2164767736244 -0.02645523406596146 0.04132050523728083 3.9200317092862395e-05 6.159979760070178e-05 15247.873312837026 0.012382227738191092 0.04818462295517789 9.068530210422183e-06 -5.013618433434859e-07 1.8898513836355475e-08 1.4727625147383865 0.18956807553138305 2.7918489046743193 4.719109193341911 nan 0 nan 0 1.8075494010532747 3.626497424908961 -0.20085114341075888 1.2437001511001946 7.249918276298409
2460328.5467368485 28 7 0 -1998.2285166208035 228.6572640231343 2422.938931637428 2727.673876673243 0.07179483231242774 0.07872196560694056 8.023758921364509e-05 8.98184321629394e-05 15671.581759773768 0.013409853887090668 0.04950812338653392 1.0297901991906692e-05 -5.670858741996589e-07 1.805203658971164e-08 1.2252146062759632 0.0989288734190765 2.553765888859746 2.943642111791558 nan 0 nan 0 0.24870828779177193 0.3013437394623067 -0.7252722525385809 0.30935996690903744 5.978805567899066
2460328.5467368485 28 8 0 747.529724985999 136.8366008123129 639.3245849390214 151.19408416406927 -0.12973278770275742 0.03062682863755236 0.000522658530489578 0.00012366351424984546 15777.264353520386 0.003425329341254825 0.04700779732422287 5.117467347646748e-06 -5.794642657878647e-07 9.366526874726074e-09 1.188336612599 0.08112557654457865 -0.04359622709809685 2.5846306306360542 nan 0 nan 0 0.6650707014222924 0.19508821370991677 -0.3374711751283379 0.15702374529439148 6.687080014302231
2460328.5467368485 28 9 0 -950.1756365882669 142.32929605443076 689.3421735994705 104.83509533107191 0.0062361953661831905 0.0021177297644227647 -2.3505100882242097e-05 5.144155273647731e-06 16004.58087913359 0.003927908125041611 0.05326101202346414 8.382338373264657e-06 -5.228026433346911e-07 1.3496057984596027e-08 1.0928417831381831 0.07653456605477914 0.10146179320443549 2.187105469945449 nan 0 nan 0 0.8454101441595813 0.17183590294694165 -0.16722895219580014 0.1272853381015887 6.600324357466015
2460328.5467368485 28 10 0 -1624.6834905113276 124.64265401491134 1393.249665456664 469.5866351114758 -0.03105648795898243 0.010877441461938288 -2.0940773100027296e-06 7.954039287280838e-06 16119.07351615562 0.004170509295064281 0.050873909456950916 7.377351965501695e-06 -5.829525668427091e-07 1.093549051892637e-08 1.1851153833992303 0.07458666496241115 4.238411581754572 2.077187418022255 4.373479564776289 5.552639234552549 nan 0 0.4498783099371507 0.17729012608322192 -0.5051598988113103 0.1670930190551986 5.899444221212467
2460328.5467368485 28 12 0 -1477.4131365442722 157.8200285930625 2868.9669078728266 3525.486374517667 -0.0038877837161298053 0.009186732225531487 6.732879605205394e-05 8.456138855737611e-05 16475.048018775185 0.007463368658970944 0.05480659018453634 7.631902397111735e-06 -5.535297084199497e-07 1.7083131337397327e-08 1.6703955906672114 0.11456224881161615 0.7113116951201135 0.9138006005454361 0.2090046255121194 0.27451311829671876 nan 0 0.2181537862521656 0.2716532385204938 -0.7695660511884173 0.28324055576811297 6.1320394850016395
2460328.5467368485 28 13 0 -908.0950863225149 260.10714414485295 912.7381684123764 979.739227999156 0.00199202025950698 0.0031746674240820693 7.98312939245201e-06 9.632106100026843e-06 16592.783953336824 0.014303214175297556 0.052332067235104 1.0349637156828009e-05 -5.295692631721007e-07 2.3502476190588297e-08 2.2423341748318135 0.21561728041625594 3.3554321511251923 3.7108850495077417 1.0254660824929922 1.291520516224069 nan 0 0.5386434087659675 1.2669595571025971 -0.1743441930387347 0.8865633647706451 4.990915590052395
2460328.5467368485 28 14 0 -149.31574695983363 240.32991881172055 1107.202187988913 539.396594948079 -0.00852878730036853 0.0047963944134251976 5.948024461464942e-05 2.887112314507779e-05 16704.72763761493 0.01694436882986669 0.04968177670314617 8.394761651595238e-06 -6.870246625260162e-07 2.20606300455107e-08 1.6563489526688402 0.13357752959172023 1.9245914361579408 1.1333146262796152 0.7034349939439146 0.39949164973910906 nan 0 3.6600657234382727 4.02303029694375 -0.33397753981820627 0.32455837973967133 5.622122083649389
2460328.5467368485 28 17 0 -966.839933289269 138.2201933729308 1112.8396280956454 189.89579560839297 0.019435259089684947 0.004259832536986631 6.450995005440965e-07 6.339822347496943e-06 17210.23340645029 0.005830676556743571 0.05115392254871031 8.96398100658238e-06 -6.13765686084651e-07 1.6720550201825575e-08 1.4781599140765183 0.10899175663525286 1.9479253313562377 0.41162225076542824 0.5727400064437396 0.14910564626168243 nan 0 nan 0 -0.4096297997489904 0.10087459511992565 6.076836450599246
2460328.5467368485 28 18 0 -1540.3366903625954 130.77945108513646 519.1674543399164 12.45937607664104 0.0001418810998164667 0.0015748738708537859 1.646279800773136e-05 3.3221552443897084e-06 17503.551005949485 0.007887041130050964 0.05813228097511582 5.996995057619894e-06 -5.24909882579851e-07 1.363180836479828e-08 1.5038499135477004 0.13900967062928918 2.9686983575480688 0.13907159620884055 1.0463151727019953 0.6344874450538874 nan 0 nan 0 -0.029294380591710047 0.023361989808125747 6.688198914858505
2460328.5467368485 28 19 0 -1250.2989075166897 141.90671752586627 612.7951546207522 10.894615729743055 -0.0006811102817194244 0.0018518053832969653 3.7173628999701957e-06 3.7991460594682407e-06 17628.41855940215 0.007267611048377815 0.05553961764922313 7.087108318289729e-06 -6.09363022168881e-07 1.4527499795814169e-08 1.3139298318326627 0.13319599185570233 2.9790149519836135 0.11413345392810466 1.1533457982071293 0.6670122799204022 nan 0 nan 0 -0.02749670219689852 0.017310310315203345 6.767964257460164

2460230.8654919844 29 4 0 -4053.4647487860457 808.6559217964573 246.7727166579053 2445.2545561341285 -0.00748873961697364 0.07430269190856142 2.0343135418929225e-05 0.00020192332894042157 15247.852888597217 0.041124106962899656 0.048178288976876316 1.4612939958239288e-05 -5.955084714315462e-07 3.2037142902003304e-08 1.6810226648281499 0.34280275314643766 1.5405545509805971 15.998574944833067 nan 0 nan 0 0.029114819573667572 4.406332821736318 0.0411939284242155 10.31871124473703 10.68686209673036
2460230.8654919844 29 7 0 -1577.9872188511179 382.8850820587506 451.517489737006 204.97126921452215 0.016003454578878036 0.00692420523560438 2.752574550695011e-05 1.2881906387460503e-05 15671.454924577885 0.022149072316218592 0.04947828906109461 1.8376592833352993e-05 -5.859568782055925e-07 3.132137232972263e-08 1.635341443800115 0.17563910175414324 3.5722514685282203 3.069564314391965 nan 0 nan 0 0.9078376856130178 0.5135892018120403 -0.2811411494124341 0.32673283027966865 9.184726642513972
2460230.8654919844 29 8 0 868.5476969160733 217.75318106116848 302.69339707952446 90.53936456556428 -0.058656041407903765 0.01754477151806219 0.0002532511930975697 7.577476838618474e-05 15777.202865121659 0.0057182640959196306 0.04698995173692999 7.92439818186858e-06 -5.544192847263543e-07 1.47531853562102e-08 1.3350663695507718 0.1321872975985886 0.7749063254279871 4.463764791314567 nan 0 nan 0 0.8428793988806127 0.32605853367682963 -0.19104932447152853 0.24258712070231617 9.968943059956805
2460230.8654919844 29 9 0 -671.3583304766902 263.73446652966334 404.38369312471457 122.28996304736594 0.017844668061706228 0.005467388520461843 -1.4407148961778106e-05 5.590006519103236e-06 16004.619461585009 0.007304919357010555 0.05322483170708609 1.6084195352184387e-05 -4.829948045464829e-07 2.4159383612827644e-08 1.2872423396398773 0.1344008560684458 5.147338340942287 3.7901248399112353 nan 0 nan 0 0.7807190944618707 0.30788860657751105 -0.2105978595138041 0.2397273716034045 10.940013467360483
2460230.8654919844 29 10 0 -1848.493989134993 205.79630342863834 455.94788354399805 107.8751654522981 -0.013136094012245086 0.0035665592279584516 5.249975096351748e-06 4.0900003443920265e-06 16118.958577389807 0.00668241085658851 0.05088053483319664 1.1925007890623778e-05 -5.643154066723332e-07 1.9141533248123334e-08 1.4250905744769053 0.12524834263910029 0.15356210569476358 3.979158499002525 0.1539537058275129 13.327299556469681 nan 0 0.9466661588150467 0.2980151940357913 -0.16135715907468917 0.1992170170070914 8.797371663329992
2460230.8654919844 29 12 0 -1531.1870290764523 267.2892590487404 576.8741491223961 318.2276380596836 0.018981395666421277 0.010889042058182764 6.098289061960573e-06 6.1954943809191025e-06 16475.02361738011 0.013727447219870858 0.05481584656587729 1.4392380317902942e-05 -5.65041600901452e-07 3.125139946123818e-08 2.050227561428492 0.2312130278747933 -0.028428556740676292 1.6758466408969825 0.7686949728081542 0.5365211784465564 nan 0 1.447659813141177 0.8615829064603223 -0.1720526244807554 0.4571366507703756 9.798227346978985
2460230.8654919844 29 13 0 -2072.9124920951895 340.52859430387 608.1749894953782 894.7504371815776 0.0047146127653566305 0.007354982701387197 1.3055813458928822e-05 1.966145094553707e-05 16592.6336655526 0.018459100408710533 0.05231222343606087 1.3380393845859416e-05 -5.582807569920879e-07 3.0177512219601415e-08 1.782816910891949 0.22150865716097493 1.210694209827379 2.010227008564442 0.9796914382078468 1.6812252908697962 nan 0 4.846401296238097 7.42069429126427 -0.14297589405243652 1.261229934748754 7.2346698424132825
2460230.8654919844 29 14 0 -823.0203953695384 356.14577306388816 597.3596531483444 279.832669565585 -0.006763374345128939 0.00360667566463985 3.872234001973151e-05 1.810511131982891e-05 16704.58712002289 0.024641690947711237 0.049673059300718664 1.1988406751869167e-05 -6.579136697218106e-07 3.058781871588549e-08 2.083595044695706 0.22527333354425036 1.0769511628931896 1.2520054573835842 0.9473916690287747 0.5441255317340564 nan 0 14.734236847808534 8.891073761842325 -0.1975448763167296 0.3760436949366797 7.497883270336812
2460230.8654919844 29 17 0 -1320.8846938298987 259.7661019929633 692.630915610304 662.1524289669572 0.007287059918689429 0.006927853961888517 -2.0608384651692656e-05 2.0664786157212026e-05 17210.077489678355 0.014187063604469797 0.05112849870530014 1.3044468210361084e-05 -6.358999713337241e-07 2.6358312044992326e-08 1.628031670051115 0.1793524297996498 1.0526951769657837 1.1533515021514351 1.2704119482968586 1.2675404357473437 nan 0 nan 0 -0.13511550665353192 0.8271968749351806 7.8153633988611695
2460230.8654919844 29 18 0 -1869.7731712569623 152.5596343871319 580.4469399720201 152.43420670654865 0.00904939312024546 0.0034560556608304177 -1.7996419095167962e-06 5.179038667865958e-06 17503.19672653622 0.009501817667578669 0.0581070156214105 7.988129194836965e-06 -5.525200963240078e-07 1.8129814235491727e-08 1.4948948640211892 0.18129180862641428 0.4751088121600107 0.1582239305046237 1.3476481326433813 0.612835097812746 nan 0 nan 0 -0.4770595897569629 0.1375421540570642 9.489856821895232
2460230.8654919844 29 19 0 -1851.8797445883379 180.83240979307075 412.6045803304316 19.015612917372586 0.0052733234245519 0.0016400336071911788 -4.805738674078213e-06 3.3954829996453584e-06 17628.204014551822 0.010459411229429796 0.05550249939883814 9.55767578998353e-06 -6.209115540194087e-07 2.0246685099092268e-08 1.3733973608506604 0.1628920232860171 0.943670518567726 0.07856635924508973 0.2062323394124841 0.8109930118762778 nan 0 nan 0 -0.0675101780265459 0.043180620846891234 9.015281614480296

2460230.8654919844 30 4 0 -2337.099335859534 456.6897632486593 589.7013462139412 4204.617664832205 -0.018674092172225657 0.13331439987640964 3.2267794618635256e-05 0.00023051039071997074 15247.955650275166 0.0230068552671429 0.04817753907238689 8.61503960862788e-06 -5.212917573386833e-07 1.879606194764701e-08 1.7388448591116465 0.2053495258127383 1.2904391801078106 9.592365711967739 nan 0 nan 0 4.639717015657933 33.57967699737356 -0.09351048729727249 6.464228733864469 6.181602510700794
2460230.8654919844 30 7 0 -2170.1535218080953 225.9727870048632 886.0363071829319 282.74561922458315 0.033913231804164466 0.010350636508115258 4.487914356829818e-05 1.4759493824134629e-05 15671.556216420351 0.013431878946525585 0.04952285722643905 1.0518869146484874e-05 -5.82926662099839e-07 1.8656846847659368e-08 1.5048214603862573 0.10273603185217048 1.2676344533969957 1.6671916726998381 nan 0 nan 0 0.8148175591959383 0.31838585208669995 -0.24770927273099694 0.24030148703467807 5.40643476138734
2460230.8654919844 30 8 0 1036.1613701233587 146.634768188559 540.7377702962768 105.83085633702473 -0.09198707995613985 0.01801572252561316 0.00046886022539009014 9.177056436934418e-05 15777.28751256917 0.004032313006497318 0.04700007989886361 5.4709042874453195e-06 -5.927866861506985e-07 1.0396164438406995e-08 1.2931771481112682 0.09349167011349185 -0.0073584103148983115 3.3349024712895274 nan 0 nan 0 0.9014642479776939 0.23173738931984042 -0.10538218805002723 0.17553832456403123 6.731472902627625
2460230.8654919844 30 9 0 -780.8306374539592 167.1195341998783 587.764536565509 89.64522692384946 0.011136086862207817 0.002342354730033702 -1.9838777633657448e-05 4.601882538824783e-06 16004.63167562386 0.00441672811426228 0.05324343978368753 9.942660365135984e-06 -4.650090108089989e-07 1.4904664804761787e-08 -1.2235848903240705 0.08472338804635998 -4.052306175510751 2.4209921219662704 nan 0 nan 0 0.9306434488741 0.19299532124790644 -0.15816478958813102 0.12908545852435951 7.126540492627294
2460230.8654919844 30 10 0 -1760.850231997893 119.20402582044308 1019.7472331067677 201.95959329899006 -0.029831791962975966 0.006339749658015871 -5.839591752292098e-06 5.434753804538884e-06 16119.11940760477 0.003912222441788689 0.05088517034430779 7.087714355300448e-06 -5.621637699262215e-07 1.124251363038639e-08 1.2356031798264082 0.07182525510853036 0.447877992833632 2.043269326878082 11.15744099521557 7.280161595241398 nan 0 0.6932292344362924 0.17164582490783523 -0.30851241254943296 0.13735376191541013 5.535005398742459
2460230.8654919844 30 12 0 -1393.6218584845706 141.44017820949944 1551.0395529700602 742.7965672851393 -0.020315001993524952 0.010269864741456842 -1.2545236196631738e-07 7.94747493799144e-06 16475.10639989632 0.007257817889406964 0.054815698106894115 7.44709864673149e-06 -5.648172734643186e-07 1.6603179955841354e-08 1.8776769263358533 0.11203076440528206 1.9943357795205316 1.1175696018347703 0.44145397983617524 0.24284528437457512 nan 0 0.6228623478856694 0.3098568460503745 -0.5296728235045054 0.22535567105230592 5.514593679815402
2460230.8654919844 30 13 0 -1293.4524452884111 198.9844927917433 1695.0905167232543 2874.88395809669 0.0020191098200854577 0.005155572673078262 1.0978277447117937e-05 2.0130826177021214e-05 16592.805725793023 0.010890425469080506 0.05235425332676579 8.255354022625952e-06 -5.752343984481436e-07 1.896750032788765e-08 1.5732930407117929 0.12197870138819421 0.5125097490510896 0.930080898993067 0.5213324446785378 0.9627411061851062 nan 0 -0.5317173124027071 1.079678189192947 -0.5003632573362626 0.8475058557751488 4.614272764053796
2460230.8654919844 30 14 0 -551.6872261814875 221.16895634707177 645.8664846885981 101.47137940416344 -0.006821602838481494 0.001860811428701701 4.857755932505914e-05 8.019400847640229e-06 16704.733267568237 0.015071292986400685 0.04969706314338181 7.5838308468848864e-06 -6.466495357660366e-07 1.9210594473207323e-08 1.817721042184821 0.12664933171125578 1.1930675471723853 1.1521052507228615 1.6936940372250984 0.3720461519765875 nan 0 0.04095106885636923 6.162159049137132 0.22580667515515732 0.1927220440918514 5.037567129619027
2460230.8654919844 30 17 0 -1552.5717139585106 177.37852906714684 1189.5223853562509 1055.4320225264187 0.03240459491637901 0.0282843320725016 -3.933785342915374e-06 6.968966518915539e-06 17210.26735036326 0.00967739737902282 0.05116594749451857 8.891894960106237e-06 -6.254843452761609e-07 1.8225405993633594e-08 1.7581872383234174 0.13037426669645394 0.7680444580665587 0.7525114545857152 0.7408008847745161 0.6756252457076153 nan 0 nan 0 -0.36997943220441915 0.5591716027225128 5.220352700193877
2460230.8654919844 30 18 0 -1774.0434188974623 105.39949384473915 884.2635527855789 125.22663688276327 0.011848009700416787 0.00319956673903077 4.0721862297717854e-05 7.897466377274865e-06 17503.59990950933 0.0065898871032325215 0.05813234182089509 5.42146729187869e-06 -5.554329535689438e-07 1.2324833398531016e-08 1.2873965810395875 0.118004291978927 0.5638436448357256 0.10598814723770564 1.4109935942040441 0.4331994151283208 nan 0 nan 0 -0.4031093554198976 0.08468964631389816 6.79081391410971
2460230.8654919844 30 19 0 -1844.5405210743197 121.21637334762903 677.3284739856408 21.147933876322902 0.009693802015371017 0.0018717394067598939 1.4222663903949833e-06 3.914958395547379e-06 17628.474910634104 0.006994444583096556 0.05552477829988798 6.452277040082841e-06 -6.217594205268999e-07 1.3928237010028836e-08 1.2251001578100837 0.10543740154777918 0.949049626452945 0.05430296726359403 1.6974855912612452 0.5619026375869931 nan 0 nan 0 -0.06004996414138289 0.029488193373347557 6.192785153975607

2460280.809733499 31 4 0 -2947.344100788925 480.00107062220815 481.41279027451475 4033.3781462014967 -0.01623190457759046 0.13615300252068313 4.768543621200694e-05 0.00039978505981143797 15247.882289931726 0.024620250035346243 0.04818625717190289 8.024112160503048e-06 -5.046334447768402e-07 1.7695913903500584e-08 1.4788298682587349 0.1689243860124807 1.182909623219727 10.304815047423372 nan 0 nan 0 4.069155529477352 34.60770291435824 0.042836119571487745 8.738062826006766 5.881312209236338
2460280.809733499 31 7 0 -2445.263797493841 185.53048539594485 884.760119164188 231.52877833749687 0.03048842350524371 0.007598573658626801 4.551466696447595e-05 1.2325016741938964e-05 15671.369713330003 0.010817021471220902 0.04950516617832459 8.95354827015652e-06 -5.632444397540244e-07 1.5220576066941945e-08 1.2913600414535573 0.08775776449892847 0.9609046005895573 1.483731190947225 nan 0 nan 0 0.8489121863398933 0.27573844065594566 -0.24604378007806454 0.19749756858075465 5.115340845431641
2460280.809733499 31 8 0 597.4865311599684 108.7858569445815 1456.0128605012374 599.6113728761057 -0.31668284221496895 0.13027908894034584 0.0012187305775825557 0.0005018233738054452 15777.188476649117 0.0027411150896528573 0.04698374116969636 4.2020507866775865e-06 -5.930588407661322e-07 7.446149542133161e-09 1.135111929732215 0.06257972642778216 -0.36404874665024456 1.1453635028389137 nan 0 nan 0 0.32785947812806404 0.15095868361010814 -0.6280901524337349 0.15331977004408331 5.619055085543421
2460280.809733499 31 9 0 -1428.8996478201666 125.60769571671285 1127.0650175393932 264.9159101025675 0.029298822284240758 0.007006601334348678 -3.6247786937263834e-05 9.707017272919201e-06 16004.58136648829 0.003340937779398121 0.05321814498314618 7.409146094888383e-06 -4.5976872059705956e-07 1.1196096791825514e-08 1.1527391660479012 0.06092961785975854 0.7393607393546201 1.1038565344778635 nan 0 nan 0 0.48342056733470395 0.13591240755796752 -0.47432771243290406 0.12390569461652047 5.494957720181978
2460280.809733499 31 10 0 -1864.8305753189247 104.78412431981978 976.0900913914764 146.57615329193277 -0.0278372804575823 0.004720154317877724 9.165261687755839e-06 5.249142593296187e-06 16118.925745070052 0.003559682712135054 0.05088944069838124 6.413747550228994e-06 -5.240668119640168e-07 1.0366459823861501e-08 1.1437407295546802 0.06825126735542414 -0.027815776997579533 2.3167480975072934 8.843245714276843 7.430398303403671 nan 0 0.8288442191454614 0.16233656816991124 -0.21752206878208533 0.11793739408267695 5.3333052015585105
2460280.809733499 31 12 0 -1797.0303388360596 130.2393112480278 4518.601997454271 7052.5226267053185 0.10229165848556708 0.16035009968824324 0.0001955955735928869 0.00030611954612102057 16474.99335607765 0.006569774195617079 0.05479411866464388 6.840632587394253e-06 -5.628694548206174e-07 1.5311712000566744e-08 1.8542672026426812 0.10315419658984823 1.0921802275104169 1.7288652286041268 0.14018829886690376 0.22868258621889356 nan 0 0.21387873069122956 0.3365922601569768 -0.8380463430897959 0.2528163059756424 5.1048526984157165
2460280.809733499 31 13 0 -1863.4154819394503 195.19586294236353 1103.3543514251842 979.7002408155743 -0.008200225113409792 0.007471376351856211 2.656686697271345e-06 5.082319943604011e-06 16592.64460622357 0.01062250735618845 0.05232584048281091 8.172941083680214e-06 -5.69640528357457e-07 1.7522437618753892e-08 1.8161650331725787 0.12931131322527648 1.0195035114548952 1.0561853056650472 0.9491839200683203 0.9757496995507615 nan 0 0.6229943985013154 1.1323659269659745 -0.14228370160680506 0.761783289861517 4.164164239684858
2460280.809733499 31 14 0 -860.8438488738924 213.10670952364347 1127.6026389991002 290.30891742569315 -0.0205054687587601 0.005489632227490453 5.75779915817673e-05 1.511742082779851e-05 16704.582121236323 0.01422803184721085 0.0496684586003299 6.950819019122722e-06 -6.929605055268565e-07 1.7025562988029088e-08 1.7988756396632222 0.11869872259722679 2.238351394231232 0.9147207887384758 1.0155179386743678 0.32287810223562624 nan 0 0.07766752986858139 3.668352431320971 -0.16209865608049498 0.21580799303668205 4.57772130672919
2460280.809733499 31 17 0 -1263.7213412691644 223.40888177017484 1168.2975151182077 1148.287040124615 -0.014231463193122877 0.014837712441845239 -1.2865655029905259e-05 1.4116256158287617e-05 17210.04820274859 0.01212801184678542 0.05112829388512134 8.81186661032188e-06 -5.751457569239784e-07 1.899332234580498e-08 2.012126173205854 0.15863882682906602 0.8617352803983994 0.9417230738748799 0.5817513382112958 0.593537282153285 nan 0 nan 0 -0.19354966369990897 0.7928332274137788 4.998463437663632
2460280.809733499 31 18 0 -2300.8968436174187 104.84760100756705 2358.4635429231053 1208.5787575151912 0.032704546365315106 0.017738263799592802 -6.808576183324475e-06 1.2355081113997298e-05 17503.156460323764 0.00644874262661515 0.058107309515706404 4.722160024141021e-06 -5.429348551944317e-07 1.055958782774692e-08 1.6734694770168332 0.11306053778453015 0.18989500075211002 0.10716014260537862 0.5122946805896315 0.30887540833887384 nan 0 nan 0 -0.7165044177848615 0.14533110445651162 5.306806963119369
2460280.809733499 31 19 0 -2107.9602523538833 123.83874946527773 930.9365754231451 45.735690415323845 0.0007703871372687333 0.0022213146542920774 -1.4513933276238739e-05 4.67053568670257e-06 17628.160545067283 0.007046332877245663 0.05550296164952925 5.74343905407688e-06 -5.994286347039452e-07 1.2087567617891496e-08 1.292849963805198 0.0998857984711456 0.6097834881540697 0.04849848767084604 0.7707799568507888 0.44177899857936975 nan 0 nan 0 -0.1633793945439139 0.041259839765040655 5.444190407544925

2460280.809733499 32 4 0 -2986.3744960565177 561.6880826160495 708.8000153605719 12566.66332348141 -0.02389136378296085 0.4237720107994788 1.993458493924143e-05 0.00035383034494331146 15247.898632077184 0.0289919560727298 0.048189959546014745 7.648627116754648e-06 -5.188460059928429e-07 1.6863241137860526e-08 1.598860013944644 0.1717576390942096 0.720033948707442 13.07604208366126 nan 0 nan 0 3.0520839855721316 54.59345334922503 -0.10710476757480586 15.831319088012073 5.280912181906982
2460280.809733499 32 7 0 -2686.054721836971 176.0378210263854 1277.6831574988885 402.7416345258301 0.05014596828689922 0.015112052053317053 5.6679179055742696e-05 1.8307566617346622e-05 15671.500161329652 0.01030428434304178 0.04951237943591663 8.56952367075219e-06 -5.723375436133591e-07 1.4635512076772048e-08 1.3259912624828105 0.08482028720509233 0.8020030267740376 1.265045283184886 nan 0 nan 0 0.7193285140983501 0.2716606607827609 -0.3309479512827169 0.21106738351230087 4.7878915885335465
2460280.809733499 32 8 0 1042.8382555576534 102.28920670891918 2158.249861579274 932.7129090636588 -0.39344076205371636 0.1698316810487542 0.0017500338225561215 0.0007561687361970107 15777.25430769451 0.0025497129913533245 0.04700148932316264 3.881702396268339e-06 -5.987117604884901e-07 6.9390720884706035e-09 1.1992475710090078 0.058184431360876525 -0.008994369811884834 0.934884222307949 nan 0 nan 0 0.29402315874492213 0.14041834021092867 -0.6577068068668506 0.148055675568286 4.987117546176241
2460280.809733499 32 9 0 -1233.2280265161776 117.67855533814213 1427.0197881548722 315.8282217632709 0.02598544435836623 0.0061628865950345765 -2.506828216879867e-05 8.186365917157125e-06 16004.57547639978 0.0030792238606418753 0.053239121661250645 6.8910221379081226e-06 -4.795175982685001e-07 1.0375553985071565e-08 1.16807686843717 0.055914964417858065 3.1992482636216013 1.2394379358855465 nan 0 nan 0 0.47691640254339673 0.12566626086423088 -0.487330794811371 0.11378223360880653 5.127614323118222
2460280.809733499 32 10 0 -2063.773258959358 90.75032865078198 1140.3288772624255 142.93739630783188 -0.02466045820933333 0.0038803801382817893 9.943967832823354e-08 5.219277440386226e-06 16119.076140649518 0.0031522304104655468 0.05089763646704633 5.5898157177930714e-06 -5.571962505536688e-07 9.084790512050052e-09 1.0748782688055432 0.060629614440249974 0.03198348721797889 2.1341964551948194 11.726252410333567 7.12570782348561 nan 0 0.8811070964558194 0.1462672616378889 -0.16215435528161906 0.10543182606639188 4.766855786713174
2460280.809733499 32 12 0 -1960.3250969771811 111.28340206074262 6105.686307138433 8853.570751248508 0.032693207750790626 0.04948327032943717 0.0002001253822161926 0.00029145624886571655 16475.055207793503 0.0055593304379585205 0.054810777071701976 5.9293140243793735e-06 -5.742209602225949e-07 1.3216084535607862e-08 1.7612413681804395 0.08539244553420973 0.7510309226262274 1.105050254434614 0.1279977599220607 0.19320585717107835 nan 0 0.19163179130340913 0.27990238278587104 -0.8577418467687876 0.20631326917735576 4.58424536966186
2460280.809733499 32 13 0 -1523.0909124081286 203.2409069728698 1532.819715902575 1774.6432489060749 -0.00705586515228516 0.008458083495959275 8.352400488939818e-06 1.1217664470752617e-05 16592.76418570267 0.011305955349508364 0.05235836486446541 8.077381790399724e-06 -5.534064505837544e-07 1.7039383856057733e-08 2.148096606334 0.1518623895406206 1.2548266736615843 1.5231896979657094 0.8017261637344716 1.0462650943912273 nan 0 1.7068330017108497 2.1513091231311354 -0.23503646996051003 0.8858201785060906 3.8144831569666806
2460280.809733499 32 14 0 -1046.3478790837983 209.62476322436888 1220.5229993286082 331.5443063274663 -0.010291903915906455 0.00363657867325639 8.09191899958176e-05 2.19876118228652e-05 16704.69961781157 0.014024903711971567 0.04969063838189614 6.729153934231412e-06 -6.786976595837848e-07 1.6749120197187376e-08 1.665836893960166 0.10881814176085935 0.4736966088193993 0.6715135675659474 0.9617728626062939 0.31978281504762807 nan 0 0.014644492781450857 3.6660492767239834 -0.17517518853751785 0.22413946103825527 4.535093659297583
2460280.809733499 32 17 0 -1415.3767039746006 206.7590646392533 1262.6973045278148 1482.4845425571023 0.02335167232239639 0.02694970533824796 8.914725805783652e-06 1.148724294841601e-05 17210.21595037427 0.011327167292516665 0.05115306459921937 8.135430592218164e-06 -5.867752888582364e-07 1.7735776979724873e-08 1.880612144735686 0.13541407068006958 0.7068881798311095 0.907682279033642 0.7114071045018214 0.8552139008950682 nan 0 nan 0 -0.27072147939014624 0.8564033872398897 4.679467741334435
2460280.809733499 32 18 0 -2141.759737217241 102.27051931514039 2339.2120163893096 1050.3053533533543 0.009302008053388072 0.006858666137942146 7.732094587682397e-05 3.60138864700218e-05 17503.544176734413 0.006317805311876854 0.05813578016131733 4.579775794154755e-06 -5.631655230480523e-07 1.0265716371675895e-08 1.7375469791547595 0.11181812399643529 0.20970543640025463 0.10466749968232568 0.5629606922538876 0.30447452546190673 nan 0 nan 0 -0.690228912723555 0.13915557561851746 5.1056750266733
2460280.809733499 32 19 0 -2140.6750234504098 124.1583751687805 995.266880760958 50.546393843061985 0.009143995666278902 0.0023442280598122375 8.555400388990575e-06 4.910141374693497e-06 17628.39085710101 0.0070668255013986115 0.055528996537635524 5.790276054271863e-06 -5.889113973463273e-07 1.2118814257273676e-08 1.4522511049196232 0.10325708173536206 0.5877239801349288 0.04794859522808444 1.2216786201734287 0.4319337352730496 nan 0 nan 0 -0.17695731202372345 0.04195635113647128 5.2694437527314815

2460285.8032772676 33 4 0 -3443.470029706436 544.682917244303 503.6194042706304 6469.162573162491 -0.01728190181920629 0.22221792134361998 3.5059224248071885e-05 0.000450629295793392 15247.852896811508 0.02823575725149706 0.04819409905764101 8.400151572805133e-06 -5.213884094770778e-07 1.867293139835225e-08 1.6429595404501018 0.1933848577948 0.9635071746687716 12.795699029458573 nan 0 nan 0 6.633434841018893 86.54861719192263 0.06506012719364657 13.68216106750882 5.901244057295783
2460285.8032772676 33 7 0 -2492.4380143273474 177.42454341633092 800.1623265296698 184.7972626579407 0.02391114414575549 0.0052830469148225975 3.0521180006069615e-05 7.759869311455606e-06 15671.404381965815 0.01033570521837577 0.04948602642341676 8.487354463339928e-06 -5.677002189583031e-07 1.4496456111260404e-08 1.2212533030048864 0.08340892037725274 -0.006534242828472481 1.549456481345213 nan 0 nan 0 0.9283505674494023 0.2710695213157204 -0.17675995436556804 0.19033810891371392 4.95710192305842
2460285.8032772676 33 8 0 1290.7927435100014 111.93526651140921 1143.730660588932 375.2579499348718 -0.2529598774553308 0.08287895245566038 0.0009473909000674577 0.00031081169420119363 15777.206650293672 0.002802343568365059 0.04698347412078163 4.120797308483489e-06 -5.957853129841536e-07 7.37082529693237e-09 1.1413809721463424 0.06343412557075372 -0.06834602830377257 1.4009936415813806 nan 0 nan 0 0.40549116007237673 0.15257451085087229 -0.5464204980178146 0.14900716035601896 5.574858045503217
2460285.8032772676 33 9 0 -1431.7660798395978 134.31638096889682 1173.7473143853208 333.90558609901694 0.024403641155619105 0.007160997623329114 -4.20151943111861e-05 1.2873021675241636e-05 16004.599750600992 0.0035715625627570904 0.05320779724869771 7.917312581167072e-06 -4.5619019710021986e-07 1.195662994220306e-08 1.1434043081986478 0.06396485678262308 2.284007421076341 1.2648327876346808 nan 0 nan 0 0.42420822500767585 0.14127260658334412 -0.5186210222376283 0.13727765665157185 5.893664782065062
2460285.8032772676 33 10 0 -2188.144940329874 99.21187120569427 976.1805904319205 159.1795179669488 -0.029532841645725137 0.005267458606868414 1.2361674686039568e-06 5.111502951759277e-06 16118.940347805192 0.003410957614336337 0.0508703348889151 6.098098379109219e-06 -5.525538695001154e-07 9.815418124926332e-09 1.0193890400825523 0.06402889893251458 -0.03134735134700417 2.087784781708801 24.51796136475233 8.106967994588848 nan 0 0.7338719388975105 0.15303056161467396 -0.2725588904434119 0.11902726143358856 5.447515018639474
2460285.8032772676 33 12 0 -1926.2192962764818 135.13338563004098 1805.401836740158 988.0845989014223 0.03807427728625108 0.02136515827431133 7.010753480487085e-05 3.939880281554787e-05 16475.00215393593 0.0063957994390317525 0.05480140499337199 6.8287719126802584e-06 -5.639794190779738e-07 1.5267592031433678e-08 1.8918367720821931 0.10461434213790369 1.8812427727024836 1.114594099888361 0.38246797541860433 0.23542633392645074 nan 0 0.5167136336357231 0.2899040593306276 -0.6160220949703831 0.21024906337568186 5.207056284998207
2460285.8032772676 33 13 0 -2040.6027384156084 218.6492944411636 1129.4782558037066 1131.0773539806162 -0.010311266519599441 0.010423856877552158 1.1947091201460628e-05 1.283737592540443e-05 16592.64143601766 0.011992838244613327 0.052329407921030247 9.022311804528761e-06 -5.649086029433889e-07 1.906667513394912e-08 2.1549896856387334 0.17070654059377094 0.9038328372286883 1.0620052152006223 0.9772883021354434 1.1271821803456834 nan 0 0.32572010494440073 1.0952573513461215 -0.15526415854308995 0.8461549247812197 4.3161997219901735
2460285.8032772676 33 14 0 -1138.5815297553763 240.28569917989046 1454.5939469880352 692.5739045804603 -0.023970166894576487 0.0113400052153685 7.240692060475337e-05 3.427370698631894e-05 16704.578852519546 0.01626774304498775 0.04967209551666341 7.589342477507032e-06 -6.642848770005038e-07 1.904229290625107e-08 1.900226366067552 0.1358455541197789 0.19789918764720624 0.5004247049179941 0.6270884707311957 0.3408687235649473 nan 0 1.9909438706686389 2.75500267400472 -0.4343744007943623 0.269370511348506 4.856343018769219
2460285.8032772676 33 17 0 -1543.1422529879228 255.2491804404728 1093.8449984464537 1600.680142674928 -0.01805290634549759 0.027106356191669786 -1.5728370439320192e-05 2.3928556847812146e-05 17210.052849602478 0.013856567480484382 0.05113408245507288 8.916332133657068e-06 -6.020533023483155e-07 1.921740729727751e-08 1.9255393876558582 0.15713399561941374 0.6921212355140671 1.1048166295496036 0.5548501746442198 0.8315420166437933 nan 0 nan 0 -0.214945011332318 1.1490206302088002 5.068025293905117
2460285.8032772676 33 19 0 -2248.7979729613053 146.8230369601833 1123.516061853749 88.8464668885903 0.00302064722168583 0.002725407291220064 -9.019838835353939e-06 5.7013833290033315e-06 17628.17128825286 0.008389108256938754 0.05549824624187455 6.120802802560166e-06 -6.168152968117808e-07 1.2692307374443907e-08 1.5135008200084863 0.11412728145742512 0.45867465995775486 0.054080253161172 0.24214841203551732 0.43947617551490215 nan 0 nan 0 -0.20437819077572486 0.06308365075665406 5.506205517957899

2460285.8032772676 34 4 0 -2324.64411269675 664.3555590933576 841.8005731620987 18056.96023038728 -0.015497878130261017 0.33270735320102035 4.99453126669387e-05 0.0010717957230616435 15247.95600649433 0.03401399439683886 0.048179378027925684 7.710071221946352e-06 -5.503015529613961e-07 1.7397211362526043e-08 1.9276782216706791 0.2088843693193374 0.6755506938746421 14.81582570518326 nan 0 nan 0 2.970803493435991 64.22079169367548 -0.08758234740673689 19.572498436483528 5.1116955856487944
2460285.8032772676 34 7 0 -2322.670263081384 185.3987606823496 1779.7649117616304 812.8385829657728 0.057531713107816296 0.02524992143313382 5.061226264146582e-05 2.3862797387616273e-05 15671.491232035323 0.011075613307366282 0.04950331022180445 8.853329498071771e-06 -5.666522937460781e-07 1.5480455431667746e-08 1.4130471440882233 0.08745429985215776 1.7322923563961032 1.236137783186869 nan 0 nan 0 0.5070815092809742 0.2649683722578533 -0.4853177476605044 0.23519617995554465 4.760425302583485
2460285.8032772676 34 8 0 1142.678721460585 99.92158508578238 966.4347399396687 169.20661122509472 -0.1810825252357295 0.03168344179270615 0.0008026030110002082 0.0001405790444965797 15777.266549849159 0.002635536293824416 0.04699436540046363 3.704499781990919e-06 -5.931806383138332e-07 6.8317164532831255e-09 1.06432443263609 0.061500455229633266 0.005496456052462267 2.0190386415060164 nan 0 nan 0 0.6819256861796696 0.14902697476533444 -0.286935798038239 0.1251107673297563 5.100393901549194
2460285.8032772676 34 9 0 -1164.1041367252062 112.22683469339414 1436.118057327784 311.9920625916759 0.019050583383357654 0.004873825851583722 -3.7350464389622277e-05 9.939680737914515e-06 16004.599329182143 0.002977620505624049 0.0532406859259355 6.551795098702416e-06 -4.65463096521038e-07 9.90605667064292e-09 1.077940485773457 0.05511010764032135 2.690099304464706 1.187751710348738 nan 0 nan 0 0.46821707993081313 0.12105014343058772 -0.48330594236401586 0.11256047743187825 5.119399283941335
2460285.8032772676 34 10 0 -2227.6413306313393 90.58885211356382 1349.087343820618 201.5889144814813 -0.039204610027258065 0.00641748582401698 7.759622292787776e-06 6.299294592677538e-06 16119.077316068793 0.0030800569821895414 0.05088948967187791 5.564567778668555e-06 -5.480411748110603e-07 8.89123442555901e-09 1.1001170573260786 0.057485886009481534 0.10427656564194698 1.757064906907424 0.005502200153840141 5.686313893332221 nan 0 0.7193319061802398 0.1363143292723377 -0.29755352106631733 0.10530777490327156 4.728426339997501
2460285.8032772676 34 12 0 -1741.6976437957792 119.58177636804133 3409.5494890449245 2780.89066122975 -0.0004886495889320371 0.0074179489390535066 0.00012660453719753837 0.00010443542585442345 16475.066159820293 0.005638544649546256 0.054813980133022924 5.994575185908692e-06 -5.674004393267984e-07 1.3437881644912984e-08 1.7715495982270648 0.08867292627656338 1.260684385886717 1.0667008634323552 0.2344884074030216 0.20565242652529506 nan 0 0.35822376335092015 0.29654766781905517 -0.7520237317519746 0.20229990705138173 4.81162497507957
2460285.8032772676 34 13 0 -1703.327514031315 220.06823913628523 1442.316555917447 2307.4223056409824 -0.009614719464770828 0.015420813684916093 7.557143433109628e-06 1.3205179249915354e-05 16592.79811500664 0.012427148190320493 0.05234785882129948 8.261958451423743e-06 -5.665944197141148e-07 1.7337270225637313e-08 2.222987536014936 0.16902103394463083 0.6539542800088707 1.126449451883832 0.694951860704964 1.2266437052524184 nan 0 1.20596162692425 2.092972695877176 -0.2805551994870285 1.1511395614608033 3.8558582194916915
2460285.8032772676 34 14 0 -1192.1808726163804 201.97689950843446 1425.5002014696704 464.8615805163038 -0.01411318196899465 0.005141599651107423 8.412561110685736e-05 2.7351637358676734e-05 16704.69973135728 0.01362760027215658 0.04969945009681872 6.5291022771761706e-06 -6.613150441722149e-07 1.631778802442109e-08 1.6683219854311493 0.1060018615007187 0.7747674954693601 0.6015314482952004 0.7966372019832842 0.30780760909889 nan 0 -1.8726526509084627 3.086615844664639 -0.29278858503105426 0.23069430237471128 4.412862489054286
2460285.8032772676 34 17 0 -1578.0281807316785 228.81450737557407 1142.626282627881 1486.372172494468 0.0249149406959166 0.03197460012295559 6.578946483902786e-06 9.608351519079914e-06 17210.23448984899 0.01241456881851378 0.05115634150402194 8.238261936763566e-06 -6.255718462544118e-07 1.7865141850293985e-08 1.9025335455726613 0.14175098862533417 0.6925203455704154 0.982767661780412 0.5440177380425109 0.7242639884976708 nan 0 nan 0 -0.23471960411118645 0.9956858174103156 4.693033876723927
2460285.8032772676 34 18 0 -1967.2170787503119 108.6237757228666 6280.082750050689 11927.540877948946 0.012321795168639611 0.02800484663525785 0.0002634697147424242 0.0004997153474812133 17503.5699191683 0.0067751502382549355 0.05813133033874746 4.7868483756690835e-06 -5.552553048660893e-07 1.0643625157863662e-08 1.5431793662745357 0.11173465591382238 0.05980764339448528 0.11726255516756326 0.2556158408522458 0.4901470725920107 nan 0 nan 0 -0.8924556724120397 0.2042800974436432 5.335726140615741
2460285.8032772676 34 19 0 -2013.7353286454572 130.34504247239215 908.8960180473135 51.37899573987731 0.005740263290972661 0.002206851611075019 -1.2038415325733194e-06 4.6119612582182735e-06 17628.413366231583 0.007386133681531213 0.05553008822581243 5.775213664176724e-06 -5.958663229848404e-07 1.2116454315360684e-08 1.2419704203057838 0.10049842191161101 0.5498878716706838 0.04909357195398022 0.23646945428411115 0.42990286812800566 nan 0 nan 0 -0.18194360358126319 0.04640230121944627 5.457748862679508

2460300.7878599875 35 4 0 -1933.6549088546979 448.71282044172085 533.2205037852558 5663.943555787476 -0.010445988260322914 0.11112907183075885 3.526143646081036e-05 0.00037488316171739307 15247.83487667474 0.022995099299773742 0.04817926187761835 7.937337608395035e-06 -5.21590350904166e-07 1.760504920619799e-08 0.961247603932414 0.14146021878295903 0.9558777264766011 10.493250339746194 nan 0 nan 0 3.91595316871749 42.129099504254036 -0.13836733829863562 9.153217071580526 6.913253062648228
2460300.7878599875 35 7 0 -2554.705629079673 240.53155902899707 1119.6885045021513 615.8924830952232 0.02132707139767925 0.011118887894489208 2.9885153245352368e-05 1.717567613979593e-05 15671.447089139598 0.014212560885002546 0.049506352670596596 1.1366668483331194e-05 -5.654234708660224e-07 1.9628774465785907e-08 1.3885060056101115 0.11336549313913517 1.721343169907906 1.5273319976581705 nan 0 nan 0 0.5357697260135983 0.33996675964744216 -0.49000394102092104 0.2806997439188088 6.1351906841844945
2460300.7878599875 35 8 0 1113.2952125139366 129.6268705800237 596.6850539687355 123.53104410984271 -0.1353787488068427 0.027994475039350496 0.0004959725497987363 0.0001027670285396598 15777.195032790361 0.0033291860915746095 0.04699558934852275 4.7599130775549995e-06 -5.759449613073192e-07 8.617761597193523e-09 1.055320375649762 0.07953901275147156 0.051178874807706276 2.762021851132135 nan 0 nan 0 0.7314212904377112 0.19131601482932095 -0.2780285077355993 0.1498275024456968 6.726627518589693
2460300.7878599875 35 9 0 -390.2086702581712 162.70120677302296 1598.6367628978858 842.8162081616845 0.04884329931130471 0.02551708405566476 -4.504358701800098e-05 2.4647561603356545e-05 16004.51773094385 0.004191723142688504 0.053194600109801905 9.22551773281827e-06 -4.1348782606518944e-07 1.3823921613858417e-08 1.1493289913798679 0.07416286623425489 0.5018997687441255 0.9073543909223605 nan 0 nan 0 0.27299147528766976 0.1596481644824516 -0.6676645805827676 0.17548096202801258 6.809965713853923
2460300.7878599875 35 10 0 -1620.1068957825507 136.62270203274522 1513.8216649940516 651.8244680152452 -0.027398757085975903 0.012272584391427777 4.610060182592403e-06 9.119635194429144e-06 16118.909943098444 0.004357236899403274 0.05087707089381509 7.891203125049532e-06 -5.491843097642738e-07 1.179909883860598e-08 1.2406389471516621 0.07811031319873699 0.47189955687416535 1.3236226528039443 9.563188208684036 6.205970012074015 nan 0 0.37158408455473996 0.18196731772348934 -0.5830166587595087 0.17981767840066878 6.036044066050966
2460300.7878599875 35 12 0 -1524.9985232365013 162.267356391566 1622.3668045251104 1051.650692264109 0.05409053490964518 0.03541512550886406 3.059034706889015e-05 2.1939662292980062e-05 16474.934907577073 0.007372650969785439 0.05479887775855492 7.70297365569904e-06 -5.490939732556852e-07 1.6982669774299993e-08 1.8253846939012008 0.12376862844274462 2.2875323282358253 1.5750588591114445 0.3924329559503821 0.28714777345278086 nan 0 0.5342534454393406 0.3554488724944343 -0.6029701090470647 0.2574961967238557 6.071282246584493
2460300.7878599875 35 13 0 -1002.4293798567368 217.09653548856517 959.224611988951 893.2706618137477 -0.002285398208164478 0.0030474476334895117 -7.82560161667876e-07 4.878179965437798e-06 16592.639866459773 0.012546863798439209 0.0523337497213913 9.895913608653575e-06 -5.274223962495226e-07 2.1822251704181422e-08 1.724678798247114 0.15327171837653547 1.245038239662187 1.3057513078052763 1.0036966562216068 1.0947671342197511 nan 0 2.9678065248694616 3.000430719881285 -0.17178901948343808 0.7715113880964848 5.116827796506673
2460300.7878599875 35 14 0 -862.4395547736882 305.3736727140856 1089.7866960230515 483.5129642289753 -0.016308639355473532 0.007376922046375003 4.430123871634769e-05 1.9935577665757756e-05 16704.63500045072 0.020382630428482835 0.049667643249902374 8.798417462690804e-06 -7.045688422769724e-07 2.312245936686291e-08 1.925597408775369 0.16212082823050095 0.8125365060636854 0.8185904958750252 0.834606244099551 0.4401706756760573 nan 0 8.771336499683118 5.55341879065298 -0.2719140159043705 0.32315441679542456 5.773753033568138
2460300.7878599875 35 17 0 -865.4292098131544 223.24656365159117 1253.0505897025728 1608.5961116591257 -0.007156373087766149 0.010588256474766822 -1.8668050821508448e-05 2.5414114222475273e-05 17210.04594908532 0.0115022820830314 0.05112271549518469 9.89295821947518e-06 -5.820841530603285e-07 2.0266936498493423e-08 1.4791872186420763 0.1366531175017583 0.661948553086275 0.9227903301123316 0.5924735772828292 0.7770973868195111 nan 0 nan 0 -0.44406861251012475 0.7138571629095467 6.169232233830469
2460300.7878599875 35 18 0 -1750.1187401074183 130.62832754681307 1662.854165701738 712.5832386563543 0.027706627823980565 0.013054851357648025 -1.922519788491454e-05 1.4161529107131232e-05 17503.188783579033 0.008033913232355798 0.05811363105401734 6.019049254996685e-06 -5.517245018370933e-07 1.3327535398332173e-08 1.4205396033146107 0.13536441378115086 0.2575247447823837 0.12568956903543643 0.49417338658250576 0.33045301367852425 nan 0 nan 0 -0.6585682903520004 0.1464156226488228 7.095422661162893
2460300.7878599875 35 19 0 -1499.1207583162138 149.1247282646574 751.3974495332268 32.2926052793107 0.0058565782611210634 0.0021111740477553877 -2.6375064975335487e-05 4.506631225103862e-06 17628.06704827937 0.007972920311412895 0.05549742172505666 6.5479577179167764e-06 -5.964530636247906e-07 1.3459058300275887e-08 1.137285435369219 0.11164431038102608 0.842745358486875 0.06288476588431087 0.6891319485287016 0.5628492631339682 nan 0 nan 0 -0.08949596151991661 0.03928502576585217 6.405736666878262

2460300.7878599875 36 4 0 -2440.219004462011 712.1311365406519 546.3991930792987 10117.913703691094 -0.018025951463000345 0.3339212160471836 -6.218965616182013e-06 0.00011484584875680338 15247.897575979561 0.036397745355037744 0.048202959552179146 9.58613390376807e-06 -5.290757068358847e-07 2.153977525935719e-08 1.3708873319050796 0.19664222406533594 0.8200989482920985 15.583522305037395 nan 0 nan 0 -0.21871792595516484 4.806845164739696 -0.051276802787471154 17.568794827461048 6.984965235176582
2460300.7878599875 36 7 0 -2288.5267486511084 226.34143728391595 817.9479166132052 265.49391589901694 0.03166586508666204 0.009792996403536059 2.4485073564563736e-05 9.00215265915339e-06 15671.55268942445 0.013314987748539201 0.049509162257607715 1.0741439276573017e-05 -5.798981705313448e-07 1.860733343481521e-08 1.223610802356169 0.10939859787366381 -0.0037229749763627827 1.911356656545035 nan 0 nan 0 0.8680698261826313 0.3522213186765911 -0.2042328926301889 0.25855418799473595 6.247897671425903
2460300.7878599875 36 8 0 1386.752003293874 163.76427651774128 532.972129793884 131.49354185750803 -0.1041330534823427 0.025670913245944366 0.00043584731037734124 0.0001076068725740205 15777.269461158417 0.0041850082655809275 0.04700719720095089 5.9610580033689944e-06 -5.779778174332894e-07 1.0975805047441999e-08 1.1282863693032361 0.10099560981139535 -0.03183714404395743 3.533112327972019 nan 0 nan 0 0.7787338643379356 0.24521758139915106 -0.22164081819491302 0.19248074319534894 7.8563315127475875
2460300.7878599875 36 9 0 -1039.0297739511195 170.6036910694073 874.239291804027 235.51454767347744 0.02079146847653878 0.005872521338312595 -2.1327023206620783e-05 7.47828348536549e-06 16004.588657224353 0.004387392517469825 0.05325671217301491 9.575673191291051e-06 -4.900136334186246e-07 1.4596046701081887e-08 1.2348570674498083 0.0821650457177793 3.1741491395513717 1.7872222041152994 nan 0 nan 0 0.5415648133494816 0.17688399116203277 -0.4186400457396204 0.15709071152530835 6.922961883204258
2460300.7878599875 36 10 0 -1537.461469986482 136.5981458912415 1669.4594598372319 691.5812245352788 -0.022926071828384263 0.010415764436297648 3.3783694686923545e-06 1.0564634142401995e-05 16119.081364834166 0.004426986970553061 0.05088853356704443 8.03191104349004e-06 -5.404148171256229e-07 1.196077074765372e-08 1.1098316427508106 0.07989502650451191 1.4087941189301971 1.6078527504921967 3.107873125112476 5.264193904123173 nan 0 0.39360814068050465 0.18716417562853205 -0.5541598492530149 0.184992193471415 6.4840152868764624
2460300.7878599875 36 12 0 -1532.0508354146293 174.3741713770078 1285.7514225745829 729.6520476524352 0.013071525403378295 0.00834719037017909 6.097242115858782e-05 3.5555495565489016e-05 16475.06871946105 0.007885695157127276 0.05481515708806133 8.079915838799309e-06 -5.552813062653745e-07 1.7792526702873945e-08 1.8846666767847065 0.13478995087328538 2.115972231306676 1.3422879735001854 0.4779609224369032 0.31378744154390914 nan 0 0.7742803619675682 0.454917463834271 -0.5256360490003555 0.26936633290374556 6.381340655662965
2460300.7878599875 36 13 0 -1456.6743040045942 237.60641608775288 981.4971325334777 971.673962834626 0.003694324284065349 0.004516418596840088 6.123332672346995e-06 7.931816928709713e-06 16592.793771084813 0.013526553955756313 0.05235508019768755 1.0352286926771505e-05 -5.686843705129404e-07 2.2729409708480118e-08 1.7713953150306834 0.16785865246420936 0.15478269471204587 0.6707442852410354 1.0024326286223002 1.161540452190874 nan 0 2.53229211698844 2.793030523282901 -0.15876152039643965 0.8330736303793671 5.290878742796934
2460300.7878599875 36 14 0 -791.1593292007424 324.9805412288444 1213.810235194177 728.715500767406 -0.0030595983665218014 0.004057685117021814 9.117419223763121e-05 5.428098991086497e-05 16704.69450373119 0.021637871395980522 0.049692158356146515 9.343554602961473e-06 -6.537840939981294e-07 2.4456275788681475e-08 1.7862201772851782 0.16201934881751376 0.4043929927464761 0.7094270577264608 0.6741471469912312 0.46584163315971344 nan 0 -0.05938676361733615 3.9118299264529743 -0.3789406553081511 0.37295168978651044 6.333676046603445
2460300.7878599875 36 17 0 -1012.5157697055629 231.82306543938142 951.8109027653978 829.0671121847605 0.02044894278319769 0.017489630875876277 1.5418450943280493e-05 1.4202280382267856e-05 17210.255631104836 0.011989529341345374 0.05115211382165081 1.0070287955839876e-05 -6.077405386746773e-07 2.0938746664682707e-08 1.6592604285464778 0.15321361210321274 0.9698099521100577 0.9491894139765961 0.8148562060769502 0.7371988329691348 nan 0 nan 0 -0.22823944450656392 0.6724744955902849 6.091759660154083
2460300.7878599875 36 18 0 -1648.0315677387455 128.96582011645933 1088.6564198595718 278.94541711426467 -0.005337409349267675 0.0036546876832607763 3.688912419516692e-05 1.1579157076789706e-05 17503.579846625074 0.007933797512417849 0.05813873900749979 5.923607727695344e-06 -5.667597384572913e-07 1.321971634499987e-08 1.5413810365693652 0.14180019523945867 0.40054645384846577 0.12457517815565215 0.9025664187364104 0.404957565212392 nan 0 nan 0 -0.5305941658379435 0.12040426586042823 6.9559560144296855
2460300.7878599875 36 19 0 -1632.2782573013887 173.42473903025206 688.9172132145071 33.29010896827712 0.0004810900656796869 0.002181748024558444 3.4954128039631247e-06 4.543153841771219e-06 17628.434283233386 0.009162641863396138 0.05552291839082612 7.730362748660305e-06 -6.142475610884978e-07 1.5857316080939563e-08 1.4506566731763078 0.13944757714367131 0.8155664029573126 0.06746851991920409 0.006549865744551936 0.6066217853186701 nan 0 nan 0 -0.14345564548231118 0.041554259887561826 7.092590960785132

