BJD n order chunk rv e_rv norm0 e_norm0 norm1 e_norm1 norm2 e_norm2 wave0 e_wave0 wave1 e_wave1 wave2 e_wave2 ip0 e_ip0 atm0 e_atm0 atm1 e_atm1 atm2 e_atm2 atm3 e_atm3 bkg0 e_bkg0 prms
2460696.6456115656 1 4 0 -1540.8241065935508 202.31277212909956 1082.9096425695088 2426.9333957267295 -0.03451198632540167 0.07755668486893709 5.7309820211939827e-05 0.00012893106750457549 15247.924065124196 0.010459024474847053 0.04816357266482659 6.657933742513749e-06 -5.120208196610123e-07 1.3920819999520502e-08 1.155748112713381 0.12002802570247072 1.7158908094058114 4.058017932777768 nan 0 nan 0 -0.18851703171342257 1.4022401869109233 -0.3488915858298513 1.4596362131381255 5.581062408515805
2460696.6456115656 1 7 0 -2196.392649536053 211.1588965169574 2007.8814829413916 1270.130608183354 0.06914023524789085 0.04236150498228393 9.253630243330805e-05 5.8339023411399784e-05 15671.378239620077 0.01250754684931663 0.04950458040572888 9.728223593883118e-06 -5.596174707976825e-07 1.671526110660666e-08 1.458585318430668 0.09002776360768597 0.31924431501773987 0.8039461856377348 nan 0 nan 0 0.38393247281794357 0.2698053371566016 -0.5999986279236954 0.2531313094294789 4.9519320180645705
2460696.6456115656 1 8 0 1437.0110540007847 105.35958191126807 765.5914682177048 108.73256879905242 -0.17253610054042143 0.024463433859110834 0.0006545599185402048 9.301139453122367e-05 15777.17809422062 0.0028059545141795083 0.046979526627717816 4.093985034436053e-06 -5.885170860987546e-07 7.525829118431052e-09 1.1875805126142818 0.06664848820706196 0.27239652274708187 2.595263970924668 nan 0 nan 0 0.878153753501859 0.16389522010574328 -0.13536329878054562 0.12311994241112147 5.0945312253444115
2460696.6456115656 1 9 0 -726.0817837958942 139.0202932253023 1188.8891595240598 218.9353563581104 0.052444603625398795 0.0097363019335506 -3.0143730631854747e-05 7.960401695886308e-06 16004.614348055222 0.0039169900504155775 0.05323364113592776 8.439845555476356e-06 -5.16289264545232e-07 1.3441192684038496e-08 1.276629818820524 0.07201743446049132 1.3488666354753096 1.6776170003830588 nan 0 nan 0 0.6973587614299707 0.16385543091249308 -0.2647173982799716 0.13592898967480224 5.877466587802894
2460696.6456115656 1 10 0 -1336.9670469679675 104.7284900014493 2587.978892879895 1243.4762987591855 -0.0368250947964982 0.018237281657466596 -2.8692946080578504e-06 1.206834360117133e-05 16118.924532487625 0.003633671439931086 0.050873746122503144 6.382289108224985e-06 -5.369767345576884e-07 9.582184054216892e-09 1.2377300655819345 0.06134818387607042 1.8244820742246537 1.2251844417838846 5.978007151135126 4.2883452818098595 nan 0 0.2826970915377155 0.1502566417155337 -0.6527330482085576 0.16703348269749455 4.8314539352949115
2460696.6456115656 1 12 0 -1120.9787224561694 151.18427962896791 2922.8994133363876 2264.444091056857 0.08893657192765286 0.06937002735123896 0.00012635033645117097 9.915115981792785e-05 16475.008158121458 0.007265138522492211 0.054778275683953194 7.2882664524847265e-06 -5.379406741724078e-07 1.60985032703066e-08 1.8973268975636168 0.11442033942800549 0.8134238158063092 0.6987104571150815 0.2913505565809773 0.2476783166051876 nan 0 0.34837856068138623 0.2752706976894726 -0.6723597224606552 0.25391919255341594 5.223601256210994
2460696.6456115656 1 13 0 -1156.3579146150146 220.136921546451 1169.3222113073925 1156.4485384317688 0.01635605344668735 0.01653519951205865 5.1952755964369225e-06 6.956681804839435e-06 16592.658282468576 0.012004874780544118 0.05232277210295329 8.504892512591436e-06 -5.247475308684868e-07 1.921721958543224e-08 2.04733607768412 0.15762977368441597 2.92405301836136 2.976718233151268 0.9512218788543826 1.0967085841002122 nan 0 1.1015691759808284 1.429451329998281 -0.1740601396384141 0.8170862435146985 4.127375994417232
2460696.6456115656 1 14 0 256.44909234773195 196.59276325979897 1190.7074057771313 351.37268824518327 -0.010553248402798587 0.0037603840522394427 6.219580316429329e-05 1.8507966458380482e-05 16704.592250838778 0.014042145694427783 0.049670069052073884 7.143164160400715e-06 -6.754240894541254e-07 1.8457004735052693e-08 1.9252201810240859 0.12313552020612521 2.291462072845242 0.9274437969813202 0.9224389623052965 0.33095564418775497 nan 0 0.0005802736287179866 3.7112297646052372 -0.15546293546076279 0.24931246804130117 4.3847901166294845
2460696.6456115656 1 17 0 -1122.7354117859581 155.28775340607353 991.3938754071469 331.83361703387675 0.010532235576401497 0.003799642713517665 2.290297848485378e-06 4.521753912942143e-06 17210.021763230547 0.008096859786335545 0.051130972407517225 8.054046269961755e-06 -5.80939949781459e-07 1.62902214852356e-08 1.912192931379363 0.13214216630625727 2.4441512488430357 0.9880452458708716 1.2640827558650973 0.4721145536745269 nan 0 nan 0 -0.008570788785924419 0.33215817386433527 4.835158336971139
2460696.6456115656 1 18 0 -1662.6523890793767 119.40407279225985 880.9249080827682 26.5735801703721 0.011610480965801893 0.002466352194252111 8.83416378528733e-06 5.10084469157351e-06 17503.388555477897 0.007114815116256885 0.058105061906599226 5.457785459551234e-06 -5.410317681637802e-07 1.2354494106389877e-08 1.5804124928882717 0.13260100451235418 2.112585647770443 0.11691643063419184 0.034725580294464264 0.5689071983928613 nan 0 nan 0 -0.0700120314029607 0.0281793461282511 6.214226463401129
2460696.6456115656 1 19 0 -1277.3420733671715 122.65527414367688 848.9857856211092 15.397347828743365 0.0158362226600589 0.0021113479595937764 -1.3161597024189368e-05 4.3201277120289915e-06 17628.106559968877 0.006494655431260224 0.055498920247038626 6.169275381117707e-06 -6.16529860503682e-07 1.2732998956341796e-08 1.5151504990960867 0.12154334950559459 2.1856597049912643 0.08101764714226556 0.40342158632135333 0.5713846637960103 nan 0 nan 0 -0.025131599784527038 0.017698936591344906 5.703421661070579

2460312.5616805987 2 4 0 -2490.409651370362 218.57564525193555 319.93448574016327 272.57629660768646 -0.0031964159518335033 0.0030485138063918787 2.4678681187790114e-05 2.1331635959853382e-05 15247.908736361704 0.011160855447360382 0.0481560975454184 7.163706180726423e-06 -5.302251734555561e-07 1.5387079619316093e-08 -0.7494229026932494 0.11643305206559144 4.673914553280103 4.614800988901259 nan 0 nan 0 6.1782534535726565 6.728739060833609 0.46128898608398244 1.2462753138591318 7.56337085200588
2460312.5616805987 2 7 0 -1676.1219239601403 231.45546502562934 932.5923057884477 381.6411355858962 0.03835585765767874 0.01502504975225785 3.2932559899260536e-05 1.3993956854465551e-05 15671.437167053678 0.01311338511276105 0.04945347982095574 1.057785831689e-05 -5.645115808625138e-07 1.7657707713309623e-08 1.3010331262258472 0.10159387561966775 5.0907499421645035 2.5693256245663654 nan 0 nan 0 0.6767362804013195 0.33123261840655827 -0.3427088843841423 0.2691776618589709 5.869257831836845
2460312.5616805987 2 8 0 1311.3939261143564 134.8209093085248 584.3087968208907 88.73602490863915 -0.10549310862780185 0.016028827112931673 0.0004894499104472911 7.442079205367828e-05 15777.202886613319 0.003494612543239313 0.046992999379184566 4.918693962363672e-06 -5.744868191981276e-07 9.03488068580323e-09 1.2443928084980438 0.08588795925348758 0.08004380232196551 3.2970503376210956 nan 0 nan 0 0.9993643544849894 0.20457672447649408 -0.10839435964637925 0.13580355064636587 6.273703493474167
2460312.5616805987 2 9 0 -904.1600583206543 161.34685257758989 743.9618711434126 109.74696200698068 0.04091256643010569 0.006171793438959896 -1.5389816548908084e-05 4.97898987822882e-06 16004.591772386742 0.004155002097019651 0.05321182240176049 9.012904012870058e-06 -4.5870039993284915e-07 1.3541668698598498e-08 1.1134189603252411 0.08002768962909686 4.4288254587033595 2.466811625874965 nan 0 nan 0 0.9275208264540836 0.18579743153883 -0.13740368305675213 0.1279361128213577 6.91861432667941
2460312.5616805987 2 10 0 -1469.5055322645626 131.1819206113176 932.0106154959484 173.2788407657659 0.0061082756982110496 0.0027635193981204254 6.140917314359206e-06 5.14054915094144e-06 16118.957031129994 0.0040282132414382115 0.05085245115188511 6.851873858583541e-06 -5.759403095800029e-07 1.028982574921818e-08 1.229991445441412 0.07351101574294969 5.603192244339129 2.439066327730498 23.480059098515532 8.875542854679791 nan 0 0.7775460381887743 0.18463359706447213 -0.24565092458716717 0.1406785112293932 5.532754209358928
2460312.5616805987 2 12 0 -1371.3257211796017 156.345753997199 2004.9160236575228 1258.302558823222 0.0615057809959197 0.03900221774405629 4.550781507557862e-05 3.0682513033845565e-05 16475.01778701222 0.007140348957261451 0.05478457558015769 7.439617211760163e-06 -5.622745665679408e-07 1.6384710933893e-08 1.87920197187522 0.11825507328928468 1.9494485205011554 1.3208510902398198 0.4174091021993943 0.29775751554945734 nan 0 0.6916629232953131 0.4477629590121887 -0.571661588621109 0.26897725256394756 5.767482758755622
2460312.5616805987 2 13 0 -1629.3920414752672 217.98529020070907 1014.9749226682458 910.1791094372717 0.01659729307814917 0.015171484525542048 7.78271176964015e-06 8.111311505761384e-06 16592.641105046034 0.012141729897184445 0.05233499749070145 8.726887835248748e-06 -5.545444839812909e-07 1.9534973381528105e-08 2.1403853980746304 0.1674056420868966 3.308608035905312 3.0637129630882756 1.0810273853372427 1.133490965628303 nan 0 1.915713674685151 2.0290043605303194 -0.10289366267245009 0.8047384273564595 4.192050837443113
2460312.5616805987 2 14 0 -920.2402620881205 246.87623476723886 1067.5927886981597 362.67754134037153 0.01434020600296326 0.005906017613862389 4.892301223127864e-05 1.6799178664723193e-05 16704.582868529054 0.016366519927887763 0.04966014791570802 7.096125235537765e-06 -6.651875065514385e-07 1.8913515765671493e-08 1.8887716782355712 0.12843017855052272 3.180013623762945 1.299065601403976 0.9380713975382674 0.3840514902305163 nan 0 0.08164449600148393 3.918338238292696 -0.1619032695154012 0.2848300502375245 4.7212032124495575
2460312.5616805987 2 17 0 -1177.2402260158244 141.99196329218088 1390.3500770972869 435.97904569312254 0.024293754851026386 0.007699137646644921 -2.594336754700764e-06 6.352322198049819e-06 17210.063556732537 0.007130352134973928 0.05112326096030918 7.668671637125502e-06 -5.822854989458951e-07 1.4793135012288043e-08 1.6836100462298527 0.10953340353637642 1.9879197543900076 0.727556924216065 0.8234451325539672 0.28786566863608054 nan 0 nan 0 -0.3047787803187376 0.21820780531029832 4.81037444962953
2460312.5616805987 2 18 0 -1814.0991956419032 105.23714152746378 912.4650962086965 19.910307420415464 0.011298642676778539 0.002222960180611434 8.14185260055382e-06 4.599669214731609e-06 17503.39158857756 0.006408069811140644 0.058105652700440234 4.738223984991493e-06 -5.263103945844418e-07 1.0759631943459327e-08 -1.6407083579487876 0.11922153897209835 2.6085898043313804 0.10993475506020203 0.5315481843704195 0.528251129502047 nan 0 nan 0 -0.04614453547872237 0.020888728790431806 5.436906175359883
2460312.5616805987 2 19 0 -1264.8168773919049 inf 853.1018671661474 inf 0.014390984963717091 inf -1.052936703371533e-05 inf 17628.13354469601 inf 0.05550172575364099 inf -6.229465254519195e-07 inf 0.008230826888635079 inf 2.962688514175899 inf 0.8603543894080627 inf nan 0 nan 0 0.007541065597942215 inf 5.632580808987147

2460318.7712704595 3 4 0 -1627.259640732078 176.41015080463933 680.5886464510177 548.3584730048649 -0.0286714655531437 0.023267315800785154 3.323395625396274e-05 2.7389593281850363e-05 15247.874138147223 0.009152952227891241 0.04816759828651665 6.29222557192524e-06 -5.154824698758721e-07 1.3310023434307019e-08 1.2841488690563192 0.12289745243791333 4.286263164917119 3.8665851423469926 nan 0 nan 0 1.374654059348677 2.5310983091427404 0.11894466467261935 0.9023344634485425 5.293409423469859
2460318.7712704595 3 7 0 -2397.3319717517984 186.67035660643523 1182.322853188821 332.54053547016224 0.03186013533375249 0.008482873297703237 4.626763773428273e-05 1.3631880235685314e-05 15671.314991170788 0.010779200247951103 0.049508229376153415 8.688699712384215e-06 -5.304452304688621e-07 1.5021527557972348e-08 1.2888373265058344 0.08624122997831198 5.5200637102797385 2.1348636389756948 nan 0 nan 0 0.8557570231163709 0.29688630568002056 -0.24430411180415526 0.2127379412924885 4.868709472965755
2460318.7712704595 3 8 0 986.8808946900443 115.75740706892753 1247.8207289754503 246.72901754841112 -0.2735363661202852 0.05398475177421448 0.0010597538459871378 0.000209579285743807 15777.114544065924 0.002759988529629641 0.04699516214505474 4.116973772048603e-06 -5.792214175757203e-07 7.510861822092691e-09 1.2441277243560849 0.06641614308136938 -0.09046462586656062 1.9521972331036148 nan 0 nan 0 0.6409662621390013 0.15548037785765356 -0.3940142953234962 0.12006650773593046 5.517988924002075
2460318.7712704595 3 9 0 -913.8543106629683 128.02899162225367 1278.1579133096375 159.90870897644962 0.03155085681159371 0.004630435604284164 -4.4272988665790314e-05 7.806654379384795e-06 16004.545003750702 0.0032899360305472824 0.053250069488303006 7.421711424304919e-06 -5.030881206271012e-07 1.1417064955427157e-08 1.2658396981806317 0.06879812214741117 4.2256165634951035 1.7344871842399878 nan 0 nan 0 0.9118243529814183 0.15318411026772147 -0.19779949452268583 0.10088979656335675 5.328824236155394
2460318.7712704595 3 10 0 -1487.9301235532357 113.2741427976212 1428.739930661427 251.85574334477565 -0.020623461251608695 0.004712039127626706 2.7956185912221115e-05 8.46655547597331e-06 16118.883233091214 0.0035704980620373237 0.05085916873932721 5.989158238267347e-06 -5.61991643076738e-07 8.997308429689577e-09 1.2789207872586144 0.06883967435492197 5.923000598398312 2.086003401183681 11.4336061595044 6.642341193604821 nan 0 0.7384173485597942 0.1645216423185573 -0.2920669254848548 0.1251529465121613 4.825189128094977
2460318.7712704595 3 12 0 -1365.3595771966325 124.01165038081757 2819.859497286185 1192.0550536037517 0.04198113524618136 0.018784399032840498 0.00012213454728487625 5.333950110598706e-05 16474.9485878555 0.00582338667979476 0.05479959179168572 5.910778134911685e-06 -5.651437353538986e-07 1.3146015450334872e-08 1.8033377111661653 0.09222184903541696 1.8128890933802697 0.850025322865297 0.4327239782535661 0.20936145340776827 nan 0 0.5873789636648571 0.2562406223611162 -0.5882700903419295 0.17415596974706182 4.728193061121808
2460318.7712704595 3 13 0 -1109.221452264145 185.83231323756718 1409.5129401617087 1231.7219576305154 0.007968249549308063 0.007645936230178748 2.870003648842846e-05 2.5611536278087854e-05 16592.58923975055 0.01031328652817606 0.052331718475717486 7.753036832597917e-06 -5.482298349446475e-07 1.792923096236917e-08 1.9593994735938243 0.13548218805350598 3.0300336308428535 2.7282507645241463 1.028223738721475 1.044290127746574 nan 0 2.7870941463589736 2.6123277108586582 -0.1720997421232103 0.7237027080632187 3.9298305080529348
2460318.7712704595 3 14 0 -580.9667656127682 197.4533332496968 1308.0287438807877 313.1191180954228 -0.007312823744025406 0.0031689964638789087 6.791554191709096e-05 1.6639997345645545e-05 16704.537162041994 0.013514316324554184 0.04966769014971098 6.337291150601394e-06 -6.498088950317723e-07 1.6812008102442866e-08 1.7359683731312978 0.10969808311560697 3.1160951381411586 1.00152779069277 1.0932042220651044 0.32557146964683376 nan 0 -0.03099567629786526 3.746317916352303 -0.12047299090369379 0.2106463568675823 4.400647699730583
2460318.7712704595 3 17 0 -1004.27347098819 138.07862197917 1427.4148025534503 553.0820888846454 0.015884588633162344 0.006241021689903465 1.3270936357769072e-06 6.186438469364315e-06 17210.004792038508 0.007060412735383989 0.0511365845180966 7.3681850239171855e-06 -6.15171825085831e-07 1.45522241344274e-08 1.716414136913241 0.12128815776844498 2.5787154235409395 1.1672723071524187 1.0434778055628668 0.44087674757722156 nan 0 nan 0 -0.1837596366386608 0.31658820202592153 4.603341421222667
2460318.7712704595 3 18 0 -1415.8736641279183 104.26582388296454 1087.6983016214372 22.097715543642277 0.00120989448547838 0.0025123423932596487 1.5512576904650763e-05 5.220438860368371e-06 17503.336906454355 0.006206072532881469 0.058106720080827436 4.5475434143925695e-06 -5.232271410351932e-07 1.0114341949977098e-08 1.5124588911338857 0.1107355294409055 2.7833257523519013 0.10855155578457908 1.4957127801169623 0.5037645867634363 nan 0 nan 0 -0.040877247579695145 0.01954376973087373 5.1453623957979335
2460318.7712704595 3 19 0 -1006.2257089951165 119.11688653166394 1009.1242348403127 14.707975429864467 0.0013232209586799726 0.002240372782090367 -4.774041628417368e-06 4.569057283099081e-06 17628.076787236354 0.006125436993941634 0.055493706646987745 5.27973459003836e-06 -6.189756601823584e-07 1.0684650767042112e-08 1.3465308578231612 0.10253124216323907 2.939908389953028 0.0891795186625588 0.7262536625087012 0.5132984658026922 nan 0 nan 0 0.002325648067992826 0.01461625031085035 5.0380089835946285

2460320.6801158413 4 4 0 -1831.9463304330823 161.91150188364284 1040.627445287009 974.3801008829502 -0.028918740238146362 0.027317883521748187 5.2846965490457645e-05 5.013703919153897e-05 15247.888820548907 0.008251823010905865 0.048174734545745154 5.968481987519768e-06 -5.396890638627708e-07 1.257782589390749e-08 1.2388305788309577 0.11522030308859481 3.0682081380148207 3.152947546873476 nan 0 nan 0 1.8918088864136131 2.4681595734963917 -0.12160848417451955 0.8230047708530475 5.139178507901799
2460320.6801158413 4 7 0 -2246.249255487421 172.92482280268266 3054.3435557613548 2114.928823677294 0.10552095278615224 0.0711229036033217 0.00012330263458847207 8.487746877094378e-05 15671.45223911841 0.010211235150890957 0.04948775468654447 7.826589910449832e-06 -5.423180864719437e-07 1.3687174650884665e-08 1.3022227184359756 0.07828893242261604 1.811315939986817 1.3839025613377383 nan 0 nan 0 0.31952478940556855 0.2418984545823221 -0.6453330062639095 0.24565986259345293 4.312576758357264
2460320.6801158413 4 8 0 1035.9807546605196 90.98883229542352 1076.7960928866617 147.07865139651136 -0.22678192734458308 0.03094557205917663 0.0008883399888685728 0.00012145085966045483 15777.1852422996 0.0024476717128904023 0.04698256161049404 3.523655639855526e-06 -5.919857996251796e-07 6.4470485126787104e-09 1.0495594741909637 0.05830469487622605 3.4911879388622835 2.27780679124375 nan 0 nan 0 0.7962984368258103 0.1406502817841788 -0.1947337317495508 0.11027456592755447 4.775433906785829
2460320.6801158413 4 9 0 -1526.2601161124717 112.07209102283224 1765.110336721796 297.0902495653738 0.0722864865801992 0.012268598190555202 -3.524667050418928e-05 9.335794601183074e-06 16004.48343936998 0.003099716341230117 0.05325128265948747 6.4854873707019766e-06 -5.26305460005645e-07 1.0096994075667712e-08 1.1092502753347517 0.05986888735140472 0.12277204285436072 1.3088937571540817 nan 0 nan 0 0.618349947090547 0.12966451101823934 -0.3109833310470873 0.11636995660651367 4.934789885514542
2460320.6801158413 4 10 0 -1731.6003668280355 95.39560041260152 2555.9085183967604 734.6125771375267 -0.04310563942315946 0.013028822911359003 1.0238849132574995e-05 1.1022508218387056e-05 16118.98977962318 0.0031763471449602755 0.05086785371425662 5.2556355194389764e-06 -5.461105855482655e-07 7.810548610392179e-09 1.1561634150286815 0.056377411306869525 3.1694890484314757 1.3934328824017397 5.734030276746267 4.082452117464774 nan 0 0.40073326638153695 0.1325417151167096 -0.520162542105098 0.13812604000620957 4.244798188876082
2460320.6801158413 4 12 0 -1147.4259284322054 117.63310240633831 5063.490763515769 4149.562936075927 0.09964829318516212 0.08243130170824539 0.0001852130052468088 0.0001536317910426617 16474.92274484899 0.005651723860074937 0.0547939730257392 5.789917619694787e-06 -5.536987916236359e-07 1.2938108123643765e-08 1.8035928555934406 0.0909368727135059 0.7823700411472225 0.6800788625982295 0.24193429893395652 0.21407385082792382 nan 0 0.3469599366853378 0.2888228710749274 -0.7230408255999947 0.2270375981541233 4.43358879659988
2460320.6801158413 4 13 0 -1155.9553040876347 175.8045034755872 1766.0099045987595 1532.6027533639678 0.01623098579353121 0.014580616156579311 1.4263798979054257e-05 1.362582117743407e-05 16592.63002285337 0.009690535364540022 0.0523192212668553 6.702911687359045e-06 -5.423509501205166e-07 1.521657754006963e-08 1.9185866986000246 0.1152245180605767 2.5171647551186713 2.24348204601571 0.894487714406455 0.8882964398040875 nan 0 -0.0011699499494600904 0.7050158519264231 -0.20569997452365715 0.6894939669994935 3.3699704475689534
2460320.6801158413 4 14 0 -734.9732372244628 193.84138993544892 1992.9927873731376 746.9881460211946 -0.014135694480835813 0.00605592150343373 0.00010557994487798468 3.939058278245335e-05 16704.600934406964 0.013184554978611769 0.049660855182523014 6.212531375352169e-06 -6.403511319834182e-07 1.5685055304611337e-08 1.7957670322056576 0.1054069210578838 2.8059967762716953 1.1772750300411552 0.7127824518886258 0.31174643106260763 nan 0 6.278723268384859 3.5047805559348792 -0.27672484779157525 0.2711723134642779 3.8660080467752933
2460320.6801158413 4 17 0 -1083.9617010412219 124.91117225632685 1934.8731016208437 723.7467010878348 0.0196491633142579 0.007548252134580358 1.3104130347006817e-05 8.803533793353271e-06 17210.030990257128 0.0064421004231764185 0.05114186550375295 6.654840158621961e-06 -6.002944488538915e-07 1.3194764795830635e-08 1.7085319553189753 0.10485582110131508 2.0675632228498677 0.8899603914019772 0.9211076343034557 0.372081667214541 nan 0 nan 0 -0.2710038121617725 0.27292346037682885 4.165286608905149
2460320.6801158413 4 18 0 -1494.5173780341793 92.15646303106114 1263.5604104244615 24.34808367460175 0.002594174328248309 0.0025598281043559034 1.6844492858887064e-05 5.3288057151839105e-06 17503.36839174015 0.005498945386640516 0.0581058229473979 4.128202235343566e-06 -5.328392068131952e-07 9.23364958031091e-09 1.577833003962264 0.09908884652095652 2.785468583095983 0.09925091371450923 1.3453857943054772 0.4407060874883541 nan 0 nan 0 -0.036063522906782275 0.01863170582195858 4.508608920395603
2460320.6801158413 4 19 0 -1397.574239802589 101.86741327945003 1203.9585463388566 15.605936404777088 0.005142387997989826 0.0024023455179029256 -5.24829843070825e-06 4.912959978173268e-06 17628.033797243294 0.005187456801703663 0.055505153009212306 4.708798953144004e-06 -6.120657013626717e-07 9.578297482165081e-09 1.3165455748649066 0.09021839328050145 2.820102555856247 0.07540922212859562 1.1741973736936049 0.4519484204585378 nan 0 nan 0 -0.013083168086737457 0.01279343405070727 4.523596572232962

2460328.5502090706 5 4 0 -1485.6210849299139 158.01392257408972 607.0608186383711 304.5840123333165 -0.025549019866117587 0.012976771985309712 3.8882969262976695e-05 2.0040593236285895e-05 15247.872134830695 0.008128820025973869 0.04816861760648533 6.0657106953546355e-06 -5.351209520343764e-07 1.2638404765345722e-08 1.3153762604104855 0.11963190081365044 5.9198236627339815 3.48402466652441 nan 0 nan 0 4.024316791387577 3.477855780210645 0.4204217080062131 0.7136068127398091 5.0516582782496595
2460328.5502090706 5 7 0 -2483.0236451379956 178.0212466832872 2404.633125819626 1269.6099496929446 0.06754901906856184 0.034256755711798315 0.00010205780131627646 5.375099042612213e-05 15671.423781835445 0.010385418233531054 0.04950603929710002 8.08504832986382e-06 -5.500190624850115e-07 1.3949372659267373e-08 1.318995629759974 0.07696669756503285 2.944054817850134 1.710818248300247 nan 0 nan 0 0.405849204243902 0.23972754132926774 -0.5826398843872834 0.2204534138794131 4.447105378860764
2460328.5502090706 5 8 0 995.4050005291347 99.03619270553426 1066.075719322937 150.90282867791447 -0.23805759902518214 0.03364580325495277 0.0008999673810510572 0.00012748847931964453 15777.190846050671 0.002535204797555473 0.0469936869450959 3.6796492659009036e-06 -5.826844450595613e-07 6.741704962854577e-09 1.1379397289108764 0.06068841544522455 -0.07942318792610914 2.226117238266302 nan 0 nan 0 0.8004789333369539 0.14609352972890444 -0.23324346424776055 0.10882180002668154 4.970787024028611
2460328.5502090706 5 9 0 -1023.6758674326327 115.80498057859447 1618.5158443593627 260.63491061011007 0.018996623523500664 0.0045086140371348934 -5.749860908474496e-05 1.1332541168017461e-05 16004.53294337415 0.003166703235678981 0.05323414136503548 6.843195329289949e-06 -5.033522374394303e-07 1.0855554297338305e-08 1.1377483414551277 0.05931490899955005 -0.04813745015926496 1.3472779218064848 nan 0 nan 0 0.6465602706099767 0.13105919733697605 -0.32562150983940924 0.1090126519636216 5.23362213184337
2460328.5502090706 5 10 0 -1552.1895980619217 95.25685105843469 2997.9606246423396 1060.7938510926788 -0.08396049099887021 0.029883763429505536 4.1334307263532015e-05 1.9932416206570356e-05 16118.960444603586 0.0032256554170221785 0.05086432584586388 5.680001284568054e-06 -5.682465693938134e-07 8.38176706167704e-09 1.2018318407265116 0.055488370117019174 2.982556937247786 1.3737786672535468 5.570499263683361 3.7407908288036684 nan 0 0.33233156377065476 0.13231949345898614 -0.6175055878693676 0.13552380372746883 4.457883727420479
2460328.5502090706 5 12 0 -1478.9408270103554 118.93894150612712 7620.064734552551 9424.60403368383 0.03905115845039439 0.05104628211511645 0.0002511019265453078 0.0003127671996034501 16474.96758655985 0.0055714348100693025 0.054784630474950746 5.732299653317086e-06 -5.313890994891844e-07 1.2930166273736182e-08 1.7252719022087961 0.0876421816413823 0.5710156561687236 0.7228813501896916 0.15363500923453047 0.19955997257404018 nan 0 0.16581705552900108 0.20698331316436627 -0.8338415499193353 0.20554657416434327 4.6357931479624
2460328.5502090706 5 13 0 -1034.333396474737 192.72722531341742 1379.36960855323 977.9001066199129 -0.006381928441311587 0.004904481916720582 2.1470526675289284e-05 1.5917697729301958e-05 16592.635229371124 0.010515786978680554 0.05232922452347913 7.37656532072295e-06 -5.626841109959409e-07 1.6828914284390866e-08 2.217934193912777 0.15199828273773855 3.7329495900140435 2.737991007037445 1.122194108117162 0.946333185206371 nan 0 2.0498728839713216 1.7102449790001264 -0.09336515142918404 0.6429922709149071 3.562629809025776
2460328.5502090706 5 14 0 -398.9517197078998 183.36606028805602 1480.8521469332363 383.30725000359377 -0.013576246584564763 0.004313725615943197 9.041307299360879e-05 2.3521416690188384e-05 16704.572839801487 0.012862542432601841 0.04967401885843553 6.305779090497854e-06 -6.386245560156362e-07 1.6461453810547856e-08 1.7222076385472098 0.10431027801643589 1.8399541798506232 0.7682641235100907 0.9666857990144768 0.30668320126131066 nan 0 0.02578438904166136 3.5213641179739166 -0.1291331472010657 0.22550640942462083 4.1572854104402905
2460328.5502090706 5 17 0 -957.9535128856555 103.28171016634593 1658.4445431010013 235.4059680376513 0.003036474414618444 0.0035902033965696497 -5.352481568064582e-06 7.099525415268208e-06 17210.042659237304 0.004620451705848756 0.05113893388601569 6.5194224310537234e-06 -6.213093604161507e-07 1.2161614069954578e-08 1.3552837960868238 0.08069033575063062 2.466012841451527 0.43858418042797637 0.7730603532015417 0.1535000978763869 nan 0 nan 0 -0.2634521447402632 0.10470836436457344 4.522202772332011
2460328.5502090706 5 18 0 -1459.540631322724 100.63204021329668 1139.2725365668243 21.965972694603334 -0.0035530282615887205 0.0024827837414869275 1.957002602746358e-05 5.164064639967793e-06 17503.373024815024 0.0060271114416199185 0.05810890678145083 4.528401646544931e-06 -5.368788261030651e-07 1.006863733907909e-08 1.5651627613763046 0.10594959576611143 2.912519932050053 0.10659352942509226 1.2022092384416134 0.46910477496737124 nan 0 nan 0 -0.029094853370484616 0.018776054063303425 4.831791822691447
2460328.5502090706 5 19 0 -1260.366890964466 94.93610147958559 1137.8648715202564 14.363173060715402 -0.007813842857926691 0.0024724503765780285 7.213796201856417e-06 5.03648687355593e-06 17628.101451026992 0.004806875607251659 0.05550403895448854 4.915399177527117e-06 -6.071301876649102e-07 1.0197298374610466e-08 1.2275777991276189 0.09139639715471048 2.9295507021984175 0.08106734251808626 1.0511559840617481 0.4780198285456929 nan 0 nan 0 -0.03154053664190003 0.012243941478872084 4.975508331827868

2460339.6560602556 6 4 0 -1444.711663745231 194.90915486096694 476.25758709192905 337.8068810993445 -0.023709424377245488 0.017000122043876444 2.803790325807983e-05 2.051324291669626e-05 15247.903708237654 0.010070669969737796 0.048164620600396175 6.002340307485503e-06 -5.390993688763696e-07 1.2455507259831943e-08 0.4342977460290585 0.12481863905811791 5.133269641566457 4.290046513921938 nan 0 nan 0 -1.2108372386062314 4.148466220482782 0.42507966717536505 1.0120507235912053 8.52401537112059
2460339.6560602556 6 7 0 -1831.1820330929404 340.9176693694447 1327.7842201343065 864.7590546062362 0.03403486703663165 0.021162655278617264 4.093092068199262e-05 2.7735964295177817e-05 15671.350181719594 0.020032311731620914 0.049497167814273164 1.575832344295747e-05 -5.223941685155952e-07 2.7356794799166717e-08 1.584315240489813 0.1600886598003394 1.6384081748890005 2.088320502115081 nan 0 nan 0 0.5987067558551356 0.45630784115497963 -0.4118966293836354 0.3832735214867627 7.752576940341428
2460339.6560602556 6 8 0 916.9765202845816 169.07317618740242 902.6513383381447 258.9075270995942 -0.1540955026964984 0.04410702500071533 0.0007471931065905166 0.00021437930934618108 15777.179377575088 0.004567921625340154 0.0469868944566233 6.7449202691609805e-06 -5.952511185266708e-07 1.242722870553342e-08 1.2662582815990153 0.10709916686417426 -0.11778704249793548 3.65479769253379 nan 0 nan 0 0.7367840545612236 0.26703992942198207 -0.21712121745491636 0.2250376374885758 7.94377962929016
2460339.6560602556 6 9 0 -1089.3230543883624 170.65373100018905 907.5951736099975 141.99344426838562 0.030956158630547896 0.005653066884457325 -3.448281401481069e-05 8.727994528214817e-06 16004.559167889938 0.004785781942122643 0.05321846073913179 9.958441089182883e-06 -4.7392621014719577e-07 1.583282505986462e-08 0.878736241987876 0.09677527408731741 -0.09588802507763261 3.2409319967937287 nan 0 nan 0 0.9860571969818615 0.21670281536721026 -0.05924334319750522 0.14809220829235237 9.048881315503863
2460339.6560602556 6 10 0 -1483.2087694761403 200.7424197058181 2796.5143693803407 2598.0986052021062 -0.004491885298073116 0.011741411864872873 2.679493052974229e-05 3.4732112981626745e-05 16118.912755146286 0.006716237231783304 0.05085214867959575 1.199065088275398e-05 -5.838861325226239e-07 1.7766654845943708e-08 1.4620334718767367 0.11002683601556335 2.416511835085991 2.609185746042575 6.32253899499069 7.719637872953709 nan 0 0.2627265856952753 0.2677084303606907 -0.6988963709844833 0.2800296346840276 8.511408464874703
2460339.6560602556 6 12 0 -1131.90442576387 217.27152855267653 4273.069719669609 8498.180539557497 0.08184481220524664 0.16392432482191852 0.00022141151423615864 0.00044204639989112724 16474.97639827937 0.010784989315274036 0.054806488583432914 1.1135452932550545e-05 -5.311728209884283e-07 2.481465594396691e-08 1.83900140894536 0.1662022073626056 0.5919484373584963 1.2230609390800906 0.18647408884708389 0.39359848482410814 nan 0 0.30343624125488033 0.6119268189599378 -0.7779187503613485 0.44177061635973364 8.197260325700395
2460339.6560602556 6 13 0 -992.7168778234534 342.4510518113794 1067.5457102919963 1652.4816632118097 0.016091385281436096 0.025446910584321865 1.9218731198923e-05 3.056491097782382e-05 16592.601681492957 0.01908614157722845 0.05233980657989951 1.4003533135633176e-05 -4.94575909521931e-07 3.139376842367987e-08 1.9151984238363848 0.2364341812992853 2.9459024543102545 4.715498898748101 1.006438970097086 1.8337496232878836 nan 0 3.446355485312584 5.650771617785398 -0.11801982712498722 1.3656913798229113 6.934258525658472
2460339.6560602556 6 14 0 -11.707472012619894 320.2424401789668 2550.3768980064137 3220.7943158299945 -0.029114326830875042 0.03647403823012583 0.00017484106341929755 0.0002186648010527355 16704.59611085969 0.02297129840955535 0.049668570660142866 1.1836914179454863e-05 -7.006674498999929e-07 3.0998474501807375e-08 1.7075960437345903 0.1796951447516891 1.4188791881059308 1.8806038870434638 0.3802008187266262 0.5231327779104934 nan 0 -1.219110716108301 3.148839744565769 -0.6193227500656066 0.4808011336256559 7.884220704356959
2460339.6560602556 6 17 0 -980.5820021090491 230.8765029775645 853.160133067532 180.2348599185739 0.006562291943121618 0.0034933887545402034 -7.141137422076317e-06 6.913522669022545e-06 17210.037778698188 0.011823371280531183 0.0511170657076213 1.3547696313787263e-05 -6.207122224658007e-07 2.64960952621604e-08 1.8932608831854354 0.21236652312081333 3.858968872395062 1.1245100891848634 1.4541283077058498 0.4601979070719396 nan 0 nan 0 0.14176494709625753 0.24161563162207902 8.268905184398987
2460339.6560602556 6 18 0 -1689.3303798561165 200.7508184574664 889.8512071529204 38.75134623480216 0.004281825973181037 0.004026829866586357 3.498923321713991e-06 8.395288373444666e-06 17503.364793827393 0.012185576710591771 0.05811099952492292 9.231967579234937e-06 -5.454391451684754e-07 2.111807894134387e-08 2.2017621006110484 0.320380726890539 2.5952937569585375 0.21784918218316757 1.8971674982100157 1.0032100854741672 nan 0 nan 0 -0.07174002350954606 0.04061180471766741 10.155989076087877
2460339.6560602556 6 19 0 -1050.8330482821636 195.8364580807738 799.6376468609401 19.918509302332467 0.00815409670008597 0.0031380863707673717 1.671823019984877e-06 6.387401780924138e-06 17628.097833582055 0.010347103966135383 0.05548626163134344 9.604810000057699e-06 -6.206163710045325e-07 1.9816588069585125e-08 1.4379591611468276 0.18555410437425499 2.812213594144136 0.1524116957495996 1.0357505434363212 0.9024560583129044 nan 0 nan 0 0.00787955785311989 0.025138998757789924 8.936875142506974

2460647.8354338035 7 4 0 -2134.1483361841533 224.27906485634622 1287.637233004556 4302.02537590963 -0.037865312832194936 0.12675737374084886 5.451773195483903e-05 0.00018264184618777636 15247.834895878097 0.011447393478561276 0.04817422031366124 5.20638742220047e-06 -4.860424223678337e-07 1.1440866650193222e-08 1.4766184047946456 0.10629592260489018 1.3089696586795543 4.561240899490744 nan 0 nan 0 3.3140941788523968 11.271736774659171 -0.21590746019443827 2.6200879713959293 3.799892187660064
2460647.8354338035 7 7 0 -1984.7228844194472 142.43011344339828 1652.4472547482262 376.99268750548697 0.03953316755663798 0.008536877510381314 6.229056740401697e-05 1.4884782720725746e-05 15671.332531507906 0.008316499971802631 0.04948142124975781 6.915166436915251e-06 -5.562552169655243e-07 1.1863315481648525e-08 1.4419530693728462 0.07030612653594186 1.545685827196384 1.0985646005264547 nan 0 nan 0 0.8523108675805722 0.23739659710521868 -0.2607818237602218 0.1688058929432641 3.6640556263635493
2460647.8354338035 7 8 0 1472.0146097941015 87.3399170586618 1243.440418534029 151.48584901422925 -0.27325039910809074 0.033279545220247134 0.001055491256234277 0.0001287120309860029 15777.12025019984 0.0022756593808854362 0.046982129218983155 3.1875260466416747e-06 -5.953890920191054e-07 5.848407292635326e-09 1.0578012406658126 0.05428147381967102 0.11758390305030109 1.9777441516581424 nan 0 nan 0 0.8267986206793478 0.1306245763360238 -0.20940412855936413 0.09658158593744134 4.513646742810331
2460647.8354338035 7 9 0 -1034.6481359204013 92.52363923225288 2233.703878827868 280.3822322494987 0.026985045016480202 0.004791438320159886 -6.965207948374824e-05 1.121504765795187e-05 16004.530527354222 0.0024478430101168114 0.053232627706559704 5.436109393966478e-06 -4.91229619865061e-07 8.218674597116335e-09 1.1966208079817202 0.046459432802517145 5.741253763309167 1.2730092522440346 nan 0 nan 0 0.6674666338465319 0.10554038679228372 -0.3340845888470571 0.0839064964345627 3.940439559197242
2460647.8354338035 7 10 0 -1731.4198646943316 74.83716085840814 1754.1810605027083 185.22310710358798 -0.054424267526914795 0.00633356760974637 1.0381539159668049e-05 6.239172619015833e-06 16118.86937098124 0.0025784866502498896 0.050864509813266706 4.5118851990707655e-06 -5.523254421238313e-07 7.4102047907579455e-09 1.2488142957142356 0.0494822218618602 0.0893362143460128 1.6003648042315715 11.439070066772883 5.2249461270104725 nan 0 0.8673675867454683 0.11972640057345632 -0.20718704912210775 0.08402868539642491 3.5896881052794036
2460647.8354338035 7 12 0 -1520.313235996795 99.69593164528979 5503.7827619140635 2766.718103362652 0.03875970647514442 0.021803222050292243 9.679771428355732e-05 5.233968566755525e-05 16474.938280419225 0.004926465137061995 0.05479207833073866 4.996209968134261e-06 -5.660010001074814e-07 1.1367736469694526e-08 1.8958936051850086 0.07647490998114242 1.629167450877943 0.8699511307776617 0.31609236671570634 0.17538567624359722 nan 0 0.5178093341984188 0.2658680740374538 -0.6623865963041207 0.16978046922627338 3.7484825632486443
2460647.8354338035 7 13 0 -1346.0506234196491 132.15720807575752 1943.4818003799637 1281.4852617171364 -0.010713676312757874 0.007383786676898534 1.8550591928255747e-05 1.3383387769016289e-05 16592.580390671064 0.007314424775603361 0.052321653595851024 5.700462232700571e-06 -5.464519955840235e-07 1.213558794279873e-08 1.8138871103391971 0.09067732133209501 1.443502321088229 1.0247601687893246 0.9604449199149996 0.728861471227942 nan 0 0.8383588650085086 0.8735115886971088 -0.15005603664636022 0.5605719513838788 2.9077365568315092
2460647.8354338035 7 14 0 -647.1058884138548 149.93668370943539 1842.9359549252583 326.2225302490034 -0.032396815244121614 0.006015792867504268 0.00011459321956572954 2.0459623564484467e-05 16704.509427607078 0.010056125866919428 0.049663871968727506 4.845620810807125e-06 -6.729547556965022e-07 1.2106096126874066e-08 1.8054665369602048 0.08383692882182808 2.082089705944774 0.6305984016694661 1.0740224140206756 0.23628063927560813 nan 0 0.007923084050460605 2.7163896815312207 -0.11855836217818191 0.15609511296107884 3.189930704810262
2460647.8354338035 7 17 0 -1073.4803351161227 109.56870918368455 2973.851518014306 1556.4873794487776 0.016037761081317176 0.008781679266397963 3.225166651218797e-05 1.854067268794609e-05 17209.97871234513 0.0055899778857408785 0.051123114422326935 5.577343823496951e-06 -6.193503554498688e-07 1.1535314709928894e-08 1.8324946604916146 0.08615111651729758 0.8668475607888918 0.4989681675911537 0.5779011525016132 0.3112281867672254 nan 0 nan 0 -0.45418946595474496 0.2857599486676038 3.2931457721094475
2460647.8354338035 7 18 0 -1927.8258545119786 78.14469949706479 1807.2081165513293 74.13097761363485 -0.014519610671782148 0.0032890150695225754 3.961779532715066e-05 6.881019233209256e-06 17503.306724121823 0.004516607251646567 0.05810657696445431 3.5057696262024367e-06 -5.50083164492711e-07 7.699442317918795e-09 1.3792918338610072 0.07821167546235484 1.2065599974956656 0.07518504072497335 1.1505561859358997 0.3369912599512124 nan 0 nan 0 -0.1825026655690544 0.033637776849563386 3.9768855480556713
2460647.8354338035 7 19 0 -1786.2268834349716 82.90605503366656 1380.0367294477403 19.853345537553505 -0.005004081685839739 0.002419689383172997 -1.297491405458707e-05 4.9935208182527416e-06 17628.018570593154 0.004213441207254253 0.05550055698141229 4.0133264139926415e-06 -6.068796097904847e-07 8.508851131154337e-09 1.230217120374485 0.0712578047122235 1.4576035058932915 0.04195301043740838 0.6625799979489454 0.3733444789855055 nan 0 nan 0 -0.050121354844964223 0.01370189228903784 3.9870707963534056

2460666.7973373244 8 4 0 -1441.3293454850777 248.9963647304613 1077.7460370761166 3638.234493838407 -0.029884684974326593 0.10113614427144535 5.74441521015019e-05 0.00019434975901537284 15247.901650548542 0.012675583182929029 0.048163305661402867 6.189419265753458e-06 -5.088998375486846e-07 1.3840412825569457e-08 1.5409031255105572 0.13020102021375296 1.4757425986686326 5.221686821292103 nan 0 nan 0 5.071528279530867 17.446804610533214 -0.17306371324960176 2.7920767236631465 4.500631026342261
2460666.7973373244 8 7 0 -1664.244837237917 162.87417363216093 1256.2786200011906 252.43825246028337 0.03688840828874568 0.007075110718373956 4.868530833285903e-05 1.0654544805526476e-05 15671.38201260778 0.009358548644107711 0.04947141328074484 7.577244069008329e-06 -5.671629691255171e-07 1.2962328879860226e-08 1.384030836563937 0.07704752338065467 2.4732395674835272 1.471420220746089 nan 0 nan 0 0.9861083629049673 0.2521621833081342 -0.1312771138859861 0.1747565407951447 4.124846088002474
2460666.7973373244 8 8 0 1563.7450299365469 87.13717345943637 1155.1531059081778 141.50479771236624 -0.2407303426077457 0.029462009768409517 0.000973802633991946 0.0001193807362452234 15777.152136899063 0.002214539586972688 0.046984512900068456 3.133958954171474e-06 -5.804946959311736e-07 5.7243249073842585e-09 1.1835796888231715 0.05300632321402159 0.1306333322039287 1.9403873661422217 nan 0 nan 0 0.8226025407021432 0.12976358829901752 -0.21198957623182813 0.09677072963875029 4.126133002933803
2460666.7973373244 8 9 0 -678.564219404693 102.57874882122567 1983.857452987156 310.5659582160043 0.03897556986769387 0.006760581107913241 -5.963652062010013e-05 1.1580995799824738e-05 16004.571575606407 0.002685822897197832 0.053221329995058686 5.703127974934667e-06 -4.693059878733938e-07 8.648120074957138e-09 1.1096723556831976 0.05022029626319425 2.930329505119457 1.1377032895432195 nan 0 nan 0 0.571338919703733 0.10985884161722123 -0.3835941491791365 0.09681197359513337 4.418173959700835
2460666.7973373244 8 10 0 -1660.6838397512222 84.79842099920614 2082.416222353241 370.6456400086767 -0.04627605448527927 0.00883744143199202 3.08709036174061e-05 9.800919185768356e-06 16118.903469418128 0.002714808208370434 0.05086864989891855 4.922005150820715e-06 -5.414663780643078e-07 7.3758697889442605e-09 1.175487947791733 0.05044297607923116 1.239361272100382 1.1917809844946172 12.859991649301435 4.702950522214319 nan 0 0.5490620961352569 0.11764089410694577 -0.4258702349395005 0.10242263424894112 3.9176210100671183
2460666.7973373244 8 12 0 -1070.873220186736 108.24225549392783 3613.3443269195436 1549.7483685249329 0.05150842881168123 0.023164874723474352 0.00012082181700869627 5.383547888404938e-05 16474.987679687987 0.004839856953703766 0.0547882725512558 5.005667520566171e-06 -5.672602384504659e-07 1.1025774423336962e-08 1.7878695594287495 0.07898762101988759 2.0793074616011005 0.951783320231825 0.384653044496906 0.18578605691311337 nan 0 0.5845259342585875 0.2574515790305933 -0.615722860698837 0.16490026817408493 4.089199879603915
2460666.7973373244 8 13 0 -934.6108337524316 181.96696101307623 1688.4178110481505 1249.7734637475905 0.000862517373335092 0.0027422716396920477 2.4927106267177706e-05 1.9211701803211607e-05 16592.632871086098 0.010513273337725823 0.05232869802388735 6.809300565232617e-06 -5.585466543293892e-07 1.4900637119555718e-08 2.084789299929149 0.131081614550829 1.4197536949562921 1.1226686390149934 1.0258543184512416 0.8761053112736144 nan 0 2.0270443635243356 1.6860749087246552 -0.16655571061601246 0.6170880168621337 3.283737495640613
2460666.7973373244 8 14 0 -502.66919890116213 181.05475261147538 2575.284113036324 1047.4520577383005 -0.016785671830552712 0.0075510982322423 0.00014504204365831585 5.843599523122921e-05 16704.551052433046 0.011992007052422435 0.049666749734627626 5.234074155455009e-06 -6.870245918115117e-07 1.3627596182614958e-08 1.7424255528666592 0.08735092773421584 1.0313161299012679 0.5390710277824662 0.5731244320862142 0.26316173560630185 nan 0 1.0612717614646214 1.8690133229937624 -0.4525170501195944 0.2227226981063951 3.553241756660319
2460666.7973373244 8 17 0 -1099.7186674169827 127.87626179670727 3131.5241818978475 2326.138820162546 0.03180954553655624 0.023176590012995227 2.2811490211784935e-05 1.9323195647300946e-05 17210.01604518242 0.00641354684091469 0.05112171122214536 6.060763171536681e-06 -6.11101145084463e-07 1.2426391378486768e-08 1.8460867754366963 0.09841570668327031 0.6281031590256477 0.5021382258438138 0.46752648442321726 0.3541706065567896 nan 0 nan 0 -0.5636090496688956 0.3242348343757486 3.585213478247176
2460666.7973373244 8 18 0 -1760.1215509977042 77.00761310306379 1456.0692681142384 65.61126663023647 -0.0006526602830714335 0.002705807344620038 3.293068489484123e-05 5.772207749318634e-06 17503.360402469036 0.004685237086382037 0.058102630621923494 3.5327105164359286e-06 -5.501051270679317e-07 7.84284397432084e-09 1.4892623411074033 0.08604413923221743 1.0642031236124965 0.07442985183669519 1.2900140444402637 0.3577751402975451 nan 0 nan 0 -0.17577087160652383 0.03725763544978362 4.167181479077185
2460666.7973373244 8 19 0 -1473.200922541842 95.99435327104077 1244.4824103916217 23.899665561039157 0.0076352605971955765 0.0022862217165409526 -8.502594884692045e-06 4.729784524824798e-06 17628.073712039633 0.004920295760144877 0.055498639387759334 4.396230354675116e-06 -6.035698412120121e-07 9.066298419528542e-09 1.395559688763312 0.0802048452152041 1.2359289066202992 0.044796675216495274 1.1679870349785193 0.39715858695183337 nan 0 nan 0 -0.05622328098502033 0.018186683518574904 4.199687679281401

2460674.742469253 9 4 0 -1705.5759303705909 308.2411338015025 935.6895651833643 3541.291338552126 0.00282158997237638 0.010677135881091152 3.414374561878657e-06 1.3784748746898466e-05 15247.894432318326 0.015680749049693302 0.04817669194616887 6.357247099766294e-06 -5.528079619427735e-07 1.4112297780186572e-08 1.6290013430870323 0.14064517779354685 1.6941337533031973 6.781023997926709 nan 0 nan 0 9.824047631282436 38.10237933418314 0.22284450514167292 4.6289298458684485 4.49629442655644
2460674.742469253 9 7 0 -1951.0416820991345 146.61666506302348 3759.115664737864 2066.452244210968 0.09363267793639017 0.049701576692984875 9.857070337155151e-05 5.435813220926192e-05 15671.369308776266 0.008546641977440341 0.04948053756756604 6.4969773600294995e-06 -5.592913643821385e-07 1.13357323228234e-08 1.4686032943873755 0.06385213360700998 1.9619196092484394 1.1748135474046077 nan 0 nan 0 0.3274149150174327 0.19688309388892353 -0.6413990474144987 0.19719541118454995 3.395074022343652
2460674.742469253 9 8 0 1034.0680768389489 88.8416172956584 1331.6714681248234 174.5320260354211 -0.2994424750270563 0.039179424588490254 0.0011336962927733477 0.00014865936194117266 15777.138591360506 0.0023221276504577365 0.04698493549783857 3.295734260850601e-06 -5.783553921058887e-07 5.995458487104112e-09 1.1814510892325 0.05523592764550888 -0.08861430692377192 1.9627672166783232 nan 0 nan 0 0.7941935392466718 0.1333892369065328 -0.20586759293408022 0.10432027750227969 4.221360962486902
2460674.742469253 9 9 0 -749.8775503357624 93.97575181148008 2276.816997220206 307.28655886173283 0.04779119566789534 0.007047935400595435 -5.9215407869447785e-05 1.0538773743511417e-05 16004.56003815621 0.002445953057126336 0.05324740076450804 5.1848392793274364e-06 -5.027077580972943e-07 7.762666464295488e-09 1.178645795007547 0.04435384110994352 3.035143858465251 1.0464999220524671 nan 0 nan 0 0.6115879195087117 0.10225249369912381 -0.33509113043287 0.09004202555691804 3.8055689648812687
2460674.742469253 9 10 0 -1398.3919322533322 80.26689670971375 2339.0857451466422 383.848524490935 -0.040156490892230334 0.0073232024639157895 1.187635027609179e-05 7.81513511764883e-06 16118.907838708066 0.0025404671979642433 0.0508615984156202 4.3255423228316385e-06 -5.532266474358447e-07 6.416086685568174e-09 1.2204826874956514 0.04423136273960129 1.113587055102972 1.107476567493332 9.96325729839816 4.180146095372753 nan 0 0.5672302283661587 0.11221974496749648 -0.3687439163888043 0.10381471156804384 3.318567459537263
2460674.742469253 9 12 0 -1087.7077303117476 108.04904804038101 6407.947578354061 4493.354753467373 0.05571752460913268 0.040730086669154876 0.000125464446097778 9.115390517950356e-05 16474.982650624253 0.005105569934246352 0.05478283205309902 5.167084687115006e-06 -5.528506188364924e-07 1.1461429935837137e-08 1.9034603059201558 0.08222555605675252 0.4065786649411884 0.35127724023835455 0.26524264227525735 0.20190545896879059 nan 0 0.4217051518094766 0.30109577968300266 -0.6956192391564555 0.21350178000237022 3.7981216043226733
2460674.742469253 9 13 0 -1242.3159808194641 162.1566566499026 1901.4203590409809 1395.2619956173871 0.0020084166812274506 0.0030230570152656724 3.4776301126933044e-06 5.8010951873406214e-06 16592.620422128057 0.00923106690787356 0.052331956834064164 5.858579086277671e-06 -5.66373886259178e-07 1.3122212929931888e-08 2.115945313503009 0.11507581890978956 0.6702527570087261 0.6128794063666376 0.9824260218324775 0.832277059608945 nan 0 0.8076535232444831 0.9246285634592436 -0.09538091695086852 0.6639715660428224 2.8210081111321896
2460674.742469253 9 14 0 -268.0267097694443 169.70360928653028 3508.2843576395476 1604.0790745523075 -0.04837692060495063 0.021846836872260154 0.00017742771101378975 8.033977166213224e-05 16704.558692519895 0.011368560683327932 0.04967735440507866 4.7898307649669e-06 -6.710240695046795e-07 1.2924217304483033e-08 1.779233839595198 0.08185244231257624 1.008572775887521 0.5333530324995961 0.4785298563320576 0.24261222042728062 nan 0 2.045904966785729 1.6901013500786368 -0.5173764363165522 0.22070446751434128 3.217001500063098
2460674.742469253 9 17 0 -919.0432006749863 134.52898851043378 3493.30428864955 3266.3694872941146 0.04168839112324893 0.03827628529913532 2.000893136286081e-05 2.096697991691048e-05 17210.053506289027 0.006996722592289748 0.05113512560156193 5.500609575187418e-06 -6.202153225304278e-07 1.15167846095613e-08 1.7638130010986828 0.08809200984108391 0.5381359261837174 0.5371717400985797 0.38743094812451256 0.3681853460711995 nan 0 nan 0 -0.5274051902991431 0.44196986226673546 3.298408833639046
2460674.742469253 9 18 0 -1556.6012634596245 71.25905236666961 3032.8486797249284 370.16430699695775 -0.010409379770732538 0.005407980546497491 6.084498691624909e-05 1.2979571753579468e-05 17503.36876958054 0.004299352148032201 0.05810881115653822 3.2799102897585507e-06 -5.559394699632088e-07 7.26864519334303e-09 1.4917523055081308 0.07596822582262765 0.4601617605105362 0.06962778212832156 0.637568318847478 0.21515245064396246 nan 0 nan 0 -0.49576313343109685 0.0616239168871248 3.8983850633580874
2460674.742469253 9 19 0 -1266.0878047693423 94.94324413110854 1470.107432670867 37.915972953698564 0.008615093156440113 0.0025361317193123584 -2.7239300222292693e-05 5.312337838918857e-06 17628.087438062208 0.005087776803901939 0.055497329454620555 4.159106720424589e-06 -6.069812034655057e-07 8.610316712563117e-09 1.3055492909002349 0.07554829974853744 0.8551825965878689 0.038035541135854216 0.3811065649156009 0.34053592684983164 nan 0 nan 0 -0.11862264709377332 0.022810852125755378 3.9653809233276944

2460624.8335913285 10 4 0 -2752.944118911548 276.32667852870406 1162.5160838305549 3307.3510856751855 -0.013008477727035946 0.03729227696268103 -3.0614383192602354e-06 9.587820989064587e-06 15247.85095806593 0.01401702662124654 0.04817497956005687 6.721085107683389e-06 -5.466732910581321e-07 1.4625646807189544e-08 2.022314174237429 0.1833537282245777 1.8056645326721181 5.422436862706501 nan 0 nan 0 2.426001354501728 7.161602753406413 -0.13793399456614558 2.4531522194208217 4.608790332670102
2460624.8335913285 10 7 0 -2153.3833477350163 162.82826648066316 2042.170440249124 617.8988758106981 0.06965219604454106 0.02015434447452361 8.5883960793343e-05 2.645602894582386e-05 15671.363815079696 0.009587930916964055 0.04946877489324182 7.774271491255183e-06 -5.716331530668083e-07 1.3327729247842929e-08 1.6987376523119107 0.07752637681361756 0.4381569490134283 0.9049667669006273 nan 0 nan 0 0.6356128517615021 0.22561816166266976 -0.40948301987389113 0.1788058150200476 3.7666009356125683
2460624.8335913285 10 8 0 783.5848080938185 88.49351233048621 1284.200295049947 166.6142088424712 -0.2583862193637819 0.03350175470799808 0.0010629093903471467 0.00013792866134826033 15777.137278099759 0.0023750708288820294 0.046977247943970485 3.2854386998094084e-06 -5.890454235079624e-07 6.131489840153807e-09 1.2606815478933173 0.05431728697185199 -0.0636988493998123 1.8346454608862965 nan 0 nan 0 0.8080073593152325 0.13457536473125445 -0.19354093054181842 0.10488536003237572 4.139279921288233
2460624.8335913285 10 9 0 -1281.4267985772915 109.5180150791051 2125.377896939852 323.25513561417085 0.052267976502208935 0.008421809431975276 -7.453431324122232e-05 1.3416438201673757e-05 16004.53149856956 0.002987136755454831 0.0532278874117991 6.714354264536635e-06 -4.993903247781842e-07 1.0015941568079226e-08 1.3899155550959046 0.05388104891019245 0.6725532192661521 1.1002993199743512 nan 0 nan 0 0.6281671917310822 0.11881363192785198 -0.3633715171721927 0.09715983769345526 4.410380554785631
2460624.8335913285 10 10 0 -2057.4298982221853 84.22148811967425 1484.7146619238829 146.646590749535 -0.04792644126109531 0.005316189865582959 1.3999199242252765e-06 5.365477010473328e-06 16118.926521528469 0.002773185716912754 0.050866873790299735 4.949381990870104e-06 -5.682441734566266e-07 7.925063640926827e-09 1.3248483351210723 0.05348414874775631 0.05249934508959031 1.91311188749351 0.5736001996275562 6.077634976784879 nan 0 0.9712629442612438 0.12856057344790287 -0.11093327275083713 0.0881611204672859 3.775979919086419
2460624.8335913285 10 12 0 -1741.2081235362762 96.47700748663515 5267.327558075161 3088.1365787505797 0.0877549100381932 0.0526389940115734 0.0001296408779722811 7.815620317426707e-05 16474.981230477195 0.004937654460125363 0.05478843392479299 5.3528642181851636e-06 -5.598806780063726e-07 1.1850895423893371e-08 2.0489523903749842 0.08488716100375131 1.8271693669922189 1.109197769372903 0.26633790606472035 0.16968324497688467 nan 0 0.38414139204315445 0.22949326419077315 -0.7079901630038986 0.1712532702464741 3.7656994096271443
2460624.8335913285 10 13 0 -1900.427691959468 181.9672153289951 1714.742208669194 1475.228263011734 -0.00322137015858949 0.0036561332402841942 1.0901509871236265e-05 1.0803517441454789e-05 16592.598669704126 0.010317636923561616 0.05231338015779642 6.590446954332007e-06 -5.597613490083299e-07 1.4530239637910752e-08 2.218543947270439 0.14293974892747652 1.9959534988269843 1.784567642408763 0.9420740176101783 0.9319435180944117 nan 0 0.8385837368674224 1.1004305214873606 -0.10150013225920022 0.7731737079898808 3.1993900895294427
2460624.8335913285 10 14 0 -1196.875911945176 182.2358047534814 1826.8712068002567 401.9501843903188 -0.034910450089161216 0.007868703868122292 0.000111214244840406 2.4555006871658297e-05 16704.508208453015 0.012458119068096575 0.04965711421090967 5.876970527460441e-06 -6.614404201817219e-07 1.490969869280671e-08 2.121872486096477 0.1138050270017537 1.8132000339028769 0.6885808364405622 0.9780613604313128 0.2635419232885901 nan 0 0.09929060640317748 2.8825072747333964 -0.18560365681925745 0.1792402572705309 3.6325442409949047
2460624.8335913285 10 17 0 -1452.6664904282643 118.08173424133668 3518.13013415626 2287.098144488089 0.0013399739646610593 0.006298338932510207 -2.702267893398642e-06 1.2451760107576946e-05 17210.010418490896 0.006308776158736941 0.05112570623619909 6.415660238986274e-06 -6.346196358686593e-07 1.3172722361876667e-08 1.97723701987836 0.10500443848349358 0.6854891105351854 0.4829461498328072 0.5312865122267284 0.35292111635613616 nan 0 nan 0 -0.5716657306951598 0.2785304074794553 3.7149634975625996
2460624.8335913285 10 18 0 -2315.62815382187 75.67570126682584 1712.860523730743 75.03523394271792 -0.003188779130173145 0.0031814328055839738 4.013961862086289e-05 6.757877338785367e-06 17503.339695947958 0.0044605082772396715 0.058093317279702926 3.7951556089872914e-06 -5.4565902885289e-07 8.513461502202297e-09 1.8290841189720284 0.09733773510219307 1.0686499364190183 0.073127527804302 1.48412765786305 0.34557516540536865 nan 0 nan 0 -0.225566778106235 0.034032337708142076 4.144951957542374
2460624.8335913285 10 19 0 -2232.350750250573 81.91544949697803 1309.8009621805784 19.283369531444404 -0.002824403788156014 0.002442373483742762 -1.2678196943685072e-05 5.038962493798436e-06 17628.048700072482 0.004427000806908915 0.05549310010244167 4.523625483688014e-06 -6.075398593390929e-07 9.570802347125287e-09 1.4954338999295531 0.07965424735046 1.5042260293097198 0.04432825739695303 0.8053572313180107 0.40997194333821996 nan 0 nan 0 -0.02584285580828141 0.01438241069142112 4.243228102278134

2460600.758799942 11 4 0 -2591.3987596773145 217.517041600395 1025.9475362347873 1854.0365482307577 -0.029700083513102472 0.05387122232928258 6.712849251471831e-05 0.0001219915532736889 15247.872189558313 0.010971905248628934 0.048172340716177736 6.477681545931019e-06 -5.114270114068982e-07 1.3822211485236412e-08 1.6921148595567799 0.14718863400756305 2.1660166966826595 4.179405423811541 nan 0 nan 0 2.6995913284846114 5.159387895172972 -0.21247723278864286 1.4237021638431342 4.893379778019727
2460600.758799942 11 7 0 -2470.872116541637 179.42051587076037 1056.3234658093866 145.59372580502372 0.03998039797404178 0.005353350528136111 5.243533190117405e-05 8.317872215129439e-06 15671.351703190225 0.010155894094788393 0.0494830952190346 8.83971851487639e-06 -5.40813835161143e-07 1.4609620348274167e-08 1.6582575247134528 0.08486086991012146 1.5365689164124088 1.6172417565738586 nan 0 nan 0 1.4038567455515292 0.26091641074386585 -0.0666219726097094 0.12889321206689366 4.344587183732003
2460600.758799942 11 8 0 783.9853826575071 99.01934665383864 853.1161984874034 67.10428549059586 -0.15755411020284238 0.012501372152109745 0.0007228287589342102 5.702697056529158e-05 15777.141245785959 0.0024443071602166465 0.04698541673738938 3.2852608091889906e-06 -5.793940432062679e-07 6.246628407588966e-09 1.2494943456542633 0.06103050271937671 0.028041231483991957 2.543923238580738 nan 0 nan 0 1.3223019874070046 0.15034179356734642 -0.03787936145897517 0.07602402213298541 4.793137164126496
2460600.758799942 11 9 0 -1245.1511590215607 118.65037791856513 1231.7950443756274 100.78483660855761 0.03807921419388096 0.003797886124569294 -4.744118740659654e-05 6.291840424675019e-06 16004.567181359722 0.002941908020850263 0.05322630836716979 7.187517463894239e-06 -4.7364025859998174e-07 1.0563730564744634e-08 1.3704783895847088 0.05796795502302894 3.238654944633675 1.6849245916251148 nan 0 nan 0 1.166833620873546 0.1364001499925008 -0.12312451369509636 0.07224965085115632 4.860572763116532
2460600.758799942 11 10 0 -2138.815941910415 99.46539983144568 1593.453184723127 179.21258953332386 -0.039665808767668134 0.005380646982460273 6.357540071990115e-06 6.587826021052157e-06 16118.904409485784 0.0029614788742563327 0.05086582132734098 5.713828828761036e-06 -5.585630007532619e-07 8.92504034085342e-09 1.4796235474658832 0.05680028006134953 0.7485005646728966 1.6294670857513431 5.346434372676486 5.561873519816645 nan 0 0.8858494484616259 0.1302888643849281 -0.29789031074325795 0.07929647858043659 4.293600916143523
2460600.758799942 11 12 0 -2003.2916048457955 109.25963668931058 2024.9446920400471 420.10832043598737 0.04260497867728607 0.009863893510738103 7.145280177946153e-05 1.698729834756693e-05 16474.97673620674 0.005163705365503229 0.054797509676237185 5.5724196373761955e-06 -5.33253841025782e-07 1.229352104577313e-08 2.00763501578966 0.09117298928233163 4.1452065803942775 1.0582313192370405 0.719449530808015 0.18587190643234205 nan 0 1.0690185682197029 0.23695399705457298 -0.3906375580228565 0.12655040897664588 4.424587735949196
2460600.758799942 11 13 0 -1936.0600745568083 164.05496714060058 2566.5666970856955 2613.516979078268 0.012476801412179063 0.013692852154257518 1.6345151101005304e-05 1.885862416318047e-05 16592.604798016793 0.009172451253004272 0.052315947113285625 7.072884848094618e-06 -5.457628016287328e-07 1.6174223767926484e-08 2.240520994199188 0.14239465599999554 1.3445059079676644 1.393850556568985 0.6608221895953945 0.7459207766066955 nan 0 0.6656076853984391 0.8499104444405062 -0.5000707461526808 0.5091769401917094 3.590903810144228
2460600.758799942 11 14 0 -1388.2198274122936 161.09038766356957 1282.5424310391395 156.85233774073055 -0.01545800654209921 0.003008918912790204 8.525356850753966e-05 1.1147032534786417e-05 16704.514029610204 0.010954411478263516 0.04966972354390113 5.555329760083033e-06 -6.278078990998189e-07 1.4276715855102815e-08 1.8234851937104197 0.09490684935209664 3.2612956482353073 0.8482386196290994 1.5122831614793124 0.2502972317598349 nan 0 0.7793468234859404 3.7287990966363127 -0.016585396756228506 0.12034022531240791 3.9811880431937516
2460600.758799942 11 17 0 -1624.9756708053167 113.77518943748957 2404.14489616409 1188.6536573801861 0.01776999409516723 0.009132358502457008 -7.473485629773001e-07 9.429725098796473e-06 17209.999892118652 0.005699466215669512 0.051141036216607164 6.922793525085629e-06 -6.086540233472625e-07 1.3253843258760853e-08 1.73511678047304 0.0951882202043302 1.163404325634801 0.6383828141631399 0.7551741633351522 0.38649566293614246 nan 0 nan 0 -0.473342137344248 0.260515310126169 4.200053082395089
2460600.758799942 11 18 0 -2263.456281247803 90.61782480339458 1288.8344922696233 43.83187522297341 -0.0052517934720967665 0.002803728762109283 3.433019884675574e-05 5.851617736337254e-06 17503.33898630623 0.0056469077902158065 0.05809811764428028 4.535247674371735e-06 -5.654765955080955e-07 1.0221938273517572e-08 1.8904000897003022 0.12303406525676006 1.612494607877551 0.09242133947168478 1.9703782168260835 0.4257736171618694 nan 0 nan 0 -0.1594206192742476 0.02869439039153188 4.8136295004444145
2460600.758799942 11 19 0 -2161.496958148452 95.76804277988059 1128.909847397535 15.41981475646901 0.007496953830631937 0.0023701748273917537 -7.86115999392273e-06 4.900160009743812e-06 17628.052478577712 0.005193841273451698 0.05550362288050701 5.363094803487724e-06 -6.189942663273233e-07 1.1312823402161822e-08 1.939284204099628 0.12299789168345764 2.035857275968969 0.062040020957641495 0.830996299138191 0.5019569003150096 nan 0 nan 0 -0.020284310666103502 0.013385945903683898 4.773668073961

2460604.821429683 12 4 0 -6107.0420409680355 2408.7705138734 115.66480311196794 642.3658330748193 0.0043269540774904846 0.023807122313668785 3.016515057622034e-05 0.00016901924090328543 15247.80138808945 0.11159132311308448 0.047965833955741735 0.00010398806711445952 -7.079460115351212e-07 2.1878718360384395e-07 22.89546760081088 1117.7803792953525 5.327914101409186 35.228297501555545 nan 0 nan 0 52.81440715379675 324.4135481934205 -0.2875905387753234 3.9703347343716766 88.62911820872019
2460604.821429683 12 7 0 2349.461703587057 674.2716918074759 85.9978705368118 405.80228641784834 -0.002263122014958325 0.011690718143071623 7.5772961142859265e-06 3.5478446626224e-05 15671.43333569107 0.03754989453281887 0.049476379978343615 2.7768219353018584e-05 -5.725140390969263e-07 5.023732965177759e-08 -0.020070436860468405 1607.1184648420112 -0.020251289861171945 21.087874412869475 nan 0 nan 0 0.5614316745509368 3.172967834912431 -0.009571014512229255 4.6752615758236375 59.55819573995183
2460604.821429683 12 8 0 471.61126194625945 inf 131.9736807683104 inf 0.006094894864579214 inf 0.00011274658097513773 inf 15777.072630449667 inf 0.04698398626204852 inf -5.239423038102961e-07 inf -0.009028505495482286 inf 24.227954555732268 inf nan 0 nan 0 1.0142686320779597 inf 0.18402466284322117 inf 36.550479431572136
2460604.821429683 12 9 0 3000.8535258355364 549.4932163050149 164.92205182512697 148.38402407343247 -0.009189967412193384 0.01021458720086279 1.2313132878356386e-07 9.910013554246157e-06 16004.544011085123 0.019832625449050623 0.05315517590521912 2.962815890573909e-05 -2.6187966594114023e-07 4.8326593876833875e-08 0.016888463781905217 83544.19202283838 -0.09070554463069458 24.404942467841316 nan 0 nan 0 0.8539712829038287 1.0962513211558234 0.01675512071867582 0.9208058303420111 65.80124248105854
2460604.821429683 12 10 0 -4771.586974036325 410.8355387921253 184.00777908045305 315.0669493651658 0.00525936373955937 0.01013392816303395 3.496742969431532e-06 1.0342281797150761e-05 16118.78954269538 0.01868147163411801 0.05079774117834461 2.0665643657674726e-05 -6.442179579640287e-07 3.8841060674739375e-08 0.019860768762488594 937.6669954124113 1.7672135170211454 23.640649683932534 64.37167410585474 139.23613577468797 nan 0 0.5017357976356653 1.0753083566423574 -0.03630825799201177 1.6537493713255302 46.50032153452051
2460604.821429683 12 12 0 -5844.264290038893 503.3047831788763 60.54272404463118 58.14013875945514 0.02303048797573944 0.022289523434624557 1.9909247016214505e-05 1.9808443344315416e-05 16474.896421906386 0.025332921758224984 0.054845200936457124 2.7119199005526612e-05 -3.344005163405254e-07 4.0305069780394445e-08 0.018414791268812736 7907.7971701445485 -0.06518919709010607 14.903052224527404 1.6022598435323065 2.596796000983459 nan 0 3.7096866997903204 4.767007136264343 0.19963382239553212 1.1568063305915388 85.07988883952378
2460604.821429683 12 13 0 -1434.1449007888941 513.5610801641958 99.6356398692207 283.35385152866843 -0.00017761609090964753 0.002504016108286024 1.3825346513964615e-06 6.5501728242459446e-06 16592.622757569952 0.03016848262863053 0.05240035211078102 2.5432699462784086e-05 -7.515209146471839e-07 4.7455501497325225e-08 -0.020155678662709457 1326.7130780242733 -0.5590873821160848 7.630590237404659 1.3602122949024804 5.023507546961812 nan 0 19.651460871949375 61.96347452993304 -0.031166976514345537 2.758704599414004 53.99967641088798
2460604.821429683 12 14 0 -19171.872434317633 626.2174104028679 56.063907404580476 520.7006823950046 0.005668212355426355 0.05261478674976897 -1.8833653871511168e-06 1.789257404101143e-05 16703.304613187192 0.03530587021498956 0.049013351866548004 2.6254411615111204e-05 -6.902465617277513e-07 4.964179625276906e-08 0.019403807529525995 3241.941621899111 23.070270168809213 251.91139100536324 0.26665118928369436 2.767163226567949 nan 0 62.327982372665275 630.4332283147357 1.0759958929002211 19.293105873512303 52.25554831008963
2460604.821429683 12 17 0 -9771.643198184076 2308.0942505049406 77.63358331552932 121.86120288243494 -0.0008359387607774866 0.0034700405482247262 -1.3032815869454632e-05 2.173776929630054e-05 17209.699980785903 0.11325308437193024 0.05132705178273392 0.00015710091607313323 -5.327140325602628e-07 3.0196933257031915e-07 5.4016750089176675 18.024275606457078 3.645643870156008 8.053331680292096 0.0006555093021201747 2.87361445985726 nan 0 nan 0 -0.1039955463573795 1.4097194371716955 80.81778409881736
2460604.821429683 12 18 0 -4174.106510192818 inf 7.523808964429283 inf -0.0008086889071589814 inf 1.4727467659021926e-06 inf 17503.043682135423 inf 0.058064660591838596 inf -1.1000572419730284e-07 inf 0.001200706371929039 inf -0.04831273159530577 inf 5.437628220524642 inf nan 0 nan 0 0.7368372220297633 inf 171.46665142740858
2460604.821429683 12 19 0 1343.5161214239936 inf 74.9540136914854 inf 0.01270488215442478 inf 9.40399467131281e-06 inf 17627.99512255907 inf 0.05552019032228616 inf -1.4804669260475706e-07 inf -0.004001807360574927 inf 1.0124838318153524 inf 0.026489658244910508 inf nan 0 nan 0 0.18606712801601563 inf 83.67740840942636

2460280.813205721 13 4 0 -2963.4190158887063 345.63387791605004 1031.9234152687518 7432.260794757509 -0.032452525907212836 0.23393572928552023 6.105111090021484e-05 0.00044016484131999294 15247.87308104177 0.017750062626993413 0.04818084717137136 5.4259394281794874e-06 -5.037199996197198e-07 1.1906856007529381e-08 1.5458724644873483 0.11758813005178302 1.0350738496655199 7.716285820527692 nan 0 nan 0 3.8837286243685893 28.264603008101844 0.034699097949209584 7.452855262198951 3.861365843004632
2460280.813205721 13 7 0 -2715.97536382135 134.07168748308746 2399.1191842190024 684.0564742598693 0.09577118733144742 0.026220856627359762 0.0001233138990777676 3.530944265836261e-05 15671.36225191932 0.007799965393212628 0.04950295122953487 6.476059345336984e-06 -5.640624323300619e-07 1.0884209124343577e-08 1.3552265786230477 0.06319850970303825 0.7159746854276847 0.8025116927907363 nan 0 nan 0 0.594432623121306 0.19736800552891187 -0.4359450584852946 0.1609346941696754 3.5703171675727994
2460280.813205721 13 8 0 908.3707647548283 77.09953327923822 3474.6697923670968 1074.4752788345172 -0.6927701077680892 0.21396600820672187 0.0028693376083803847 0.0008870850108263633 15777.179675217967 0.0019117855491572152 0.046984895777293686 2.9019960103379704e-06 -5.972300185750329e-07 5.175060224232719e-09 1.1875880191108739 0.04360870031323124 0.005671935449961448 0.7273889036388134 nan 0 nan 0 0.30629261636770955 0.10507677307753961 -0.6461366433674718 0.1095256265012328 3.755064689166626
2460280.813205721 13 9 0 -1376.6315632705387 90.45905836487654 2592.9667258254894 378.73188084498696 0.05680478694767108 0.00885531031495752 -6.633254908825955e-05 1.2785689534686758e-05 16004.561242713635 0.002393213558305725 0.05322239863360972 5.32400878004899e-06 -4.703905931332197e-07 8.009002042889237e-09 1.135338734141299 0.04370146200508122 2.4874320159278915 0.9636943196826994 nan 0 nan 0 0.5561263688524046 0.09938103039992788 -0.41706854552865513 0.08542486697188045 4.004491880676551
2460280.813205721 13 10 0 -1953.0283978469577 74.8322477187326 1926.5129302901603 212.64328624447737 -0.04882960160449399 0.006230990278192232 1.9248390444338833e-05 7.502668713163203e-06 16118.922148358568 0.0025528549010577196 0.050888500979609286 4.57073396618744e-06 -5.387553049926594e-07 7.367939051030531e-09 1.1073996110783424 0.04871243498328775 0.044861478366913565 1.679809879754664 7.897120971570757 5.344141214390183 nan 0 0.8205395691700972 0.11788739224107753 -0.21092873567908776 0.0874106398905828 3.834933165733228
2460280.813205721 13 12 0 -1908.0068371095795 89.03615888394617 10841.464849258387 11691.422607620694 0.13594331438902624 0.14823966416258189 0.00038312461955693217 0.0004148116309887501 16474.987704250416 0.004481683663703259 0.05479139695671212 4.705775440560679e-06 -5.746646675900923e-07 1.0565850130623641e-08 1.8307613238635738 0.07072245696014291 0.8855952490190775 0.9698399854441626 0.13895374918538317 0.15651345756648935 nan 0 0.21367767002983495 0.2322937191917541 -0.8420132325010589 0.170400358224771 3.5500728672760924
2460280.813205721 13 13 0 -1750.1389053450366 147.82915132341483 1958.2515944314584 1398.5872457702092 -0.008765773134410654 0.006634733317359661 1.9520965252146613e-05 1.4938389919167922e-05 16592.636204213086 0.00824423762290953 0.052330715521009784 5.877603163617269e-06 -5.562581307926148e-07 1.2448865832874358e-08 2.0294214416900247 0.10503476206125892 1.5185235454012507 1.1587926892849243 0.9608967215141493 0.7899285924099001 nan 0 0.8102173658476475 0.9335329733443375 -0.09962857332583133 0.6431974648627581 2.867041968780189
2460280.813205721 13 14 0 -928.6882539290808 155.35153338428196 2067.009425787584 403.13543139742796 -0.02260073705527044 0.005204610163318892 0.0001277790995839948 2.5044792317114762e-05 16704.60096064725 0.010405127518470671 0.04966645051136009 5.043768854698442e-06 -6.893821995271242e-07 1.2438643223778582e-08 1.6865800495562837 0.08224016815737228 1.1959766143614796 0.5586045956992546 0.9928923749426727 0.23835915935393942 nan 0 0.04395348139372962 2.682942273530443 -0.16180497668709223 0.16353576254332067 3.389822549427479
2460280.813205721 13 17 0 -1316.2976222615287 159.4551178356228 2751.6923727799185 2857.0968556087046 0.02615527386024532 0.026567588311886346 6.21121764733283e-06 1.0709394912479747e-05 17210.033483726467 0.008699748960280548 0.051126169871526246 6.184256328042563e-06 -5.839897210346475e-07 1.3320035280472995e-08 1.938461905479358 0.10664397039754203 0.6088657320614991 0.6828178690442154 0.5671390684138349 0.6002849240413798 nan 0 nan 0 -0.372298346400713 0.6518636960246951 3.538781097972342
2460280.813205721 13 18 0 -2236.063843331073 75.11399096856695 4158.94104844028 1139.9184776720529 0.02125908128647392 0.00920143178601447 0.00010668498561265975 3.2113383110085996e-05 17503.355243563932 0.004610560252099108 0.05810591960575241 3.339361398026082e-06 -5.512226276738944e-07 7.425517358925979e-09 1.7082691934458163 0.08154188088688398 0.2478934534745209 0.0769647327597159 0.5885765227720191 0.21641601069860142 nan 0 nan 0 -0.6423758444484161 0.09807888347992456 3.759664084795325
2460280.813205721 13 19 0 -2158.0064126598672 94.22027874213623 1750.4514774954373 64.49345604937918 0.008787981855341643 0.0031446606248544456 -9.56518294549902e-06 6.541425353216374e-06 17628.06524492982 0.00536660771036456 0.05550435233721764 4.35390646899299e-06 -5.966888709764667e-07 9.067567665389522e-09 1.3391941282549804 0.07652089107132573 0.6153181855706161 0.036809643775872494 0.8893923328052864 0.33638000613251084 nan 0 nan 0 -0.15819845639449462 0.03113121479456155 4.097599473505674

2460285.8067494896 14 4 0 -3022.7762548327396 422.3908850697291 1700.5444724885497 26576.054040944127 -0.04098318520530841 0.6408697093872467 0.0001094586281338309 0.001711221874048589 15247.870915218871 0.021595077542404282 0.04817530678999228 5.452625771563915e-06 -5.419435986918994e-07 1.2151522784259448e-08 1.705079948701054 0.13022042121792643 0.5847446832790255 9.318828532919577 nan 0 nan 0 2.7342021094687365 43.05366038802579 -0.27835506898917517 11.27827674394345 3.726047530924944
2460285.8067494896 14 7 0 -2500.2221653473853 137.10551924564723 2788.6025231258263 946.5248562911693 0.08893112867556481 0.028982772630832994 9.402861716162048e-05 3.248325635226921e-05 15671.385128563656 0.008094579536502822 0.04949074321926344 6.50538484355811e-06 -5.670651630583915e-07 1.1179547060530415e-08 1.3441693320581676 0.06284362348446772 1.3933036882690195 0.8343480542934717 nan 0 nan 0 0.4966189086576207 0.19252822194246488 -0.4976096378931407 0.1706187057522337 3.5802604510889546
2460285.8067494896 14 8 0 1257.3902841339748 74.46545986137559 1475.971243651644 167.63767300815655 -0.30123693123261314 0.03419258809043368 0.0012265341457869904 0.0001393750291737917 15777.18980256208 0.0019803308871087343 0.04698082718671791 2.7412229888021526e-06 -5.966779754871439e-07 5.051761630092679e-09 1.059203060248359 0.046464439387645745 -0.10736230803711955 1.6579232631391803 nan 0 nan 0 0.7742105211964381 0.11257833069017148 -0.21435178510944863 0.08944653004716505 3.790770095148712
2460285.8067494896 14 9 0 -1239.3625507866857 97.04451166421283 3520.5038610098873 844.9463829711378 0.05978509503186607 0.014812332198549343 -0.00010958774608064226 2.8144232693388545e-05 16004.58603920268 0.0025776016509144353 0.05321856332015091 5.7469988202000435e-06 -4.6684053283884986e-07 8.722799491398832e-09 1.1890203975243214 0.047124382201471506 1.7171337872758672 0.7933835580584386 nan 0 nan 0 0.3707499549144323 0.10226546497955093 -0.5753223277548287 0.1021390512098413 4.15526673761734
2460285.8067494896 14 10 0 -2226.4464030584923 72.15061848337892 2093.4131608151456 253.595773025208 -0.06390785368659418 0.008386077032509843 1.9368205867886267e-05 8.118208863152731e-06 16118.930358203203 0.002441835257565697 0.050871473607582325 4.411788972279792e-06 -5.519232356116012e-07 7.0565798234394795e-09 1.0825806120334875 0.04571066557844542 -0.035282725873708065 1.419704166122855 8.846893037973366 4.7515774958214285 nan 0 0.7109962032688801 0.10910921190519199 -0.3011423877991332 0.0849355433371679 3.8072246485997647
2460285.8067494896 14 12 0 -1902.7741034161747 92.99454812216813 6423.908430899652 3776.71415210484 0.05173025490505269 0.032486668225264026 0.0002308289452124273 0.000137616838570824 16474.993910164307 0.004389010297242267 0.05479794938302927 4.688790992784306e-06 -5.633523660580738e-07 1.0522856209468577e-08 1.8842902451119383 0.07294333822252606 1.247113331362313 0.7634304036195501 0.24853190782674756 0.1576670368775276 nan 0 0.36692135916584695 0.21885821074930775 -0.7434056290859813 0.15090073827821882 3.6541093160845044
2460285.8067494896 14 13 0 -1938.9835462112515 163.6428558176348 1871.8559587694988 1625.7739509568312 -0.01370188557503426 0.011981487992833252 2.5122817389496726e-05 2.2378620680386832e-05 16592.637394920603 0.009045735314553424 0.05233100792309841 6.105286027173148e-06 -5.663984413202718e-07 1.2804303046337909e-08 2.254863940068405 0.12719636851681893 0.9837111851962101 0.9380117392040013 0.9165768938726259 0.9039030912099087 nan 0 0.8827684903126735 1.0652110408091977 -0.11429737636439448 0.7694207695943927 2.8636520067871287
2460285.8067494896 14 14 0 -1191.2453535638226 160.75090242327593 2754.0077296625013 853.6189164907262 -0.028635742891396202 0.00931033611246079 0.00016398860231379536 5.042285256907224e-05 16704.569673760714 0.01088551431645712 0.04967232735545532 5.145822986610567e-06 -6.694503417632371e-07 1.2945211367927843e-08 1.7981007016867558 0.08812620549752545 0.6617547358570272 0.4139340248621818 0.6601335176791724 0.23520223816695354 nan 0 0.6450060184152588 1.914120767438304 -0.40580473763210234 0.18421406870313817 3.3759582424000416
2460285.8067494896 14 17 0 -1480.9797003281594 178.84632839318581 2440.410337446004 3149.6615519692873 0.019595443856371443 0.024761414496276873 -1.62084972101706e-06 8.546393213981105e-06 17210.07275055115 0.009700282164632094 0.0511311305142912 6.22872624237887e-06 -6.150883299961493e-07 1.3447573199688191e-08 1.8618607231337225 0.10611197662674636 0.5585528963739442 0.7739692790730673 0.49437656197031976 0.6490355520825403 nan 0 nan 0 -0.34153164244507933 0.8499622781752066 3.5833279347527154
2460285.8067494896 14 18 0 -2100.461762424781 80.12052224171018 9406.877111054248 8846.148909586489 0.008810431474875034 0.018370394766939843 0.0002625341212305476 0.0002475899421311189 17503.370237441737 0.004962387440106632 0.058104956790891726 3.4853603298711976e-06 -5.499894351014623e-07 7.673088304185193e-09 1.5657907638887238 0.0827754362453678 0.0878952874087152 0.08659425920313137 0.4028635234894473 0.385146647039259 nan 0 nan 0 -0.8433977800081286 0.14729398108579966 3.886310410382907
2460285.8067494896 14 19 0 -2099.4312313337223 104.83214699063359 1812.270417195451 87.36172737862552 0.004721599484082627 0.0032787789253247877 -9.288699243033053e-06 6.822200116403268e-06 17628.065233023342 0.005980972903749833 0.05550299019032072 4.4530652184346435e-06 -6.060046206351174e-07 9.235918196370104e-09 1.3811795263063815 0.0811259468512771 0.5253912315342423 0.039505299776361844 0.11131382341307443 0.3375271433371173 nan 0 nan 0 -0.16926595874119732 0.04016442009353626 4.108153811546064

2460300.7913322095 15 4 0 -1972.4929031441563 382.6608048597481 1169.6326123597594 13241.742012460849 -0.03057799665072772 0.3463924379344663 2.8547616674818692e-05 0.00032369586431514483 15247.897408875839 0.019638936335607385 0.048184425379237915 5.78344328617748e-06 -5.261130282690398e-07 1.2874257995187911e-08 1.1544407700887713 0.11003469963812755 0.7435906548408975 8.629067691868796 nan 0 nan 0 2.0133182160306586 23.003088944796115 -0.21380944706861485 8.901174181715357 4.568082587638285
2460300.7913322095 15 7 0 -2486.5019391897304 165.845907421466 1699.2061839985965 512.6266430328074 0.053188185591343605 0.015274484597399121 5.732423428099699e-05 1.8130439482579e-05 15671.378336141554 0.009688425971791958 0.0494959907516135 7.875301520143527e-06 -5.624545217642193e-07 1.3434080551173016e-08 1.3269434629700794 0.07903028337669417 -1.023598744713948 1.1273972069735312 nan 0 nan 0 0.6787657402969772 0.2443618529495692 -0.3605722904602944 0.1930551017888305 4.386036716068068
2460300.7913322095 15 8 0 1238.5519511441933 99.19502862902348 1039.9560343986534 151.67278434102084 -0.2200807052218836 0.03206761844298224 0.000864298622738221 0.00012616062520961452 15777.205342136744 0.0025517936149289334 0.04699440829206611 3.5923665200183978e-06 -5.751637439217205e-07 6.569610107413286e-09 1.0608082171137734 0.061763066220550805 0.22066785247508403 2.2350747126511354 nan 0 nan 0 0.7944787140166981 0.14884473534946208 -0.21519600270734762 0.11474243422930573 4.980113091515244
2460300.7913322095 15 9 0 -750.120025723978 117.58540070148987 2443.9125003774307 592.443977749199 0.06779373747148665 0.016553155573125134 -6.834071496528304e-05 1.8742598252648634e-05 16004.558944338909 0.0030388886389443206 0.05320961958784506 6.668090526931142e-06 -4.432987858417557e-07 1.0105967068668472e-08 1.1795616964876028 0.05570552599068798 0.9054444758988899 0.925952922034744 nan 0 nan 0 0.42329105572320375 0.11985705406619401 -0.5180677560185064 0.11710758284515574 4.892785233092418
2460300.7913322095 15 10 0 -1643.8530461345729 95.89523907432026 2840.2665530299805 843.7338515522214 -0.05011880743039244 0.015600018860699517 2.5626865736002633e-05 1.4586128536563662e-05 16118.92012637069 0.0030827086614417195 0.05087244169053849 5.605772614957154e-06 -5.455829173431113e-07 8.374778127588618e-09 1.1757189275074549 0.05550777920879284 1.1874672089639124 1.0463961550709682 5.33423030450555 3.759852254680038 nan 0 0.3824971430616191 0.12981210510918764 -0.5696601988575737 0.1280387375354904 4.410049118117723
2460300.7913322095 15 12 0 -1573.163429069998 118.09195895351942 5479.01266112299 4499.150357084321 0.10688578859575651 0.08863189262855319 0.0001650401090198485 0.00013753292989857378 16474.99193995083 0.005459263219538209 0.054796708087790816 5.517867805018673e-06 -5.498367693650857e-07 1.2319725286878875e-08 1.8914916247269165 0.09141858525963917 1.163061280290389 0.9841957042193636 0.22817981088247968 0.2012309025002705 nan 0 0.3584429882303133 0.29862516356326974 -0.7550382171466453 0.20120947664557837 4.329052892272468
2460300.7913322095 15 13 0 -1102.613570589084 156.96645510217746 1788.9777928429094 1364.209810252307 0.003138094748701199 0.003947821991255974 2.089519486708094e-05 1.711228860284935e-05 16592.649030639244 0.009053014249918521 0.05233513596910631 6.926463558287266e-06 -5.385476862180468e-07 1.5272415925345507e-08 1.772716515785531 0.11048634534453064 0.5804439531337825 0.5835362448935624 0.8781347642112619 0.7695452008388549 nan 0 2.2727256032326477 1.8782178136383432 -0.2500979486330419 0.5720027311096947 3.5684077181555156
2460300.7913322095 15 14 0 -639.5203793551278 213.03889915943353 2188.5345050014325 815.7448021923317 -0.01702280210616885 0.007107453302118503 0.0001238362190428189 4.5882868486853945e-05 16704.62749494645 0.01418773650446631 0.049668275655997594 6.075989703574759e-06 -6.886294575151836e-07 1.6055323041882147e-08 1.8850270281285373 0.10937008661853562 0.8566708240892755 0.5463578687141215 0.70136352265921 0.30251116712775644 nan 0 3.2723427575966384 2.6989204095252215 -0.36591373553868084 0.23641244155875218 4.039596557305973
2460300.7913322095 15 17 0 -860.860462323917 154.5353032739962 2888.1804712014773 3231.571534680395 0.035882338327884386 0.03942195227814897 9.246950321806266e-06 1.4726494535187053e-05 17210.06491280357 0.007974809595002576 0.05112081178756876 6.6901187974303935e-06 -5.964802163598538e-07 1.3825529391681784e-08 1.5646541781718741 0.09709063526509522 0.5295934754785978 0.6329198783412784 0.47922372516333295 0.5445566568198873 nan 0 nan 0 -0.5405473640924552 0.5141781102615197 4.135713082681564
2460300.7913322095 15 18 0 -1702.1172136544924 91.07987463084764 2612.2350866572056 533.3109121164159 0.005080828768133713 0.00583288897688125 5.325306875643074e-05 1.5753871817514865e-05 17503.39018252585 0.005600641195741914 0.058111828197978756 4.163585809054426e-06 -5.596139490125377e-07 9.227840645907153e-09 1.460013449927764 0.09607975064625017 0.3588985584211827 0.08744101313146348 0.6777613414402269 0.26101005677914435 nan 0 nan 0 -0.5594951135568762 0.09002255263293585 4.92189869414143
2460300.7913322095 15 19 0 -1563.9251698779817 112.45049079656773 1311.7121642934248 42.29442623000165 0.005276639202672684 0.002683991478776331 -2.020756144470604e-05 5.5932364566669006e-06 17628.0361422057 0.00596949120394364 0.05550201829981051 4.9136038598733625e-06 -6.037441723412864e-07 1.0054893901504723e-08 1.2831891044044486 0.08664460395873072 0.8105026713294948 0.04464755876434754 0.002909009693330321 0.39957109154602544 nan 0 nan 0 -0.12392300934831571 0.028356406122372318 4.6748172386302125

2460230.868964207 16 4 0 -2862.274398639763 368.89670247621336 1078.6128151190624 7710.907869008525 -0.0343682731132854 0.24590625313181372 6.518471436523841e-05 0.0004666697674197784 15247.911393127279 0.018762998428858934 0.048172747842563375 6.9958173251614395e-06 -5.404013583198216e-07 1.5200526688626278e-08 1.689156194253432 0.16363032176177122 1.0246220561259634 7.560359265542229 nan 0 nan 0 0.9401169368203651 6.9112472201936095 -0.3006579930612379 5.000043494653412 5.082234610037725
2460230.868964207 16 7 0 -2087.1870134280657 197.67819838777814 1411.1102575228488 460.894821770881 0.055970324010428764 0.01754172967583728 7.91151232383989e-05 2.618865185048472e-05 15671.473468342314 0.011739693915044208 0.04949953404585237 9.357692385641389e-06 -5.835675561967518e-07 1.634652029784937e-08 1.5633595531456046 0.08869605761333613 1.5965910589619827 1.2716334493507129 nan 0 nan 0 0.6798100174030834 0.26359104626895485 -0.3756320202772537 0.20410020211309854 4.703621203998257
2460230.868964207 16 8 0 1196.4634784953773 125.51855077767412 865.4507684080377 144.70810838378523 -0.1563521815630032 0.026155595748659135 0.0007438947901893671 0.00012442160591220495 15777.199564103175 0.003431778635255334 0.04698822965391231 4.657285791951195e-06 -5.760156312000179e-07 8.741721228670343e-09 1.312428050051641 0.0789777251819085 0.03520383312476577 2.7979432625895337 nan 0 nan 0 0.8964741513235097 0.19661316286959257 -0.12039195207072366 0.14745992217245776 5.754856754492065
2460230.868964207 16 9 0 -803.123215992667 144.20904501921098 1166.9673881195642 175.40415303971716 0.030587523232872983 0.005119314983182305 -4.232529524165532e-05 8.341349850688967e-06 16004.625979421708 0.0039048775383132657 0.053222544577422135 8.776491026206715e-06 -4.7301714842127333e-07 1.3165175680319215e-08 1.3465332385390567 0.07291176676909492 2.861484549884272 1.9025822844078242 nan 0 nan 0 0.8327068508462723 0.16523472953366092 -0.20068908233670957 0.1206873021176494 5.797498816478281
2460230.868964207 16 10 0 -1815.1838459783137 105.61133600981687 1365.5423509237976 223.73152776537228 -0.039470323655367484 0.00701876535043137 8.402027984958021e-06 6.442597956945682e-06 16118.960171325785 0.003434002518261973 0.05087531265392092 6.256036880476988e-06 -5.594887042987819e-07 9.903441753864926e-09 1.3068349595655535 0.06348649172970361 0.6305123327323255 1.806681477034834 5.9561924982199095 6.152220882804788 nan 0 0.7262079597799558 0.14999418463160347 -0.29582917756319344 0.11573494417382295 4.783115666797495
2460230.868964207 16 12 0 -1551.3243226926365 137.28976796418124 2101.971833581648 741.2093393297039 0.011843580783841234 0.006583195721723304 7.482732055289353e-06 1.0452433666724316e-05 16475.026934108868 0.006979282940922812 0.054802262867940994 7.290945034107973e-06 -5.581642679636662e-07 1.602341790650626e-08 1.953138054121768 0.11233313401561529 0.44544966002966035 0.6890676781871478 0.5870846964321865 0.24831743038920553 nan 0 0.9291298026380354 0.3456083870078482 -0.3854838378521485 0.21684089615766583 5.2305652463830326
2460230.868964207 16 13 0 -1589.2370045069413 199.38656183609518 1468.585326134945 1717.6328215714411 0.006343144350235819 0.008032533596843076 2.7222400178942777e-05 3.2265642679775626e-05 16592.657657084113 0.010918920580202095 0.05233048015947632 7.229169379924769e-06 -5.637229771848607e-07 1.6309718765653143e-08 1.8162459419325807 0.12327180666911744 0.9501143171863248 1.195581358832939 0.7798770918982595 1.0261578121150272 nan 0 2.0235317984546923 2.5100154208053955 -0.22477786122822702 0.9068565585866212 3.826292106017232
2460230.868964207 16 14 0 -730.2804475808271 183.4945675052303 1130.419843776638 196.2918226150027 -0.00999554063452677 0.002732696501754103 8.390444578131468e-05 1.4770204371664004e-05 16704.591780899602 0.012591362688919236 0.04967405612328124 6.246459547486421e-06 -6.508816997453114e-07 1.5938651674316486e-08 1.8879787324534192 0.10825473862120684 0.9889529265136336 0.7829999499226826 1.2923153695629734 0.2926091424451758 nan 0 5.575444336538989 4.036540622402574 0.00689739853158133 0.1749248086715024 4.091641757821834
2460230.868964207 16 17 0 -1404.6855334646643 151.9537313113438 2674.1381796066025 2976.212183585866 0.06879424274405267 0.07555643885492898 -2.929175502865341e-05 3.5265870138389004e-05 17210.073203968983 0.008299587316323798 0.051135839335464915 7.671594391826057e-06 -6.314384023167915e-07 1.5574859860445337e-08 1.6829220949095258 0.10770230228803715 0.5415711084900962 0.6472061039175149 0.601847569974635 0.6818942747087088 nan 0 nan 0 -0.5325328570206894 0.5203889703092716 4.578757576128807
2460230.868964207 16 18 0 -1803.3956147882927 84.2010078004557 1435.9885676455056 153.03294077042045 0.01422092942714423 0.0038187055341265264 5.3680125832338724e-05 9.061380436337718e-06 17503.406594377055 0.005271535195995488 0.05810620823259247 4.3577969786292445e-06 -5.578435047230367e-07 9.882250089069292e-09 1.295089015339469 0.09425870028510444 0.5922247927016514 0.08483081701676728 1.4696977820950723 0.3575315502311882 nan 0 nan 0 -0.3822671809333753 0.06596597683589135 5.40898337223525
2460230.868964207 16 19 0 -1860.8331983288654 103.32783667972538 1000.4223624392232 26.56303220665454 0.012798414728560966 0.0023183366623651972 -4.11603171909452e-06 4.789111796769942e-06 17628.11825139768 0.005958467090017608 0.055501756434169686 5.419793426861159e-06 -6.229662789405672e-07 1.1489249950561524e-08 1.2611647832374717 0.09193194427928988 0.9529802018571675 0.046197962932655844 1.0271023547393736 0.47308192572151625 nan 0 nan 0 -0.060077081114631344 0.02506894506382321 5.254406467627739

2460370.536457152 17 4 0 -1941.3272374200392 160.38276275829622 1249.9869665819563 1244.8955147947706 -0.04143560951227807 0.04153344920925288 7.75916515465824e-05 7.812746489092622e-05 15247.859013505831 0.008077055082239501 0.048169260876915386 6.8091163464296765e-06 -5.219441299357112e-07 1.4243639322219334e-08 1.3496107392644072 0.12688384250628243 2.771285382151558 3.002258528158248 nan 0 nan 0 1.5761751948238318 2.14269285185866 -0.316357187704562 0.6813096164815011 5.618437581877883
2460370.536457152 17 7 0 -3050.086158205701 211.53227800479686 1545.8780090585478 541.220116150823 0.06085832250917748 0.020423041350021428 6.793762720810258e-05 2.442167104567568e-05 15671.397800998437 0.01247387759743829 0.04953070922719601 9.81115049816743e-06 -5.558217853787145e-07 1.7409485679514338e-08 1.481068545540201 0.09935628456895139 4.090840776583911 1.9597240188689382 nan 0 nan 0 0.7045427249117797 0.29600613730750314 -0.34096368199147614 0.23092029999649327 5.176318162174281
2460370.536457152 17 8 0 1310.9281135419376 119.83257468547563 863.6053635061285 124.11289288081547 -0.19420959050560188 0.027879510699036582 0.0007208153042298833 0.00010375691699404544 15777.14380989351 0.0030583879128123154 0.046987741183621146 4.44247378435429e-06 -5.76746647409582e-07 8.201996667464997e-09 1.1537136763986262 0.07656101482815171 -0.1283806133237122 3.067972137223843 nan 0 nan 0 0.9757606011279917 0.18913413070433321 -0.1073962932841778 0.12872067403744727 6.060059890104707
2460370.536457152 17 9 0 -906.1657033742689 139.93619522796985 1206.778176373001 146.1500577604044 0.052288751535385355 0.006703060075913966 -4.414194414168006e-05 8.040046509713757e-06 16004.444645062995 0.003685320372031135 0.05323180535441127 8.17895409611422e-06 -4.83602716971048e-07 1.2642559229208227e-08 1.1977550933027101 0.0730507154858633 -0.09964035316830167 2.1458297537709328 nan 0 nan 0 0.9780746899838287 0.16283573691629707 -0.11174668142265648 0.10817123055249804 5.978155960252351
2460370.536457152 17 10 0 -1648.6620006825158 123.59920953824688 3522.640972361054 2133.714395581301 -0.06020551695055857 0.03693431635615448 2.6460557302925275e-05 2.4806798720086977e-05 16118.900549153406 0.004005614684079508 0.050870338030867025 7.395327845613863e-06 -5.486079972292637e-07 1.057695691057298e-08 1.3989973681554404 0.06796669626544863 -2.5490997253358185 1.7319119319166196 -1.6926566543089248 3.073243455945989 nan 0 0.24773516283029182 0.16368529138152585 -0.7153562582635503 0.17258301842163498 5.331394062765371
2460370.536457152 17 12 0 -1172.5314578310438 129.63198876145367 4200.798751354911 3811.011715792429 0.07705542096796877 0.07096303652709712 0.00010108818700211839 9.45738633482231e-05 16474.951919516727 0.0067435130285694025 0.05479867384129377 7.2744422780122985e-06 -5.30861772324706e-07 1.6132757620045162e-08 1.6546247629827546 0.09896219075898478 1.1305676207711435 1.0734482122316493 0.25349661013335195 0.24978572381328729 nan 0 0.4531567126459839 0.41959512206363014 -0.7055980553518638 0.2671757103979329 5.684089147662719
2460370.536457152 17 13 0 -1032.7050478534911 244.80331824189625 1576.9475854389957 2274.2951474437446 0.014774496019570506 0.02181457552159908 2.5330661778964463e-05 3.7039931948158594e-05 16592.617781064266 0.013761730766944135 0.05234196760515175 9.171994848944475e-06 -5.534070543626553e-07 2.0389264397416652e-08 2.213605195488865 0.1869887833208921 2.893436803214212 4.271180993150161 0.8161243656739869 1.3353594246601308 nan 0 1.492816663062048 2.34948328926639 -0.217534706762424 1.1287393996652386 4.216376599998385
2460370.536457152 17 14 0 -21.304785203043632 198.27391570899036 1401.820788014566 397.11027135529304 -0.012413917417394548 0.004572595174421843 9.472010493260101e-05 2.6898326387395696e-05 16704.602777616325 0.014304208189778544 0.04967535038627552 7.265610187858446e-06 -6.859967973074028e-07 1.9258960727704747e-08 1.744413677946131 0.11584044160707851 3.398142826775181 1.2235917319472813 1.0172121496843873 0.3561472647602623 nan 0 -0.09233481509556452 4.343302366858105 -0.11961913518104571 0.24948442347184696 4.917810294873838
2460370.536457152 17 17 0 -836.263984725784 149.86460792679605 981.7716466181388 169.3360922629859 0.0008990055167133149 0.0025277011814061234 -6.952360696249741e-06 5.089680207156254e-06 17210.037098424942 0.008045046842725261 0.05113775717481856 8.896040903664732e-06 -6.186448832682199e-07 1.7509604769839932e-08 2.116301670009652 0.1629882039616961 4.929658811192296 1.154814538861736 1.4262145275665719 0.3519306496939658 nan 0 nan 0 0.2607766869295772 0.21792679676687274 5.1987209427468235
2460370.536457152 17 18 0 -1065.95652277113 131.03479022465592 1347.0179365929614 28.116238091595424 0.004693026514787621 0.0034448089147173914 3.546316210010003e-05 7.253353247828541e-06 17503.38045608586 0.008125151141310157 0.058109466983080886 5.714773095424421e-06 -5.169476792147054e-07 1.2896602438174159e-08 2.2977632378630424 0.192510726737725 3.1000953445327526 0.13130425973819657 1.2615917969978079 0.5875555432292037 nan 0 nan 0 5.999908324524276e-05 0.020955338819106616 5.657030952961714
2460370.536457152 17 19 0 -1268.8274638800108 143.6986670311106 1188.932659179699 18.181141454579116 0.02031274482516118 0.0030043533126461195 -6.603531626428285e-06 6.087835360994572e-06 17627.897590769247 0.007376768454233041 0.055496297890468095 6.673893127780368e-06 -6.026018424498987e-07 1.3628288551349098e-08 1.9167005180986112 0.14703502131259377 3.1534439691337632 0.10970917635971415 0.7449039787291926 0.6139591552335305 nan 0 nan 0 0.04550692482460466 0.015997160833793586 5.734952814772522

2460388.6269674073 18 4 0 -2017.3097350062371 104.42565448330724 830.0771666386112 186.02811696107503 -0.038257164136579716 0.00887805799009582 4.746840624633827e-05 1.1568777508938466e-05 15247.871127354714 0.004973156093164713 0.048180095613353555 5.004314102057842e-06 -5.334755751555042e-07 1.0104524321241628e-08 1.253940199602075 0.09272318416764912 6.838813995536712 1.8571475275493936 nan 0 nan 0 -1.6138560496505374 1.8467288646591187 0.01997330394710249 0.22911873889310005 4.745779321231476
2460388.6269674073 18 7 0 -2176.632410806523 156.78881276634544 1098.1694159990725 117.20242068519465 0.04200270084198132 0.004462666040990763 7.219212864798476e-05 8.731989289881372e-06 15671.354844705438 0.008375222756506083 0.04949797575287407 7.891569925392366e-06 -5.513034849125719e-07 1.2540709511012273e-08 1.4256504520808975 0.07747092298523406 5.887720220632324 1.725549298178159 nan 0 nan 0 1.6334792653982226 0.2447462106045748 -0.062168475440532146 0.1003147624468358 4.335271224099383
2460388.6269674073 18 8 0 847.2739231817013 84.86017693995149 926.1263601417431 46.31889735259936 -0.21448873765373674 0.010863226489469505 0.0007645616280646632 3.8630225767392257e-05 15777.15456318795 0.001904548043343122 0.04698534033219627 2.730137241067633e-06 -5.799662466236158e-07 5.1250286976526596e-09 1.0931469785616241 0.05291016474864251 0.011781492121266113 2.4724930367219984 nan 0 nan 0 1.5963573292573527 0.12333951083826004 -0.03318608331939191 0.04868918997387133 4.55264034506592
2460388.6269674073 18 9 0 -1338.2002118635287 119.21655536059104 1308.0463993065955 82.05467594533317 0.04413111712278927 0.0037006104211877965 -5.156014248088365e-05 6.435847950172715e-06 16004.55717331739 0.0026299394741735194 0.05324999152992162 6.7377824630574065e-06 -5.074169598833954e-07 1.0074582322095884e-08 1.3284633767385243 0.05997789496406997 5.912452746347369 1.850532134497363 nan 0 nan 0 1.4978604472506458 0.14147101468449302 -0.10996751586303133 0.056360574737787786 4.975639867931472
2460388.6269674073 18 10 0 -1434.4181789637432 93.96663227210452 1504.4776339833004 133.95681616517317 -0.035523550952364286 0.004279180355099748 1.8073777429145455e-05 6.6696914481821995e-06 16118.91105915082 0.0026809717024696834 0.05087512378760993 5.3488039070855014e-06 -5.587255331960183e-07 7.944653381648384e-09 1.3580877657190311 0.057780220479146695 7.7558426230411115 1.875708077146782 0.5958487901019112 6.441539255238075 nan 0 1.1551170013888195 0.14245552501508846 -0.22540207463964335 0.06934288371554076 4.421459260091865
2460388.6269674073 18 12 0 -1467.9860920850517 101.04199141268809 2545.8467968286154 775.1872321146069 0.0347267674319001 0.011688337228240146 7.874962706801964e-05 2.63426239778291e-05 16474.967207916263 0.005022370959743771 0.0548001048492236 5.501286306089786e-06 -5.332111616772968e-07 1.2141311273974125e-08 1.764359034888046 0.08267719018398088 2.918295039905432 0.9933873232044105 0.6610077607043309 0.24266752810431835 nan 0 0.8875652600666085 0.28409755039836865 -0.4884319619270349 0.15593563475319294 4.470763434301822
2460388.6269674073 18 13 0 -1533.0145325120743 144.32250420106976 1519.7654269807083 708.4256313555833 0.012562372885909268 0.006620552177571033 2.6111534591478288e-05 1.3168450782355755e-05 16592.601713565666 0.008124565437265288 0.05232538136642153 6.904221075713577e-06 -5.389922419848968e-07 1.5766598619440937e-08 1.9973253539468754 0.12483694143409145 6.5571280047352145 3.2091123100584036 1.4433114903099422 0.8364466534060511 nan 0 3.1037603285756745 1.6848486966220126 -0.11171388266756388 0.41432251667554365 3.495053797033693
2460388.6269674073 18 14 0 -412.94397848528763 144.16148784569842 1374.5144003685039 198.79252740653078 -0.010388548200545536 0.0030295855616904177 8.559224570446455e-05 1.3085293221805173e-05 16704.539471333468 0.01023163243414348 0.04967571382087206 5.337669699981281e-06 -6.732283911250502e-07 1.4546631337557763e-08 1.6692892694590251 0.08785790451879179 4.902718652489448 0.9919915828851831 1.5762216226259864 0.2996848008624624 nan 0 -0.011292407156521023 4.007165236410091 -0.03792061129308152 0.13925063693072084 4.111407065512361
2460388.6269674073 18 17 0 -1053.887252966713 111.57421867203699 1102.583792998773 136.23652538291827 0.005476587240102707 0.002352075336789836 -3.448122264969444e-06 4.615943675578085e-06 17210.04584151222 0.006034525163553936 0.05113947810285386 6.981678183305781e-06 -6.383219667275967e-07 1.3316500773419587e-08 1.7755628894043545 0.11277309682419814 7.519592196638267 1.2753351347353072 2.0729170037051303 0.33457269847623766 nan 0 nan 0 0.19505136089137629 0.14814974374110376 4.326323852187731
2460388.6269674073 18 18 0 -1289.0217726545995 96.09989171996673 1174.4970335865678 14.127851715259016 -0.0017862221995604115 0.0025007575426101093 2.9577839728491743e-05 5.234513468772293e-06 17503.388494847353 0.005673849844091117 0.05812478184105643 4.51289086488737e-06 -5.417623289795009e-07 9.874051285303945e-09 -1.5055426151428954 0.09743424682467607 5.2949819853191435 0.12794063886958812 1.9398044213956704 0.4420703873362862 nan 0 nan 0 -0.014023869202186047 0.011845004114913687 4.712006800769877
2460388.6269674073 18 19 0 -1349.4781419468977 108.7004647663018 1155.552214960487 11.39875108127631 -0.001904009143653207 0.00246217533519031 -3.944539505619443e-06 4.974904609855783e-06 17628.09708033091 0.005343221017787294 0.05550107483810555 5.097259760217694e-06 -6.046597464903539e-07 1.034875850384784e-08 1.3819368132468213 0.10151296446405216 5.267030510162018 0.1196602272763602 1.5449891496760886 0.46805596925518966 nan 0 nan 0 -0.007593614342225226 0.009774743214464771 4.855838547730597

