asas_sn_id,jd,mag,mag_err,phot_filter,camera
609885843909,2459249.5482715,11.638612333272615,0.001443924607057221,g,bG
609885843909,2459310.5183286,11.711292683400972,0.0014077542601040926,g,bG
609885843909,2459287.6515271,11.644537905551678,0.001299547302098198,g,bk
609885843909,2458537.7005039,11.659171626725291,0.0016230186093376463,g,bG
609885843909,2458473.5295616,11.704790837423236,0.003168005782426122,g,bk
609885843909,2458981.2591996,11.673691160843006,0.000715834201005344,g,bn
609885843909,2458154.3523012,11.709434979341765,0.0008563845511148856,g,bn
609885843909,2458457.5979264,11.66849182827783,0.0009570184727101622,g,bk
609885843909,2459277.4349855,11.644219527602274,0.0013477342782318659,g,bn
609885843909,2458606.2907542,11.70378879639845,0.0007776358570039326,g,bn
609885843909,2459247.3611324,11.665700407366364,0.0008395762263975651,g,bn
609885843909,2458560.3442333,11.683952389779868,0.0014339744941710005,g,bn
609885843909,2459250.7520769,11.671347624826332,0.001162089421144789,g,bk
609885843909,2458549.6552216,11.723705826521332,0.001338183955908578,g,bG
609885843909,2458409.4410289,11.77286324227477,0.0018498081027286746,g,bo
609885843909,2458443.7797794,11.679863692423433,0.0012444855680918258,g,bk
609885843909,2459255.6064067,11.724238150611384,0.0014234310119513416,g,bG
609885843909,2458483.6905226,11.698787448129728,0.0007796759368253556,g,bk
609885843909,2458462.7875048,11.652071615721981,0.0011312838086341677,g,bG
609885843909,2458444.6094284,11.743500531323159,0.0017001727485605126,g,bk
609885843909,2458551.6577929,11.705530395013344,0.00117208317295296,g,bG
609885843909,2458810.7804657,11.747824821978146,0.0016111980611447478,g,bG
609885843909,2458532.583556,11.695919241417768,0.00195629966559928,g,bG
609885843909,2458492.5083455,11.720841207569626,0.0010716508162856649,g,bn
609885843909,2459280.6682728,11.593767919024469,0.0017610002139372151,g,bG
609885843909,2458224.2711279,11.659110798335757,0.0008828926659776821,g,bn
609885843909,2459202.3878534,11.861366953895924,0.0023239086912980158,g,bo
609885843909,2459222.3085693,11.63692773035727,0.0009335362010364555,g,bn
609885843909,2458184.3106648,11.707712003767721,0.000868701647426118,g,bo
609885843909,2458893.536341,11.711834454826114,0.0012757022937297852,g,bG
609885843909,2459214.3123319,11.677656020008234,0.0015427381639773767,g,bn
609885843909,2459181.8496371,11.698419146074503,0.0009509348634415421,g,bk
609885843909,2458834.6320708,11.73430714228485,0.0013215191401282915,g,bk
609885843909,2458760.580224,11.705310762970726,0.0008875577231115434,g,bn
609885843909,2459217.3977365,11.654942752192575,0.0009969116955976399,g,bn
609885843909,2458843.6601709,11.742792446258875,0.0013517803177852312,g,bk
609885843909,2458911.5180111,11.690364328438669,0.0009462478465961307,g,bk
609885843909,2458840.3167837,11.848240509143482,0.0023066496657145157,g,bo
609885843909,2458398.6098133,11.721051209587623,0.0010046179142183794,g,bn
609885843909,2459062.664694,11.827005028581086,0.002152444924174091,g,bo
609885843909,2458075.8332793,11.675444258294604,0.0007809652242520396,g,bk
609885843909,2458748.831547,11.739983951905712,0.0018586795529705845,g,bk
609885843909,2458129.635008,11.664622873506483,0.0009233266232348431,g,bk
609885843909,2458452.7267124,11.67184592075212,0.0009297095296118047,g,bG
609885843909,2459102.5646907,12.015464627592195,0.0037713487252606665,g,bo
609885843909,2458765.7387771,11.69661006074994,0.0017466384717111038,g,bG
609885843909,2458855.8077213,11.714889178146247,0.0015033490209767739,g,bG
609885843909,2459198.7760293,11.672980133290988,0.0009381285313514474,g,bG
609885843909,2458107.5387707,11.653028082833783,0.0009453625364234655,g,bn
609885843909,2458523.6289878,11.716977716216427,0.0012078470162033745,g,bG
609885843909,2458211.5474004,11.695191736674708,0.0008628984529754171,g,bk
609885843909,2458567.6084642,11.70556781214086,0.001389719377001242,g,bG
609885843909,2458227.5404431,11.684841646488266,0.0007076520340840779,g,bk
609885843909,2458586.5236448,11.701770760455332,0.0011373700647059764,g,bG
609885843909,2459219.4840863,11.673348777119445,0.0010025583882206453,g,bn
609885843909,2458195.3182101,11.690882599783158,0.0004966078547804962,g,bn
609885843909,2459314.556999,11.638865230572344,0.0013298503552912305,g,bk
609885843909,2458514.4749435,11.674748839822326,0.0007386728842829751,g,bn
609885843909,2458429.8220113,11.689293389396374,0.0007608921876532046,g,bG
609885843909,2458538.7001456,11.698239940536087,0.0014615445873340255,g,bG
609885843909,2458781.8443856,11.72665866566648,0.001318185701368781,g,bk
609885843909,2459222.7737781,11.69709191238774,0.0011789610578550663,g,bG
609885843909,2458619.485305,11.714307786860338,0.001934325691926275,g,bG
609885843909,2459192.5725157,11.670510532219991,0.0007823518706892669,g,bG
609885843909,2458247.4720772,11.697994638782394,0.0012487166415702747,g,bk
609885843909,2458801.7441921,11.66183908469965,0.0020102265736972593,g,bk
609885843909,2458986.2361745,11.918442081148935,0.002828555573688879,g,bo
609885843909,2458463.2890901,11.78376365276425,0.0017721705546002663,g,bo
609885843909,2459220.652838,11.636837363308967,0.001308453143392892,g,bk
609885843909,2458487.6909781,11.729908202648986,0.0011818823251390105,g,bk
609885843909,2459247.6971618,11.639411233144925,0.0014011546521002065,g,bk
609885843909,2459258.6191442,11.678337000948495,0.0008826570082295258,g,bk
609885843909,2459213.414543,11.61476445702893,0.0019045458255080203,g,bn
609885843909,2458087.5651133,11.61715474746001,0.0011695203697565395,g,bo
609885843909,2458861.8148079,11.667488145293126,0.002458994118354127,g,bG
609885843909,2459250.435681,11.68852279900289,0.0008655632882635621,g,bn
609885843909,2458622.4688824,11.679965432326052,0.002106219198727292,g,bG
609885843909,2459190.8147709,11.691926101517165,0.0012773147208300915,g,bG
609885843909,2459342.4953044,11.650475763653954,0.0012479701307504727,g,bk
609885843909,2458822.7168278,11.722227231750875,0.0014128032301581556,g,bG
609885843909,2458375.8080289,11.72123544399156,0.0010961443410151947,g,bk
609885843909,2458613.4851741,11.673952464186762,0.0009784105440643026,g,bk
609885843909,2458906.5776144,11.694583291396485,0.0007946360096868568,g,bG
609885843909,2459198.3082717,11.632250363200809,0.0010519443149066123,g,bn
609885843909,2458776.7479038,11.699123434924765,0.0011413425072615768,g,bk
609885843909,2458570.5265133,11.711674843533562,0.0009703251441252958,g,bk
609885843909,2459249.527451,11.607615414280069,0.001584716169698205,g,bn
609885843909,2458222.2838328,11.67609993746578,0.0006100771858545893,g,bn
609885843909,2458452.3892975,11.679892992467062,0.0006902997582172746,g,bn
609885843909,2458550.6612825,11.710950178375512,0.001017923844005065,g,bk
609885843909,2458467.2878986,11.778762754654885,0.002383715506033658,g,bo
609885843909,2458482.3301358,11.744828108638837,0.0014168425669625207,g,bo
609885843909,2458467.5887736,11.6825826949588,0.0009483929213347874,g,bk
609885843909,2458479.5981345,11.672377489572272,0.0013155742935729985,g,bk
609885843909,2458767.5200352,11.6954908975948,0.001286036949165117,g,bn
609885843909,2458604.2724888,11.673906562820004,0.0006201754093506247,g,bn
609885843909,2459186.3689047,11.636989840033769,0.0015744417109096113,g,bn
609885843909,2458547.6688537,11.694529950588155,0.0009551354723219565,g,bG
609885843909,2458198.3052564,11.655633116704928,0.0008389634564087663,g,bo
609885843909,2458153.5817159,11.660521492940067,0.0009822365408004741,g,bk
609885843909,2459100.5601519,11.912384279354063,0.003218568305889623,g,bo
609885843909,2458752.883852,11.692192618069225,0.0009531532310416887,g,bG
609885843909,2459212.4034446,11.653701142216942,0.0011075252803423952,g,bn
609885843909,2458134.6488655,11.670914193972138,0.0008058079919188869,g,bk
609885843909,2458559.3484612,11.706413323769926,0.0011466157775337276,g,bn
609885843909,2459151.7142028,11.602411446765386,0.0020783068071841227,g,bG
609885843909,2458067.8124198,11.65875767218666,0.0010301185413699448,g,bk
609885843909,2459231.782786,11.715022783883915,0.0011336394614700055,g,bk
609885843909,2458588.5110273,11.703822656773395,0.001243517384551456,g,bk
609885843909,2458698.6745256,11.833449667664869,0.002149764232657019,g,bo
609885843909,2458199.2697881,11.692281924056083,0.0005791494821504993,g,bn
609885843909,2458769.5896132,11.692919675737727,0.001462300954952809,g,bn
609885843909,2459278.6746866,11.63711309564857,0.0015291921006230448,g,bk
609885843909,2458553.6120978,11.7056618144887,0.000924227745797305,g,bk
609885843909,2459237.7993163,11.629201269455331,0.002091958417354842,g,bG
609885843909,2458842.615312,11.680048436298273,0.0010481133235081949,g,bG
609885843909,2459318.5617312,11.605885428953037,0.0015719174381383873,g,bk
609885843909,2458903.5354414,11.724153438841793,0.001238331274778002,g,bk
609885843909,2458392.8636457,11.7071905229796,0.0011630574396978583,g,bk
609885843909,2459192.2994727,11.90501751272654,0.0027492905065086472,g,bo
609885843909,2458465.562847,11.704212946128239,0.0011428042679445121,g,bG
609885843909,2458197.6189524,11.719712372496572,0.0010210382571388854,g,bk
609885843909,2459223.3119425,11.675301511390362,0.0006343453451093546,g,bn
609885843909,2459072.6832056,11.649636808723722,0.0035765883469256275,g,bn
609885843909,2458862.5719557,11.711172973576105,0.00189539080309072,g,bn
609885843909,2459235.4363957,11.662024311001591,0.0007142657260947249,g,bn
609885843909,2458704.6773887,11.662787664796204,0.0009563415583629462,g,bn
609885843909,2459208.698772,11.647372999047828,0.0013420101090200825,g,bk
609885843909,2458086.5761634,11.657352959939722,0.0008754634634247135,g,bn
609885843909,2458512.5841698,11.672758876736282,0.0007853895178821793,g,bG
609885843909,2459149.7865052,11.681398412522594,0.0010699299876813274,g,bG
609885843909,2459200.4387248,11.831065530168187,0.0021971797697515876,g,bo
609885843909,2458894.7231741,11.69304567447792,0.001302385206599323,g,bG
609885843909,2458864.4271765,11.827972878745022,0.0021650205101203415,g,bo
609885843909,2459201.6209662,11.624916895822537,0.0015955492358788838,g,bG
609885843909,2458408.4720064,11.727903861895925,0.0012622497191799723,g,bn
609885843909,2458708.64127,11.815994816376392,0.0025505477228780467,g,bo
609885843909,2459092.6037525,11.846296198090883,0.002793760502633905,g,bo
609885843909,2458402.6157778,11.766478818013775,0.0015631799159935397,g,bo
609885843909,2459226.4142161,11.881373432401155,0.0024842980392654956,g,bo
609885843909,2458584.500666,11.714479428042779,0.0010889991935845486,g,bk
609885843909,2458909.6689094,11.641912003046075,0.0013521437762827112,g,bG
609885843909,2458824.6531724,11.744169483849443,0.0013782767710450023,g,bk
609885843909,2459174.5813727,11.660117059670645,0.0014962189078176985,g,bG
609885843909,2458158.6417891,11.663505002721084,0.0009422293165389979,g,bk
609885843909,2459211.7746443,11.623517782399729,0.001879216165468795,g,bk
609885843909,2459230.7416856,11.603790900944997,0.0015553455590383784,g,bk
609885843909,2458576.570568,11.721534566992354,0.0012908985594830868,g,bG
609885843909,2458506.6578693,11.730313478371803,0.001701584266838185,g,bk
609885843909,2458928.388291,11.85227086430439,0.0023212251776586553,g,bo
609885843909,2458228.2534036,11.711522093353882,0.0008734725345071233,g,bn
609885843909,2459165.6298891,11.621582491602862,0.0015372309089030306,g,bG
609885843909,2458068.8562637,11.67359234050702,0.0011442562433091339,g,bk
609885843909,2458107.4957686,11.610235307611411,0.0012773174311947917,g,bo
609885843909,2459283.6550359,11.643954765291406,0.0013127586372647865,g,bk
609885843909,2458377.8992827,11.74057904319239,0.0013553644122231826,g,bk
609885843909,2459129.5332101,11.609038429280147,0.0016703504081865964,g,bn
609885843909,2458438.3889129,11.753150447264462,0.0015400981446440259,g,bo
609885843909,2458139.6578247,11.665263622180134,0.0009105875090136472,g,bk
609885843909,2458161.6209095,11.682686017112275,0.0005825403764369955,g,bk
609885843909,2458797.4111372,11.837789933422522,0.0027400663993065147,g,bo
609885843909,2458834.8301136,11.703983736224476,0.001733628333799228,g,bG
609885843909,2458164.5934399,11.723688017386715,0.001091766589544677,g,bk
609885843909,2458533.5465513,11.72801713321504,0.0020160817579921017,g,bk
609885843909,2459215.5646606,11.653060345161748,0.001411463702082352,g,bG
609885843909,2459129.5475131,11.869085139957246,0.002981158356524433,g,bo
609885843909,2458697.6893467,11.673770456053507,0.003530155438508219,g,bn
609885843909,2458114.4908539,11.59753270076062,0.0013264039866893258,g,bo
609885843909,2458451.7700517,11.747675747971705,0.0014371104151766811,g,bk
609885843909,2458816.8003618,11.707622904621871,0.0012256321677316846,g,bG
609885843909,2458435.6710678,11.72219400328001,0.0012909384341116721,g,bG
609885843909,2458125.5737083,11.654413767088428,0.0010804135505758867,g,bn
609885843909,2459207.8436917,11.699819667665077,0.0009485095378159238,g,bk
609885843909,2458581.5177209,11.727854677746926,0.0011984658854454627,g,bk
609885843909,2458537.4311683,11.815564737689037,0.0023028755521988264,g,bo
609885843909,2458862.5449594,11.893039795821416,0.0033253763673730674,g,bo
609885843909,2458772.8022817,11.70060047911801,0.0014878636279800918,g,bG
609885843909,2458887.550998,11.713984066460466,0.0016842071257322762,g,bk
609885843909,2458388.6085092,11.71089358191342,0.0013938675385668526,g,bo
609885843909,2459206.5945646,11.623683697951675,0.0015885866594054596,g,bG
609885843909,2458438.7229259,11.676069007064807,0.0008944607609527748,g,bG
609885843909,2458700.9211587,11.705329193233382,0.0009473849330751009,g,bk
609885843909,2458870.790599,11.723891088513367,0.0015767442300559723,g,bG
609885843909,2458583.5047217,11.731007766671224,0.0012360246056964492,g,bk
609885843909,2458202.5581708,11.712330919845135,0.0010943630678405603,g,bk
609885843909,2458211.2376512,11.689814370725744,0.0005148757344856881,g,bo
609885843909,2458544.662367,11.701686732942724,0.0009058050226784968,g,bk
609885843909,2458071.8435868,11.691221351908897,0.0005733390643490144,g,bk
609885843909,2458196.299915,11.65519862887322,0.0009082692561391103,g,bo
609885843909,2458194.3188702,11.678187488980097,0.0008181952249053868,g,bn
609885843909,2459096.6079582,11.625722277516594,0.0018935421193205888,g,bn
609885843909,2459233.6435476,11.696348903850193,0.0007486877549484186,g,bk
609885843909,2459282.6473728,11.635996269316852,0.00147324856676212,g,bG
609885843909,2459228.344943,11.687529852097606,0.0009056708308859308,g,bn
609885843909,2458096.5579117,11.629923188506615,0.0011827017844639794,g,bo
609885843909,2458564.6192254,11.689351246383492,0.002255384152007479,g,bG
609885843909,2458695.9376358,11.68280876922925,0.0020904556058779435,g,bk
609885843909,2459248.4004722,11.650336085286682,0.0011325539497108268,g,bn
609885843909,2458491.8023301,11.659217363157898,0.001082149491692816,g,bG
609885843909,2458185.4991251,11.693998600111309,0.0015322762526800446,g,bk
609885843909,2458166.3809461,11.698663397554963,0.000868848339110277,g,bo
609885843909,2459235.7015739,11.63657227765297,0.00131365723075847,g,bk
609885843909,2459120.5359751,11.628881469610725,0.001683728325974178,g,bn
609885843909,2458160.6257549,11.675941299186592,0.0008572250611754388,g,bk
609885843909,2458540.6944622,11.724466503878405,0.0015133134409588407,g,bG
609885843909,2458419.5714582,11.675685866573922,0.0013049961945354215,g,bn
609885843909,2458603.2873247,11.871249664555732,0.0024638120290576123,g,bo
609885843909,2458218.3056833,11.734445000778313,0.0012772427437971255,g,bo
609885843909,2458185.329069,11.701566137112033,0.0006639757302502953,g,bn
609885843909,2458431.782606,11.67834192556088,0.0007201866593751905,g,bk
609885843909,2458170.6121794,11.663179479784775,0.000944783610874059,g,bk
609885843909,2458473.8147227,11.725311929496838,0.001633228050735609,g,bG
609885843909,2459159.7986972,11.714664312809074,0.0013197289544621487,g,bk
609885843909,2459210.4563724,11.640835538597505,0.001264007574422869,g,bn
609885843909,2459234.7132551,11.662626840165835,0.0010792850476870474,g,bG
609885843909,2458907.6261336,11.701763682532002,0.0011508224682490657,g,bG
609885843909,2458206.5146333,11.680209485918372,0.0012338970873613643,g,bk
609885843909,2458749.8683603,11.722087070210918,0.001388932985358409,g,bG
609885843909,2458040.8845987,11.704143836342062,0.0017271481675120357,g,bk
609885843909,2458497.6937622,11.736636111340346,0.0015295489206602053,g,bG
609885843909,2458713.8840755,11.720723864725251,0.0018404995503224354,g,bk
609885843909,2459110.553489,11.606260207112292,0.0012896971202375753,g,bn
609885843909,2459195.3793984,12.144586086694062,0.005000159147480884,g,bo
609885843909,2458565.6149706,11.68574592290369,0.0018620967529045338,g,bG
609885843909,2459222.3350932,11.776668606257342,0.0016370982933915337,g,bo
609885843909,2458396.5328583,11.778143065642785,0.0016912604446148506,g,bo
609885843909,2458715.8739209,11.707541486104457,0.0013175151082218113,g,bk
609885843909,2458985.2309254,11.80018220620118,0.0018910625082209176,g,bo
609885843909,2458713.6779031,11.855172810365532,0.0041094681725934905,g,bo
609885843909,2459223.3273003,11.8361974200503,0.0021698197119366723,g,bo
609885843909,2459186.4284117,11.807203317477729,0.0024689354062283806,g,bo
609885843909,2459203.3810227,11.761582049359752,0.0015351566814922166,g,bo
609885843909,2458515.7180648,11.697294954737316,0.001049369508722071,g,bG
609885843909,2458447.6544355,11.698394175524117,0.0014299073046641546,g,bG
609885843909,2458043.8788769,11.658814715538346,0.001147609592005696,g,bk
609885843909,2458192.3298919,11.694767827214195,0.0005574773389679956,g,bn
609885843909,2459221.8271025,11.64212043091866,0.0014749262374833046,g,bG
609885843909,2458125.6533119,11.665695836449682,0.0009397713563408466,g,bk
609885843909,2458464.7574288,11.699428920713705,0.0009270216911497473,g,bG
609885843909,2458197.3083079,11.683856459121296,0.0006673266325270161,g,bo
609885843909,2458799.685744,11.720932644014304,0.0022915821776683535,g,bk
609885843909,2458806.8017283,11.683840633276754,0.000991269535765051,g,bk
609885843909,2459199.5347461,11.662276334090372,0.0012447618494329014,g,bG
609885843909,2458372.8275075,11.73703283092186,0.0013333096220640164,g,bk
609885843909,2458542.3473834,11.708668568257913,0.0008367790028705771,g,bn
609885843909,2458458.6107275,11.733639001494476,0.0012591696019983716,g,bk
609885843909,2458793.4084381,11.805882338809791,0.002042470875952022,g,bo
609885843909,2458500.7048935,11.668576439255048,0.0015051764459148888,g,bk
609885843909,2458618.2466723,11.702822474925823,0.0019355977751107551,g,bn
609885843909,2458103.5180234,11.637110142655791,0.0010924223912057056,g,bo
609885843909,2458743.7955845,11.694732028040475,0.001555625880942144,g,bk
609885843909,2458167.3762458,11.639142612917702,0.0009562066693505677,g,bo
609885843909,2458266.1941475,11.734080767636637,0.002074917413871081,g,bn
609885843909,2459285.6128031,11.61771681187577,0.0015487986070295567,g,bG
609885843909,2459225.7908007,11.646303847840757,0.0011405584458746567,g,bk
609885843909,2458480.7383413,11.722906613215805,0.0011729230092367572,g,bk
609885843909,2459116.5561692,11.874289976680323,0.002442633196097254,g,bo
609885843909,2458525.6194197,11.727739430757975,0.001495724461099047,g,bG
609885843909,2459166.7431711,11.674230993509763,0.0010161842210040834,g,bG
609885843909,2458618.4509055,11.692018948067535,0.0008997663462259551,g,bG
609885843909,2458691.6797456,12.099908771042623,0.004981990073830204,g,bo
609885843909,2459187.830411,11.622036489202156,0.0015295934413809267,g,bk
609885843909,2458768.5622692,11.707645197812672,0.0021241081556765944,g,bn
609885843909,2458019.9019982,11.65827985237582,0.0015155633204305442,g,bk
609885843909,2458510.4297799,11.700057078279197,0.0007572533921960387,g,bn
609885843909,2458437.7779963,11.745061607489113,0.0016136045725682706,g,bG
609885843909,2459227.5612179,11.637933326945753,0.0013511429248431793,g,bk
609885843909,2458552.6569438,11.712778238955872,0.0012554477609535088,g,bG
609885843909,2458908.6254582,11.734954112372604,0.0013456306689547377,g,bk
609885843909,2458546.6740167,11.700705145238539,0.001076525518115989,g,bG
609885843909,2458465.3090759,11.712357675477776,0.0009742021550550498,g,bn
609885843909,2459201.6638602,11.603913342768289,0.0015531170737098931,g,bk
609885843909,2458615.2625279,11.679329962695153,0.0010554191523763313,g,bn
609885843909,2458627.2026069,11.802147325128969,0.001944203827470739,g,bo
609885843909,2458808.7789439,11.739302750760574,0.0014308463267058416,g,bk
609885843909,2458195.6241729,11.709202618470131,0.0008475989391638812,g,bk
609885843909,2458807.7974553,11.733424052649603,0.0014074353863595976,g,bk
609885843909,2458507.5727236,11.699570394404507,0.0009632274982360952,g,bk
609885843909,2459334.5014388,11.694716864867837,0.0011288937447446123,g,bG
609885843909,2458449.741493,11.739117085610662,0.0018160356144825067,g,bG
609885843909,2459214.3572094,11.831396551192325,0.0026539613124662827,g,bo
609885843909,2458015.9078868,11.670248124100953,0.0031220433034717843,g,bk
609885843909,2458925.5749186,11.691676729499545,0.0009599055219756414,g,bG
609885843909,2459219.5038498,11.860036206390987,0.0026398362452348797,g,bo
609885843909,2458833.6617388,11.738824108270492,0.0017005740025375974,g,bk
609885843909,2458815.6515762,11.71906446686945,0.0013248440884394287,g,bG
609885843909,2458198.3200691,11.661731064548418,0.0008189142187706657,g,bn
609885843909,2458511.592516,11.716162714212208,0.0012376100221737167,g,bG
609885843909,2459174.5546704,11.87895608620636,0.002532925950567693,g,bo
609885843909,2459315.5559622,11.758024157518152,0.0015959743585122344,g,bk
609885843909,2458503.7978816,11.662631089232692,0.002542043881404555,g,bG
609885843909,2458625.2179182,11.681693822609894,0.000629141747666437,g,bn
609885843909,2458469.3372002,11.67711689304372,0.000614654514335272,g,bn
609885843909,2458826.6505314,11.7277534808625,0.0012457107271158865,g,bk
609885843909,2459345.490448,11.635101423730035,0.0013602114906798206,g,bk
609885843909,2458997.2126753,11.613061769296959,0.0012498111949940868,g,bn
609885843909,2458847.7533573,11.712153973970702,0.0010245395222110753,g,bk
609885843909,2458498.4340167,11.687729797650201,0.00044940003996872,g,bn
609885843909,2458844.7173106,11.70246032750568,0.0013314843292368717,g,bG
609885843909,2458717.9309265,11.697976894052793,0.0036186493447542475,g,bk
609885843909,2458868.6144922,11.692294586378596,0.0008893578247192939,g,bG
609885843909,2458727.6036429,11.812171502015605,0.001936055923912146,g,bo
609885843909,2458223.249778,11.75337177799851,0.001442531126303435,g,bo
609885843909,2459343.494458,11.691810591533994,0.0008943542466800599,g,bk
609885843909,2458545.3217705,11.681256788017265,0.0005728932308327055,g,bn
609885843909,2458860.6011907,11.730374407944876,0.002199045956949087,g,bk
609885843909,2459203.3996291,11.622691039079559,0.00103172516281144,g,bn
609885843909,2459144.6661969,11.646799455112797,0.001262463799724051,g,bk
609885843909,2459146.663231,11.638420037741339,0.0014566461899196538,g,bk
609885843909,2458836.8071523,11.726936758991906,0.001277597795938756,g,bk
609885843909,2459158.8537865,11.599500750631586,0.0018835196071119314,g,bG
609885843909,2459186.852365,11.662016436499945,0.0017922952953791421,g,bk
609885843909,2459254.364541,11.653521904322515,0.0007666343049625936,g,bn
609885843909,2459054.6919726,11.714561022022547,0.002782599674829148,g,bn
609885843909,2458133.6527558,11.699860463566726,0.0006644712212984353,g,bk
609885843909,2459263.6345618,11.65139517334019,0.0012490940716209868,g,bk
609885843909,2459285.5723357,11.627953009735336,0.0013454668362964549,g,bk
609885843909,2459243.4368372,11.669647803326344,0.0016298186492230218,g,bn
609885843909,2458217.5616011,11.679359092947688,0.0006888578202407028,g,bk
609885843909,2458512.5205078,11.660942601985944,0.0009353121996203877,g,bn
609885843909,2458434.8296256,11.703489442146992,0.0010161685764745302,g,bG
609885843909,2458794.6600811,11.714036172423954,0.0016766383560881581,g,bG
609885843909,2458085.5703882,11.667108084381507,0.0010865990547175518,g,bo
609885843909,2458156.3917319,11.688955971715984,0.0004091079426453082,g,bn
609885843909,2458823.4294711,11.788151277536372,0.0017839510256724412,g,bo
609885843909,2458509.4141788,11.745021191487943,0.001542117016266768,g,bo
609885843909,2459338.501076,11.658191714229831,0.0011532375747981987,g,bk
609885843909,2458855.6369752,11.716273248697377,0.0019353266300295056,g,bk
609885843909,2458543.6562036,11.690655908044663,0.0008172627806561844,g,bG
609885843909,2458580.5372879,11.731240414185562,0.0012932374177877235,g,bk
609885843909,2459188.6092865,11.685757074866732,0.0012392148406509401,g,bG
609885843909,2458482.7316418,11.701810368437787,0.0010966808261193954,g,bG
609885843909,2458132.6525995,11.655638417667362,0.001055020247381843,g,bk
609885843909,2458795.4020323,11.854117215995728,0.002653422851218618,g,bo
609885843909,2458831.8090407,11.718542612887317,0.0018870854911496606,g,bG
609885843909,2458464.5465594,11.649391887851747,0.0012787085056183201,g,bk
609885843909,2458707.8984402,11.706316336246637,0.0012285641280618451,g,bG
609885843909,2458513.4922205,11.765985546697513,0.0015646524268578875,g,bo
609885843909,2458325.9449592,11.735464522628513,0.004579072559342722,g,bk
609885843909,2458454.7718196,11.744910666130204,0.0013849826001948022,g,bk
609885843909,2459122.5023616,11.795391302759024,0.0027302966451510334,g,bo
609885843909,2459331.5274055,11.664043173300701,0.0023735702746861516,g,bk
609885843909,2458185.3106712,11.700942903112301,0.0007433990228122875,g,bo
609885843909,2458170.314766,11.639846397549263,0.0010635873284901862,g,bo
609885843909,2458922.4140877,11.682519135364245,0.0015536570597793386,g,bn
609885843909,2458082.8307071,11.660762693646383,0.0009141801720997236,g,bk
609885843909,2458883.7534983,11.701136479537684,0.0011485012131677505,g,bG
609885843909,2458440.7406011,11.700273335153504,0.0009910571878675497,g,bk
609885843909,2458080.5704786,11.665000567525814,0.0007161912214596652,g,bo
609885843909,2458535.7059353,11.719182083301174,0.0020955266297866073,g,bG
609885843909,2458724.8504915,11.701532475614245,0.0009876842064840395,g,bG
609885843909,2458747.5695807,11.974965675749441,0.004088180047295391,g,bo
609885843909,2458439.6372857,11.750902008056148,0.0017987606479988624,g,bG
609885843909,2458513.7664288,11.692946343615837,0.0010908285395655093,g,bG
609885843909,2458492.670662,11.758278631312267,0.0017368641042011402,g,bG
609885843909,2458980.2369999,11.829319789177472,0.002097853935241964,g,bo
609885843909,2459176.6896808,11.704742097197547,0.0010446611951025542,g,bk
609885843909,2458112.5174071,11.653521353946982,0.0009029495703012953,g,bn
609885843909,2458475.6849496,11.745904424415102,0.0022040824772344802,g,bk
609885843909,2458477.7563535,11.692215393159849,0.0014815032097895513,g,bk
609885843909,2458532.3665684,11.77741256058028,0.0021155063408357477,g,bo
609885843909,2458798.6931004,11.708101101359869,0.0013080837692211389,g,bk
609885843909,2458091.3596352,11.646305789273008,0.0017821726210339906,g,bn
609885843909,2458509.3470466,11.675348323386745,0.0006501320642992815,g,bn
609885843909,2459055.6879013,11.624380083420329,0.0022456874355350244,g,bn
609885843909,2458510.4703025,11.730256622854245,0.0013563642109213094,g,bo
609885843909,2458468.7094089,11.712007480187747,0.0014271546244932687,g,bG
609885843909,2458490.694018,11.728820866771407,0.0011832890531531038,g,bk
609885843909,2458044.8720694,11.67248538701353,0.0008723959592219682,g,bk
609885843909,2458165.3614774,11.699475143793286,0.0007739787348007795,g,bo
609885843909,2458229.539021,11.68307248559644,0.0008277399891255998,g,bk
609885843909,2459181.4920506,11.821996035098126,0.0025557491641156472,g,bo
609885843909,2458168.3791676,11.699017201883773,0.0007868395793036206,g,bo
609885843909,2458463.5707009,11.728550011756704,0.0014655400796651258,g,bG
609885843909,2458446.6933133,11.733748709111689,0.002139061678867978,g,bk
609885843909,2459325.4985334,11.669680784122416,0.001197282828313076,g,bG
609885843909,2459243.7654559,11.696294412607827,0.0029692319602876646,g,bG
609885843909,2458772.5754911,11.777765383959665,0.0021009153943587775,g,bo
609885843909,2458411.8106243,11.727796280494061,0.0013998096682056626,g,bk
609885843909,2458419.7784064,11.684940392642824,0.0012858767459736028,g,bk
609885843909,2458820.6577265,11.741516045126676,0.0017153905646584665,g,bG
609885843909,2458205.599537,11.702429374025012,0.0011513578680439373,g,bk
609885843909,2458111.5023651,11.731758909880872,0.0012173284737967908,g,bo
609885843909,2458764.7459403,11.639096150950506,0.001513415243120023,g,bG
609885843909,2458563.3230132,11.726343948671536,0.002232711184768568,g,bn
609885843909,2458100.5577965,11.642245365059358,0.0010679712218718861,g,bo
609885843909,2458250.4669541,11.710246784219628,0.0009401762484093424,g,bk
609885843909,2458723.9110312,11.702452071577312,0.001123229683117578,g,bG
609885843909,2458559.6254679,11.711140705608713,0.0017575935919701,g,bk
609885843909,2459143.4344636,11.88736422291645,0.0025675863295023292,g,bo
609885843909,2458567.3768417,11.682317154152212,0.0012195327477866323,g,bn
609885843909,2458104.5184686,11.685865128457383,0.0005033592151876155,g,bo
609885843909,2458100.5709331,11.640804094239996,0.001048711854634582,g,bn
609885843909,2458504.4263222,11.709761633053988,0.0017486980356836432,g,bn
609885843909,2458395.6012924,11.68371849238743,0.0005929751400693344,g,bn
609885843909,2458160.3807971,11.657437829066062,0.000868208853543923,g,bn
609885843909,2459323.55221,11.629812491452814,0.0016106560889628432,g,bG
609885843909,2458860.4433768,11.772681551841746,0.0022756766698815785,g,bo
609885843909,2458256.1970564,11.715971346380403,0.001541504943876262,g,bo
609885843909,2458520.6632085,11.706344326734893,0.0010542280554003767,g,bG
609885843909,2458606.2487629,11.818114250976578,0.0021273003890852826,g,bo
609885843909,2459266.6438462,11.629948724865741,0.0014533756785561824,g,bk
609885843909,2458483.3883912,11.673702580432707,0.0006519289254898407,g,bn
609885843909,2459229.7593908,11.681307695728485,0.0006946364329384571,g,bG
609885843909,2459054.6656821,12.013770749212158,0.003600462054977697,g,bo
609885843909,2459212.4546959,11.838940431697617,0.0026947792478543217,g,bo
609885843909,2458852.6033977,11.738202932843699,0.0015258369034716133,g,bG
609885843909,2459202.8421968,11.639677551856874,0.0012689097600480416,g,bk
609885843909,2458489.6988168,11.697691960911259,0.0006844956388259338,g,bk
609885843909,2458884.7522479,11.7328765795315,0.0016314249304135034,g,bG
609885843909,2458849.8072229,11.689838694650414,0.0008826219179936863,g,bG
609885843909,2458811.7893613,11.685481497415896,0.0008556475996071513,g,bG
609885843909,2459208.4268934,11.780908740648986,0.0018111531035254376,g,bo
609885843909,2458541.6859633,11.679183479623575,0.000805835956689483,g,bG
609885843909,2458562.6017583,11.67001787306556,0.0017045851673897262,g,bG
609885843909,2458514.7660559,11.697553288476712,0.0011495334259132458,g,bG
609885843909,2458795.6605788,11.717724323395842,0.0015943137537339407,g,bk
609885843909,2458849.4289438,11.834667635071188,0.0021332253819140454,g,bo
609885843909,2458255.4539034,11.689103596842436,0.0010800937681685334,g,bk
609885843909,2458201.6211271,11.661765207082162,0.00105003440033052,g,bk
609885843909,2458782.8480724,11.72803706318483,0.0015787526791843577,g,bk
609885843909,2458879.7670471,11.73209734093037,0.0016207371064145978,g,bG
609885843909,2459277.419125,11.837793243693843,0.002473127917174759,g,bo
609885843909,2459308.2573528,11.62400082519628,0.0012229662546793352,g,bn
609885843909,2458923.3998456,11.804434233873911,0.0021596819709092515,g,bo
609885843909,2458864.8055927,11.714160189144732,0.001538737234918426,g,bG
609885843909,2458081.8300155,11.676343008983173,0.000712416806640039,g,bk
609885843909,2458380.7999514,11.701815327904235,0.0007632663060706866,g,bk
609885843909,2458359.8488404,11.666358513554894,0.001468803439183224,g,bk
609885843909,2458460.5931424,11.70758207249888,0.0008972066325965903,g,bk
609885843909,2458755.7634178,11.72103806174662,0.0010708837214837919,g,bG
609885843909,2458827.6482494,11.73304803869005,0.0020813493284290293,g,bG
609885843909,2459137.4834785,11.671257447034957,0.0007295000354502105,g,bn
609885843909,2459170.8532747,11.632485031418117,0.001494900936123215,g,bG
609885843909,2458705.6745162,11.696662554591096,0.0010645883253616543,g,bn
609885843909,2458057.8704011,11.676447905626206,0.0017032317826199735,g,bk
609885843909,2459199.4551516,11.806851400131242,0.0019344239789556518,g,bo
609885843909,2458474.8204895,11.635626742383195,0.002313763669265006,g,bG
609885843909,2458045.8688649,11.69055799962274,0.0005792732137321443,g,bk
609885843909,2458883.5308043,11.718775408685788,0.001556415529655252,g,bk
609885843909,2458123.5115756,11.65215642021651,0.0012329327375159294,g,bo
609885843909,2459200.3528492,11.667398370202477,0.0003422437078604703,g,bn
609885843909,2459270.6331927,11.625204273988508,0.002083353100446833,g,bG
609885843909,2458517.7567409,11.680231841282321,0.0007673561632677148,g,bG
609885843909,2458268.1990062,11.693184456084516,0.0018417648858925913,g,bn
609885843909,2458869.783695,11.715415109394305,0.0011353497613323272,g,bk
609885843909,2458510.5893265,11.671971064034528,0.0008416363878181823,g,bG
609885843909,2458564.3815934,11.697930505734977,0.0018035540754893628,g,bn
609885843909,2458033.859048,11.688448751165453,0.0011012972816117652,g,bk
609885843909,2458501.5381836,11.707342667083928,0.0008680409812432685,g,bn
609885843909,2459216.420286,11.676760618659355,0.0007877900420744144,g,bn
609885843909,2458186.6383448,11.681572003679317,0.0006976956261362411,g,bk
609885843909,2458478.6152944,11.70612565699211,0.0009174285451504444,g,bk
609885843909,2458837.3429824,11.679170683909044,0.0006653935084663705,g,bn
609885843909,2458519.331844,11.696263744314637,0.0006752688613259878,g,bo
609885843909,2458210.5849797,11.681754635511885,0.0014297977607116955,g,bk
609885843909,2458153.3301401,11.65125733907667,0.0010056184131907548,g,bo
609885843909,2459189.3170566,11.816934998103012,0.0020233800060311365,g,bo
609885843909,2458599.2604115,11.795255393406958,0.0018397689621519758,g,bo
609885843909,2459209.6015968,11.688868347854047,0.001575223309416719,g,bk
609885843909,2458209.5789853,11.686659875789697,0.0014902113871653857,g,bk
609885843909,2459059.6709141,11.906466696516881,0.0027262005234434026,g,bo
609885843909,2458169.381799,11.672091372815123,0.0007004274644369446,g,bn
609885843909,2458512.4945661,11.746679965282173,0.0014373193640799594,g,bo
609885843909,2458783.8435455,11.711185991439253,0.0012030542894067163,g,bG
609885843909,2458703.9113009,11.717766676844796,0.0011550798866635046,g,bk
609885843909,2458492.4588034,11.807219128449697,0.0019805658637311284,g,bo
609885843909,2458699.9181507,11.713257325449412,0.0012963221645989982,g,bG
609885843909,2458153.3129606,11.658240870841151,0.0008962692540552522,g,bn
609885843909,2458223.5533469,11.677593009055096,0.0007330957427966844,g,bk
609885843909,2458499.801478,11.717960359322815,0.0012721399708360995,g,bG
609885843909,2459236.7684735,11.716177094486644,0.001097014483127106,g,bk
609885843909,2458858.7459278,11.743800605723244,0.0020746970261124103,g,bk
609885843909,2458710.6443759,11.69700295074512,0.0013337396767494803,g,bn
609885843909,2458556.6422886,11.719083132218095,0.0013824096076032215,g,bG
609885843909,2458102.5441443,11.657385917221648,0.0008560888781596795,g,bn
609885843909,2458741.8058211,11.721606375495455,0.0020050351514191776,g,bk
609885843909,2458222.2543025,11.690013201250693,0.0006019664863887682,g,bo
609885843909,2459188.398152,11.670671151730598,0.0009770365554398655,g,bn
609885843909,2458830.7626504,11.726164792303749,0.0020077733074184796,g,bk
609885843909,2459226.7887196,11.681385931636656,0.000841852298324889,g,bG
609885843909,2458860.8033921,11.721966095038807,0.0024015144496828573,g,bG
609885843909,2458417.84826,11.697765442620698,0.0015678160186789745,g,bk
609885843909,2459224.3154867,11.848728794891269,0.0022735276774511065,g,bo
609885843909,2458041.8814104,11.669003763282896,0.0011600501436544483,g,bk
609885843909,2458047.8700093,11.701781036500325,0.0009377441844655963,g,bk
609885843909,2458511.5070544,11.802218666277165,0.0019174262711039098,g,bo
609885843909,2458424.7709227,11.697919934525679,0.0008314725786741012,g,bk
609885843909,2458532.4076708,11.716414333837715,0.0020400733645303103,g,bn
609885843909,2458032.8381822,11.67636066462112,0.001429175163417121,g,bk
609885843909,2458193.5814226,11.695553846622344,0.0006162203690281271,g,bk
609885843909,2458469.6395876,11.680428041857189,0.0008252927599704484,g,bG
609885843909,2459251.4023203,11.601115731213024,0.0012139632114090936,g,bn
609885843909,2458888.5538646,11.737196370829308,0.0023656203479583125,g,bk
609885843909,2458186.3200032,11.69121139882261,0.0005593114167097346,g,bo
609885843909,2458356.855247,11.699813243926116,0.002099995855781993,g,bk
609885843909,2458183.508307,11.721885212201656,0.0010337634792090815,g,bk
609885843909,2458023.8962547,11.695783961578538,0.0009595044610958583,g,bk
609885843909,2458624.464691,11.71722395450924,0.0012831001683377165,g,bG
609885843909,2459238.5675146,11.68501141089391,0.0009010492975955239,g,bn
609885843909,2458173.5907145,11.67183226872038,0.0010914757603209806,g,bk
609885843909,2458076.6003555,11.649619871508591,0.001328225897636167,g,bn
609885843909,2458135.6479945,11.69185053422675,0.0006421535502841877,g,bk
609885843909,2458211.2413088,11.7115166721726,0.0008806873351126535,g,bn
609885843909,2458766.794712,11.7006743430664,0.001352503336800037,g,bk
609885843909,2458804.6625684,11.716877916808137,0.0014989369669659248,g,bk
609885843909,2458785.6833725,11.729653139161647,0.0012543862941491284,g,bk
609885843909,2458439.8140345,11.735840722916489,0.0012550079022163787,g,bk
609885843909,2459061.6717173,11.705096174901787,0.0010254817712841851,g,bn
609885843909,2458803.4447035,11.671361988540523,0.0022437184227625134,g,bn
609885843909,2459310.5013118,11.696765055862457,0.0007899565387222361,g,bk
609885843909,2458455.5754036,11.698777533275047,0.0007953583621931955,g,bk
609885843909,2459147.7551499,11.689663244636503,0.0008746193213214913,g,bG
609885843909,2459187.470624,11.797186591969144,0.0019611441763064306,g,bo
609885843909,2458370.8182185,11.733890113926066,0.001240247038915897,g,bk
609885843909,2458168.3644984,11.685446690356677,0.00040723000049493,g,bn
609885843909,2458436.6627353,11.711308989870881,0.0011617455236586677,g,bk
609885843909,2459219.5414938,11.686887759855322,0.0011467123217676334,g,bG
609885843909,2458505.6754611,11.702877820311448,0.0016652760587067702,g,bG
609885843909,2458169.5195603,11.681913115659619,0.000997757262787519,g,bk
609885843909,2458813.4532043,11.67270238791814,0.0005621363853914657,g,bn
609885843909,2458191.6351698,11.674029140338792,0.0008227234736700571,g,bk
609885843909,2458408.8580694,11.738682542475697,0.0012391049656282403,g,bk
609885843909,2458448.8013686,11.687000575722294,0.0014428813600207366,g,bk
609885843909,2458823.6109713,11.713948966250452,0.001244814858494481,g,bk
609885843909,2458385.7790289,11.671357322596144,0.0016995247458998206,g,bk
609885843909,2458536.5147671,11.676414133802504,0.0009445037541259837,g,bG
609885843909,2458230.5222889,11.680624772288207,0.0007982873341268282,g,bk
609885843909,2459191.3709406,11.779068629410908,0.001696759915019758,g,bo
609885843909,2458542.6813644,11.739487049241434,0.001623554971711224,g,bG
609885843909,2459187.5479617,11.642680367189335,0.0013054156082490224,g,bG
609885843909,2458076.6056391,11.600763245326542,0.002724671620022035,g,bo
609885843909,2458070.8429115,11.676769452131474,0.0007074756170167957,g,bk
609885843909,2459081.6099174,11.83143515825087,0.002184217132668547,g,bo
609885843909,2459215.3986647,11.775706059281074,0.0022529888288206866,g,bo
609885843909,2459261.72022,11.634191486431074,0.0014845794782724923,g,bk
609885843909,2458484.7325828,11.679639697502655,0.000752991782192981,g,bG
609885843909,2458495.6869417,11.697132422879289,0.001013398421438303,g,bG
609885843909,2459235.782441,11.622903385641878,0.0016776543518266338,g,bG
609885843909,2459215.4061419,11.6271781636262,0.00132230266733313,g,bn
609885843909,2459223.8231306,11.626952480484423,0.0014261530931559522,g,bG
609885843909,2459187.3890873,11.645794181339767,0.0009162812245344508,g,bn
609885843909,2458096.5396458,11.652501035686154,0.0010550683518055896,g,bn
609885843909,2459244.3616436,11.63069103656346,0.0016979988671162603,g,bn
609885843909,2459252.277532,11.690430117274113,0.0008472359475525622,g,bn
609885843909,2458084.8283963,11.655035447391553,0.0010104537558246426,g,bk
609885843909,2459214.6313929,11.696888082945371,0.0015759022061910015,g,bk
609885843909,2459184.4075077,11.77131758020434,0.002099202801854018,g,bo
609885843909,2458407.7632249,11.699812213372631,0.0009975965981041763,g,bG
609885843909,2458854.7668552,11.697575844882522,0.0011113100767401955,g,bk
609885843909,2458866.6154133,11.684337393890809,0.0008867757781883197,g,bG
609885843909,2458159.6338256,11.711814313367025,0.0008737475892794582,g,bk
609885843909,2458796.4030332,11.821701354773655,0.002347496129644556,g,bo
609885843909,2458513.5208,11.71149672862889,0.0009331664234649321,g,bn
609885843909,2458509.5815797,11.69972319626135,0.0010637766675820625,g,bG
609885843909,2458058.8709316,11.675338901647752,0.0016191604132991422,g,bk
609885843909,2458823.8581843,11.685513295459389,0.0023297614356652114,g,bG
609885843909,2458539.434284,11.691278121921634,0.0009851600916039678,g,bn
609885843909,2458442.753126,11.735810880105678,0.0017051085268982552,g,bk
609885843909,2458196.3112375,11.675559392571104,0.0005956446468198764,g,bn
609885843909,2459234.6919403,11.667612170762993,0.0009614030564743827,g,bk
609885843909,2458829.7501244,11.732824221144913,0.0026050110732274067,g,bk
609885843909,2458479.7864077,11.688687232684167,0.0010301962363244836,g,bG
609885843909,2458478.4472496,11.707492755349627,0.0011868941621449368,g,bo
609885843909,2458115.4114892,11.638744467710866,0.001309853373752597,g,bo
609885843909,2458239.2461167,11.686647595509712,0.0014135986377951887,g,bo
609885843909,2458601.5269783,11.707941747177738,0.001018178738323724,g,bk
609885843909,2458809.829467,11.700917924852803,0.0013785205940643778,g,bG
609885843909,2458519.3429053,11.676895221570895,0.0005949253945806939,g,bn
609885843909,2458029.8830408,11.673819095929305,0.0007995005448907904,g,bk
609885843909,2458579.5251161,11.717535257194756,0.0013147562759252677,g,bG
609885843909,2459224.5672715,11.649866161732977,0.0012512798233449644,g,bG
609885843909,2458813.7033206,11.719216253230712,0.001389057404277942,g,bG
609885843909,2458123.502942,11.68526908566249,0.0014771075693989296,g,bn
609885843909,2459137.4686873,11.90323784870177,0.0027106048806944953,g,bo
609885843909,2458081.5998993,11.649355601862467,0.0016656864064903956,g,bn
609885843909,2458694.9423713,11.688966514807683,0.0027174061804634804,g,bG
609885843909,2458762.5179392,11.69294925943104,0.0008680388130059854,g,bn
609885843909,2458156.3990958,11.670074127017351,0.0005478242995660685,g,bo
609885843909,2458897.7172455,11.663735545805897,0.0009771273428377943,g,bG
609885843909,2459217.8339052,11.713448169839872,0.0015899400992989195,g,bG
609885843909,2458904.5404072,11.659465512149463,0.001117638461783323,g,bG
609885843909,2458561.6294659,11.71234083721541,0.002210928634539721,g,bG
609885843909,2458518.7095738,11.73908874491055,0.0013022735281710102,g,bk
609885843909,2459114.5220592,11.968278287656036,0.0032044143772774806,g,bo
609885843909,2458397.7826174,11.690258734687953,0.00048328068290551447,g,bk
609885843909,2459086.5998407,11.826616934217057,0.0021684309088823355,g,bo
609885843909,2458450.7756556,11.694235618743448,0.0007891583811291622,g,bk
609885843909,2458127.6495195,11.6542658558145,0.0010499133408720426,g,bk
609885843909,2458396.8557274,11.73958163110992,0.0015549299462372633,g,bk
609885843909,2458162.6171619,11.683341192972339,0.0006297243384871691,g,bk
609885843909,2458124.6274751,11.662907509387821,0.0009524236113337608,g,bk
609885843909,2458499.6118825,11.726782295195253,0.0012486059926133213,g,bk
609885843909,2458825.8554243,11.715411756838133,0.0017319510488975063,g,bG
609885843909,2458614.197121,11.688040460219746,0.0007612384502891441,g,bn
609885843909,2458192.3148244,11.715941585269537,0.001086453235525488,g,bo
609885843909,2459127.526161,11.787978854055599,0.002214486390320402,g,bo
609885843909,2458805.8527895,11.707039559598325,0.001264398315648682,g,bk
609885843909,2459313.5243189,11.668777960885016,0.0010440041013698193,g,bk
609885843909,2458863.5632136,11.678374737373577,0.0014617787672630454,g,bn
609885843909,2459121.5346643,11.691557056355178,0.0015283821882923969,g,bn
609885843909,2458498.6455611,11.678171770304875,0.000817893498363056,g,bk
609885843909,2458430.6814274,11.737240723518255,0.0013064524879605076,g,bk
609885843909,2459571.7555129,11.713054688530368,0.0016853777033041953,g,bk
609885843909,2459583.6634112,11.70668397215505,0.0009880620178539944,g,bk
609885843909,2459576.7583929,11.688005024731963,0.0008329707656584139,g,bk
609885843909,2459577.8027011,11.67627469237601,0.001528998560603493,g,bk
609885843909,2459586.3594365,11.644594647190312,0.0008524094601125338,g,bn
609885843909,2459591.3131966,11.63657187373399,0.001394696976496415,g,bn
609885843909,2459591.409617,11.91811281064993,0.002942304960470514,g,bo
609885843909,2459592.6301534,11.680199411249326,0.0010088993189728355,g,bk
609885843909,2459596.3638584,11.637646020952022,0.001643154828426886,g,bn
609885843909,2459597.7880312,11.657931909136357,0.0029867584327948537,g,bG
609885843909,2459598.2919454,11.896023258764805,0.0033286143224354322,g,bo
609885843909,2459598.319048,11.64148734393427,0.0015776362342793733,g,bn
609885843909,2458163.6121746,11.657551314074851,0.0010000727678589024,g,bk
609885843909,2458186.3273381,11.672442555920131,0.0007400606393057597,g,bn
609885843909,2458157.6497494,11.712373107948553,0.0009275351444922895,g,bk
609885843909,2459207.4381467,11.821308438852435,0.0021147062313397174,g,bo
609885843909,2458795.8444126,11.71205431207551,0.0012095440337261695,g,bG
609885843909,2458716.9009952,11.68669725483454,0.0017151650891374516,g,bG
609885843909,2459188.3258339,11.876727593627132,0.0026178845069784835,g,bo
609885843909,2459292.6424512,11.612424746693073,0.001665107237111623,g,bG
609885843909,2459279.6591565,11.687079075918408,0.0010192733389521255,g,bG
609885843909,2458167.640132,11.692756499850365,0.0005750711464865689,g,bk
609885843909,2459265.693981,11.671538519094934,0.00104943908353094,g,bk
609885843909,2459221.3313437,11.680943662907897,0.0007480683034180569,g,bn
609885843909,2459333.5191429,11.618174643976818,0.0023792960880206077,g,bk
609885843909,2458221.5224644,11.71766575779958,0.0010178264620562053,g,bk
609885843909,2458189.6405428,11.657644954124693,0.0010221495668348343,g,bk
609885843909,2459584.6722486,11.652233233206724,0.0012480582017877976,g,bk
609885843909,2458696.9285933,11.696085822026074,0.0010159858989617252,g,bG
609885843909,2458412.7093178,11.699022255978132,0.0013886001317353523,g,bG
609885843909,2459156.7799946,11.640169750819759,0.001801110014716764,g,bk
609885843909,2458800.6913377,11.713850848797481,0.0036815318365215695,g,bG
609885843909,2459329.524821,11.703642440996301,0.001635455932283903,g,bk
609885843909,2459148.7740681,11.699289605312126,0.000962846732825626,g,bk
609885843909,2458585.5271221,11.72568578025075,0.0013951585706335494,g,bk
609885843909,2459587.6863161,11.656682836486068,0.0010231304370074633,g,bG
609885843909,2459475.5460457,11.670371385083396,0.0016562441278993184,g,bn
609885843909,2458424.4467322,11.708415549555024,0.0007956760348815391,g,bn
609885843909,2458195.2998798,11.690710619688875,0.0005988941388439205,g,bo
609885843909,2458851.2932956,11.657848794372978,0.0009368096939102697,g,bn
609885843909,2458933.3571186,11.665369494406221,0.0006086380343439974,g,bn
609885843909,2458555.5649534,11.70286935432894,0.0010076343532853878,g,bk
609885843909,2459174.5583531,11.665664844582063,0.0006670594505488631,g,bn
609885843909,2459233.6817166,11.671535785403137,0.001040234640696844,g,bG
609885843909,2458838.7404953,11.73036314551225,0.0014478872574398719,g,bG
609885843909,2459208.7107591,11.63507099897618,0.0014984475119880754,g,bG
609885843909,2458415.7934072,11.727472708237928,0.0016918507250264345,g,bk
609885843909,2459479.8476965,11.543874192706804,0.0027043794230478774,g,bG
609885843909,2458829.4895767,11.831094608319685,0.003181074692864836,g,bo
609885843909,2459466.8012186,11.689494789892183,0.0011209092872839098,g,bG
609885843909,2459230.3520075,11.641003500127871,0.0011764514781411786,g,bn
609885843909,2459585.7020969,11.669392687604523,0.000822467516256848,g,bG
609885843909,2459286.6232071,11.704491722569554,0.0009178596824386812,g,bk
609885843909,2458165.3504255,11.655057177456866,0.0008660717489800508,g,bn
609885843909,2458102.5245127,11.63949626557285,0.001048840696834573,g,bo
609885843909,2459465.5832388,11.657220960117321,0.0007087837022188736,g,bn
609885843909,2459578.8224697,11.66855053502756,0.0009823284080306702,g,bk
609885843909,2458393.7861794,11.699831137797318,0.0009735069163338721,g,bk
609885843909,2458853.7159899,11.733891636806277,0.0015461376300406479,g,bk
609885843909,2459475.5234254,11.96149788314271,0.00384490882024947,g,bo
609885843909,2459305.5991104,11.70122640805923,0.0014131664224783247,g,bk
609885843909,2458851.6440445,11.69340275359925,0.001173609756925679,g,bG
609885843909,2458182.2750468,11.67998622344827,0.000529612027259488,g,bo
609885843909,2458568.2817203,11.7797334059427,0.0016583962098765841,g,bo
609885843909,2458079.8323897,11.65771312218717,0.0009714214047454021,g,bk
609885843909,2458136.6426699,11.663748545275258,0.0009204455405505608,g,bk
609885843909,2459230.8071009,11.62901890619419,0.0015339856299530774,g,bG
609885843909,2458878.7673069,11.663534123357795,0.0011951177112221182,g,bG
609885843909,2459294.6005913,11.651105392970038,0.0013065524623636668,g,bk
609885843909,2458751.8327358,11.706430166604122,0.0016905073898122154,g,bG
609885843909,2459296.5238242,11.664191268979005,0.0012115733047293408,g,bk
609885843909,2458834.4921697,11.805837271602275,0.00203670421342658,g,bo
609885843909,2458056.8752722,11.680824830746317,0.003937311545073939,g,bk
609885843909,2458829.7513433,11.738010739074369,0.003366349631035184,g,bk
609885843909,2458928.4145695,11.626768774533872,0.0011021570473314717,g,bn
609885843909,2459290.5494344,11.64714918767453,0.0012194850510734037,g,bG
609885843909,2459462.5601503,11.907834207226484,0.002764297094509583,g,bo
609885843909,2459297.6244542,11.628207872282683,0.0018118383976652474,g,bG
609885843909,2459153.7306274,11.655077331386734,0.002161107251140961,g,bG
609885843909,2458074.6052646,11.63838915279436,0.0028024721897181495,g,bo
609885843909,2458864.6199,11.728900727669295,0.0012529597313287184,g,bk
609885843909,2458795.8431382,11.701706530071128,0.0012634824768392664,g,bG
609885843909,2459472.7718313,11.661511986256352,0.00123259189202338,g,bk
609885843909,2458854.5550542,11.705164128001066,0.0015827989346071973,g,bG
609885843909,2459293.6318582,11.699085700018623,0.0010233874527671195,g,bG
609885843909,2459600.2829877,11.653858022412463,0.0014079855152805368,g,bn
609885843909,2458575.3327458,11.716306709564181,0.000999269154496577,g,bn
609885843909,2458821.6892122,11.728976206005017,0.0014443215038921738,g,bk
609885843909,2459311.5872934,11.617637718437265,0.0015188366843698865,g,bG
609885843909,2458730.824997,11.696581431259947,0.0014347740305833906,g,bG
609885843909,2459452.8241884,11.701191743789376,0.0015258799015880618,g,bk
609885843909,2459291.6386179,11.701975391821904,0.0013267132394628454,g,bG
609885843909,2459292.3196117,11.609706645195804,0.0012210066498680994,g,bn
609885843909,2459430.8957317,11.713542881715577,0.001508225929342507,g,bG
609885843909,2458802.852042,11.714392027179246,0.0018906282293006452,g,bG
609885843909,2458471.6133599,11.692946485042766,0.0011773211886891247,g,bk
609885843909,2458600.5142772,11.70478159966282,0.001161314720292613,g,bG
609885843909,2459270.421178,11.64271390106313,0.0021048808047308496,g,bn
609885843909,2458083.8313957,11.69391526542141,0.0006026000633642285,g,bk
609885843909,2459589.573079,11.664578467626834,0.0012931751521105329,g,bk
609885843909,2458862.6365463,11.719221097825724,0.0013990479814513508,g,bG
609885843909,2459203.8451455,11.685311617838677,0.0009691754831713586,g,bG
609885843909,2459194.3175153,11.651269947237466,0.0007994057911223983,g,bn
609885843909,2459210.4639616,11.829183511683425,0.0026963803801962507,g,bo
609885843909,2458561.2986823,11.706697525958052,0.0014481316417665007,g,bn
609885843909,2458528.4401158,11.70207894214468,0.0007922423259380733,g,bn
609885843909,2458763.7479004,11.730370226916481,0.0013415827232045577,g,bk
609885843909,2459245.3316817,11.693950741124146,0.0013514150718031874,g,bn
609885843909,2459236.5153579,11.66346155229518,0.0006209551693598785,g,bn
609885843909,2458894.5349525,11.71800492932883,0.001202862930921258,g,bk
609885843909,2458913.5907607,11.722423167240017,0.001498697463271401,g,bk
609885843909,2458167.3619948,11.666652010479805,0.0008029132500900936,g,bn
609885843909,2459127.507475,11.626582140257415,0.002218355608738429,g,bn
609885843909,2458861.6439199,11.705125148893396,0.0014976890811529019,g,bk
609885843909,2459530.3905997,11.65235539972429,0.0011702817685186856,g,bn
609885843909,2458842.4275133,11.699635030624515,0.0009510497459756168,g,bn
609885843909,2458539.6918044,11.688156534919806,0.001064433208515723,g,bG
609885843909,2459605.3188281,11.649189470951502,0.0008489515854315554,g,bn
609885843909,2459611.7224276,11.642947449312398,0.0014181018732459842,g,bk
609885843909,2459614.7475314,11.69884126877189,0.000882866741185107,g,bk
609885843909,2459426.9208872,11.66676974884008,0.0013089866348156116,g,bG
609885843909,2459514.6845214,11.717053232552866,0.001175312442826623,g,bk
609885843909,2458537.4571205,11.705487545335302,0.0015211963601560116,g,bn
609885843909,2459473.7957618,11.685600176177324,0.0011417901865494575,g,bk
609885843909,2459155.6785945,11.676529241264342,0.0016880874356015585,g,bk
609885843909,2459306.5462634,11.625375569600658,0.0013962476944351433,g,bk
609885843909,2458797.6879409,11.730728229209307,0.002317491041194284,g,bk
609885843909,2458486.7682104,11.687561875495145,0.000721483443579741,g,bG
609885843909,2458761.524269,11.709877478046947,0.0008633222553907406,g,bn
609885843909,2459473.8335156,11.670547320667486,0.0012437776699270957,g,bG
609885843909,2458165.6729982,11.66199318133577,0.0009492374107381549,g,bk
609885843909,2459586.7327431,11.703322100640117,0.0009584553152870089,g,bk
609885843909,2459321.2982362,11.918031670130889,0.0028416017545374226,g,bo
609885843909,2459537.7187415,11.672782458917474,0.0016574393487585554,g,bk
609885843909,2458709.6591474,11.682380904275833,0.0020425063465346785,g,bn
609885843909,2459233.3247902,11.686923856731937,0.0009339951568999161,g,bn
609885843909,2458199.5914649,11.689090694325472,0.00048447009962017146,g,bk
609885843909,2459558.5589853,11.670476267865357,0.00128842376695641,g,bG
609885843909,2458839.7654933,11.711121701754315,0.0014056206427017779,g,bG
609885843909,2458169.3459395,11.6743204160718,0.0006445651722415442,g,bo
609885843909,2458814.5754406,11.727033233696872,0.001345876349204249,g,bk
609885843909,2458212.5024205,11.669423400312215,0.0009317396158849152,g,bk
609885843909,2458745.7936992,11.7064219817955,0.0015927157605479087,g,bk
609885843909,2458548.6681758,11.660419590191077,0.0009432128057097462,g,bG
609885843909,2458566.6136986,11.720547682754614,0.0016930358703080696,g,bG
609885843909,2459530.6078497,11.672516884474494,0.001582371692610265,g,bk
609885843909,2458166.3662232,11.697183046103214,0.000621485499553103,g,bn
609885843909,2458880.7616011,11.681442125014005,0.0012766118857498068,g,bG
609885843909,2459465.5491144,11.996891239833317,0.003396086222748401,g,bo
609885843909,2459548.8143201,11.66609659642444,0.0011961204476019006,g,bk
609885843909,2459547.7109536,11.712209275788572,0.0009266919814689955,g,bk
609885843909,2458773.7985226,11.718996944905866,0.0017188808581908247,g,bG
609885843909,2459535.659413,11.679804799560554,0.001958508961359342,g,bG
609885843909,2459268.551162,11.645991842747836,0.0017781042444789074,g,bk
609885843909,2458445.7035108,11.664954894834716,0.0040516048585353915,g,bk
609885843909,2459193.5695473,11.67759321123272,0.0008540600824700692,g,bG
609885843909,2459409.9350129,11.687840118341297,0.0011798451357128825,g,bG
609885843909,2459612.7014418,11.714403885339589,0.001298253747301724,g,bk
609885843909,2458575.3067571,11.784729058815472,0.0018131041452569092,g,bo
609885843909,2459586.7100961,11.725093010190893,0.0014999556282969022,g,bG
609885843909,2458812.695165,11.73518514620824,0.0013407556323083959,g,bk
609885843909,2458582.5193144,11.724092619075854,0.0011571760435355022,g,bk
609885843909,2458456.7296268,11.735922847722623,0.001465069965167278,g,bG
609885843909,2458763.5141495,11.66810760015177,0.0006397202691206551,g,bn
609885843909,2459619.6572924,11.71533995614098,0.0014159628321359621,g,bG
609885843909,2458414.8334084,11.689969947082123,0.001504272423888721,g,bG
609885843909,2458531.7171168,11.681060682064926,0.0014911574215987794,g,bG
609885843909,2459537.7466215,11.654374466216609,0.0020241503119894856,g,bG
609885843909,2459539.6801915,11.64379502054386,0.0022954825605839384,g,bG
609885843909,2459515.6644331,11.640358549996062,0.0014337872831296167,g,bk
609885843909,2458141.661418,11.661449902425511,0.000930765419427995,g,bk
609885843909,2458116.5638981,11.685027162247653,0.0004513827121977036,g,bn
609885843909,2459485.7597213,11.69016322653327,0.0008496333373393966,g,bk
609885843909,2458403.761021,11.733733642690225,0.0012321627926163482,g,bk
609885843909,2458046.8657385,11.665726861550256,0.0009018281198649241,g,bk
609885843909,2458833.4880311,11.786496680188712,0.001903244635189702,g,bo
609885843909,2459050.6852781,11.843786387304409,0.0024655547207888553,g,bo
609885843909,2459606.6330364,11.663570109005036,0.0010702427306644316,g,bk
609885843909,2459534.6162291,11.633204410689363,0.00243101968319013,g,bG
609885843909,2459552.5617618,11.685984993344697,0.0011870692348482897,g,bG
609885843909,2459340.4899549,11.612502290320641,0.0016788231060920322,g,bG
609885843909,2459168.6134778,11.645888892490635,0.0012095428805409987,g,bG
609885843909,2459580.7598338,11.658497413648137,0.0012880444232694795,g,bG
609885843909,2458752.5797372,11.803947001469286,0.002148862570509001,g,bo
609885843909,2459637.4535024,11.646179093764689,0.0008917576569282084,g,bn
609885843909,2459638.5806965,11.739387348989382,0.0017304141356299983,g,bG
609885843909,2459639.6220434,11.646952985428102,0.0012448400006584584,g,bk
609885843909,2458137.6473252,11.660588693094736,0.000950505797423584,g,bk
609885843909,2459536.7327467,11.669469071488972,0.002198747077578531,g,bG
609885843909,2459520.8358587,11.645914034105282,0.0012637947749148531,g,bk
609885843909,2458519.7516166,11.671723611329687,0.0008282343846889397,g,bG
609885843909,2459504.7707648,11.675601635108295,0.0011647403111947807,g,bk
609885843909,2459616.6081388,11.657755197670783,0.001374528074240683,g,bG
609885843909,2459543.5673061,11.655838603670023,0.0014815865965562066,g,bk
609885843909,2458564.344476,11.697969365174146,0.0015661685259528255,g,bo
609885843909,2459269.6626316,11.69158643678205,0.0014982516210451588,g,bk
609885843909,2459136.5175381,11.832932188009536,0.002160043296873675,g,bo
609885843909,2458915.6220974,11.728838217962462,0.002115481500191696,g,bG
609885843909,2458742.88311,11.713355972847621,0.0012194585073164767,g,bk
609885843909,2459508.7869953,11.649692658154942,0.001589295716055627,g,bk
609885843909,2459502.7317589,11.703474405489962,0.001031905386265216,g,bk
609885843909,2459104.5605041,12.08516521127413,0.0044429454904489265,g,bo
609885843909,2458875.7728869,11.693918159982704,0.0009730325485922007,g,bG
609885843909,2458782.8465508,11.693719193077337,0.0014907208658894537,g,bG
609885843909,2458546.3652203,11.751132777877963,0.0013826545623014453,g,bo
609885843909,2459563.5996724,11.65962482209521,0.0016350418545290563,g,bG
609885843909,2459459.5996945,11.675152797862578,0.0007407901993965644,g,bn
609885843909,2458900.3697061,11.718698051569048,0.0011928657000449636,g,bn
609885843909,2458803.8156734,11.703272579540076,0.0014542505071580916,g,bk
609885843909,2458140.6616846,11.712578443122514,0.0009236211024221468,g,bk
609885843909,2459149.7375336,11.66784366141616,0.0013436754230960702,g,bk
609885843909,2459216.5435677,11.641352973850513,0.0013688761561658563,g,bG
609885843909,2459206.4265159,11.629026439070122,0.0011313348552725406,g,bn
609885843909,2458514.4711795,11.76181374940515,0.0014914048119187035,g,bo
609885843909,2459117.5452452,11.650152669085989,0.0010158225607933584,g,bn
609885843909,2458018.9016134,11.691068437361224,0.0010244920097984304,g,bk
609885843909,2459628.7009212,11.644997143099943,0.002239746502741995,g,bG
609885843909,2459513.6778583,11.657746801722812,0.0011695179537366243,g,bG
609885843909,2459631.6710502,11.727060021947599,0.0014220033628423068,g,bk
609885843909,2459259.7092313,11.628030801985254,0.0013981277523445858,g,bk
609885843909,2459610.5519341,11.683056607115203,0.000811302628614608,g,bk
609885843909,2459216.3553203,11.832293366352324,0.0022465100037897968,g,bo
609885843909,2459538.6793553,11.711724992846602,0.0017287387158198594,g,bG
609885843909,2459511.7875849,11.676455097259419,0.0015531904259441362,g,bk
609885843909,2459210.8446813,11.685097599032119,0.0008245373040489185,g,bk
609885843909,2459493.7659873,11.657737627598719,0.0012476799385618294,g,bG
609885843909,2459141.45248,11.623758293216035,0.001129021319031895,g,bn
609885843909,2458901.2910104,11.85083379156062,0.0022358264714505216,g,bo
609885843909,2459623.6460996,11.66442290220623,0.002197181588096713,g,bG
609885843909,2459488.747448,11.68299470161256,0.0006591425508716864,g,bk
609885843909,2459529.6212857,11.632658285527189,0.001911708552036933,g,bG
609885843909,2458589.5343659,11.701736659013564,0.0015324762417252085,g,bk
609885843909,2459555.7122813,11.672491927318994,0.001065301567257602,g,bG
609885843909,2459522.663124,11.650450428722543,0.0010780457978754939,g,bk
609885843909,2459492.4878856,11.675146063575268,0.0009299108460343605,g,bn
609885843909,2459264.6390514,11.651355678042155,0.0011907566927868286,g,bk
609885843909,2459562.7381842,11.714909412489444,0.0015694912507895767,g,bG
609885843909,2459507.7249875,11.69873597962791,0.0017112972536245336,g,bG
609885843909,2459616.6159983,11.675039884405594,0.0009706104942418732,g,bk
609885843909,2459471.7852573,11.731543543418601,0.0017922565500876955,g,bG
609885843909,2459453.8338428,11.658978183279702,0.001626853602736436,g,bk
609885843909,2459436.886145,11.628722939495386,0.0016526982034375003,g,bG
609885843909,2459649.6182435,11.60851683554722,0.0015183684368854336,g,bk
609885843909,2458224.2452648,11.687010591975104,0.0005188766807666203,g,bo
609885843909,2459646.5982963,11.656375723055401,0.00102279979993681,g,bk
609885843909,2458187.3444011,11.68867073332013,0.001061702368131167,g,bn
609885843909,2459627.6780234,11.666946213805712,0.001679495216469311,g,bk
609885843909,2459524.6212358,11.655591140935776,0.0011237174228742378,g,bG
609885843909,2458472.6756211,11.707289590432792,0.0014943846479422652,g,bG
609885843909,2459500.7118706,11.664543028332963,0.0012201125258466566,g,bG
609885843909,2458889.5458801,11.751908588691782,0.002051396347430816,g,bk
609885843909,2458020.8950223,11.667851399655632,0.0009017688199027557,g,bk
609885843909,2459509.7635334,11.689917646661861,0.0017175364712204246,g,bG
609885843909,2459632.4808051,11.620142240607711,0.0015134749307982123,g,bn
609885843909,2459534.6620294,11.6392067071044,0.0018285433207249516,g,bk
609885843909,2459483.772451,11.691552190181238,0.0008845075977756875,g,bk
609885843909,2459542.5752909,11.661130973148738,0.0013249877629572106,g,bG
609885843909,2459564.5706543,11.694892012342603,0.0016946445643470122,g,bG
609885843909,2459480.8470327,11.679035541681698,0.00144325067378887,g,bk
609885843909,2459559.7834504,11.702061432927405,0.0009516384678084936,g,bk
609885843909,2459349.4698571,11.651641735716234,0.001299166416869521,g,bk
609885843909,2459163.4002326,11.637548430371865,0.0009845903621853221,g,bn
609885843909,2459461.8220237,11.693874249385214,0.0011712027084955288,g,bk
609885843909,2458080.83306,11.674213281801125,0.0007520146508264278,g,bk
609885843909,2459519.7652012,11.699142867382653,0.001096573666483978,g,bk
609885843909,2458882.7575548,11.72889403702806,0.0014517916210822174,g,bG
609885843909,2458614.2007706,11.774726827655913,0.0016107967212224345,g,bo
609885843909,2459539.7093089,11.65915791150182,0.0013844907809739556,g,bk
609885843909,2458091.3559841,11.603253811744882,0.002351836931627423,g,bo
609885843909,2459629.6537959,11.714430130386244,0.0017430484429319713,g,bG
609885843909,2459262.7035769,11.686714111604035,0.0008597195828686273,g,bk
609885843909,2459496.7189028,11.645483477139859,0.0011429673103960985,g,bk
609885843909,2458476.6331473,11.68190245723263,0.0016089210458271922,g,bk
609885843909,2458561.3170599,11.76447796497854,0.0021162582373707704,g,bo
609885843909,2459103.5864597,11.606037748222926,0.0016439984414569526,g,bn
609885843909,2459647.5478896,11.673861357679806,0.0008641864891991627,g,bG
609885843909,2459634.7003707,11.684404771128625,0.001257436324840855,g,bG
609885843909,2459371.1929769,11.658104768036601,0.0014514478113296172,g,bn
609885843909,2458090.3325084,11.629483546498907,0.002204457286661319,g,bo
609885843909,2459659.5372888,11.670107609354904,0.0009971500561471154,g,bk
609885843909,2459444.8964088,11.67346261988209,0.001022588370077237,g,bG
609885843909,2458083.5740332,11.64855426910971,0.0009709424571400539,g,bo
609885843909,2458825.3729334,11.81668188447107,0.0024175909374957003,g,bo
609885843909,2459646.5498049,11.65212618990065,0.0011476396699729864,g,bG
609885843909,2459556.7762673,11.652191691645351,0.0013579968302638024,g,bG
609885843909,2459436.676765,11.657946037717618,0.0010904511775246136,g,bn
609885843909,2459665.6164366,11.69253042557294,0.0006885192625438719,g,bk
609885843909,2459492.7196079,11.673835694334954,0.0009715303867204577,g,bk
609885843909,2459659.538519,11.668524563496463,0.0011822378186432199,g,bk
609885843909,2459664.6086795,11.674325292043811,0.0008298337945650268,g,bk
609885843909,2459447.865907,11.68577820158984,0.002024643372383033,g,bG
609885843909,2458846.7014794,11.720188676676491,0.0011968639659046105,g,bk
609885843909,2459046.6845856,11.885541320871269,0.0027783830386200045,g,bo
609885843909,2459622.6279001,11.68403324445092,0.002019282508398135,g,bk
609885843909,2459204.7932414,11.620481375438462,0.001536357361043023,g,bG
609885843909,2458750.8908359,11.688588180430205,0.0009414149299170219,g,bG
609885843909,2459651.5684364,11.6594198325091,0.0011522386621365354,g,bG
609885843909,2459667.3381331,12.04382230656446,0.003807406300959347,g,bo
609885843909,2459623.6080756,11.645110575797133,0.001969372025420586,g,bk
609885843909,2458840.7861957,11.694237550669218,0.0008478536601862415,g,bk
609885843909,2458494.7797866,11.72404809295757,0.0013523050760587316,g,bG
609885843909,2458103.5363239,11.657306649521006,0.0008948490459942889,g,bn
609885843909,2459661.6194157,11.648092284597206,0.0014308709879464424,g,bG
609885843909,2459521.6515223,11.701867554971784,0.0012678819143243356,g,bG
609885843909,2459608.7741245,11.657804584199292,0.0014689092982473608,g,bk
609885843909,2459588.7183026,11.716245810219938,0.0016818110564920823,g,bG
609885843909,2459662.6111192,11.742198752374712,0.0014220488616556576,g,bk
609885843909,2459478.7623547,11.661994282629074,0.0020542576917167345,g,bG
609885843909,2459676.4776275,11.724488604420767,0.0013608753798916456,g,bk
609885843909,2459146.6733537,11.638247700456114,0.001275661129032049,g,bG
609885843909,2458692.6861552,11.65787983021102,0.002342056596215842,g,bn
609885843909,2459677.5380451,11.687366734649949,0.0006546824600979214,g,bk
609885843909,2459677.5804525,11.687626394453956,0.0009462421605695957,g,bG
609885843909,2459678.217833,11.693132424537097,0.0035686800959258145,g,bn
609885843909,2458502.7666804,11.731403284607381,0.0018495234807450376,g,bG
609885843909,2459678.5671505,11.655650665485444,0.0012810993733740129,g,bG
609885843909,2459678.5328848,11.681721351279176,0.0009092210404693798,g,bk
609885843909,2459679.5663154,11.730043011521767,0.0014290379901342478,g,bk
609885843909,2459680.2388998,11.652823285631364,0.0012373453985227347,g,bn
609885843909,2459681.5691865,11.701483564762514,0.0014217986276332552,g,bG
609885843909,2459680.5162577,11.672175558774773,0.000964204709003766,g,bk
609885843909,2458371.8643461,11.673832521759891,0.0008301823336265737,g,bk
609885843909,2458811.3872422,11.829012595813087,0.0020697107626013833,g,bo
609885843909,2458194.3027204,11.69287999971057,0.0006969274049337816,g,bo
609885843909,2459673.3398932,12.029667978033041,0.0037870659243972953,g,bo
609885843909,2459682.2985265,11.63960087355455,0.0018158049724444692,g,bn
609885843909,2459682.2972862,11.626155204617172,0.001546494762269839,g,bn
609885843909,2459663.5368939,11.644767293582445,0.0012648183838189784,g,bG
609885843909,2459673.3741739,11.64279258548584,0.0009489846510286596,g,bn
609885843909,2459687.5440844,11.657644730988286,0.0016710834122015462,g,bG
609885843909,2459685.5452925,11.665351486801988,0.0020135937683854284,g,bG
609885843909,2459501.7396497,11.655185460620505,0.0015702343000423618,g,bG
609885843909,2459525.6870588,11.6620512451603,0.0012466635504889043,g,bk
609885843909,2459669.6001979,11.708770865076495,0.0012341607459775657,g,bG
609885843909,2459656.3919309,11.89319726817262,0.0038356252020529044,g,bo
609885843909,2459531.6131662,11.686359798847501,0.0010293642983670037,g,bG
609885843909,2459691.5365614,11.742036987625289,0.0015352419870088955,g,bk
609885843909,2459690.5455608,11.686590490026719,0.0009679573480711204,g,bk
609885843909,2459721.4527582,11.675767399398998,0.0016617227052410366,g,bk
609885843909,2459331.5286343,11.65558536909385,0.004203599518667357,g,bk
609885843909,2459686.5446123,11.749962221837098,0.0036339697328596843,g,bk
609885843909,2459662.6123479,11.724722243395405,0.0014537820235241616,g,bk
609885843909,2459716.2506066,11.655918235560424,0.003137862674001256,g,bn
609885843909,2459723.1995133,12.296974851161469,0.006396094635120099,g,bo
609885843909,2459726.4474681,11.696404853560757,0.0022692577191764512,g,bG
609885843909,2458154.3561258,11.687266422252138,0.0005525626766618303,g,bo
609885843909,2458157.4085079,11.681778259907068,0.00040105917076516513,g,bo
609885843909,2458392.5137177,11.794936722893016,0.0024384968886538736,g,bo
609885843909,2458696.6865018,11.815293186073987,0.002616877752650603,g,bo
609885843909,2458705.6560856,11.754448966624931,0.0015033555284494529,g,bo
609885843909,2458719.6631149,11.854753863733524,0.0028463756804414705,g,bo
609885843909,2458767.4894555,11.794401181404988,0.0020628268036008333,g,bo
609885843909,2459420.6627973,12.028827068349429,0.005317546881309881,g,bo
609885843909,2459596.3754527,11.86920963517736,0.0029830459479835533,g,bo
609885843909,2459602.5460471,12.088897359248067,0.0047744414863439225,g,bo
609885843909,2459608.3759547,11.874111408037047,0.0026060168521272807,g,bo
609885843909,2459641.3344214,11.911250524144286,0.002753199943809376,g,bo
609885843909,2458539.404909,11.84130990354683,0.0022493088909786665,g,bo
609885843909,2458567.3361688,11.76078710207798,0.0017308867038007074,g,bo
609885843909,2458929.3651337,11.843479829819612,0.0022338877032719072,g,bo
609885843909,2459201.3310772,11.817449159953746,0.00198344976336112,g,bo
609885843909,2459431.6712652,11.843612321027452,0.0022866448945968692,g,bo
609885843909,2459604.5247112,12.107905731741852,0.004553090272829753,g,bo
609885843909,2459636.3495998,12.020397930928448,0.003641830704767269,g,bo
609885843909,2459653.3081642,11.87713342172901,0.002957193797354627,g,bo
609885843909,2458142.3742984,11.729248928763173,0.0011334536199853389,g,bo
609885843909,2458699.6754995,11.818309221139462,0.002056009912729431,g,bo
609885843909,2459120.517463,11.852944116169976,0.002603869361012744,g,bo
609885843909,2459715.4769014,11.734591933798708,0.002824320754448252,g,bk
609885843909,2459709.2688938,11.660973964441354,0.001456796544910607,g,bn
609885843909,2459716.2531103,11.67172694053502,0.005046025387486865,g,bn
609885843909,2459717.4710462,11.745261308950774,0.0022299569393130405,g,bG
609885843909,2459714.4758672,11.7011499316178,0.0017160684552763052,g,bG
609885843909,2459670.53315,11.664574128901828,0.0010316250627259006,g,bk
609885843909,2459668.6053498,11.650782680703324,0.0011680291202652536,g,bG
609885843909,2459689.5503501,11.697080538961611,0.0014126664487715526,g,bG
609885843909,2459698.5230618,11.734165896942073,0.0012733028607914225,g,bk
609885843909,2458604.5123289,11.683883526585966,0.0008370162637861922,g,bG
609885843909,2458488.6949116,11.693419962910207,0.0007051862203644484,g,bk
609885843909,2459644.5463451,11.629730268558806,0.0012732181971863237,g,bk
609885843909,2459658.631741,11.657393147432902,0.0017600713609204183,g,bG
609885843909,2459714.4771539,11.725225622470628,0.0031635649435712496,g,bG
609885843909,2459425.9374841,11.664569102405215,0.0018761733839893358,g,bG
609885843909,2459509.8300534,11.66038428369035,0.0018084152163790879,g,bk
609885843909,2459702.5130527,11.685801815590693,0.0006773649447501656,g,bk
609885843909,2459716.2518584,11.670896897923495,0.006489003271114799,g,bn
609885843909,2459721.230132,11.6678605698666,0.0006345347616249615,g,bn
609885843909,2459710.2711709,11.682894057883743,0.002583513062908121,g,bn
609885843909,2459714.4784522,11.70255245153231,0.002882691712963387,g,bG
609885843909,2459694.5312332,11.665789793185112,0.0010222492996391926,g,bG
609885843909,2459717.4697596,11.726582116454232,0.0016351743600370155,g,bG
609885843909,2459697.5197392,11.662221953784027,0.0010069809692178243,g,bk
609885843909,2459643.3239517,11.685595148026733,0.0007417446182687972,g,bn
609885843909,2459710.2724027,11.698019736451897,0.002977507310477182,g,bn
609885843909,2459650.6152306,11.725468184824004,0.001459722823375369,g,bk
609885843909,2459720.2379492,11.630367101169927,0.0011055200742163347,g,bn
609885843909,2459712.4555449,11.684797060244495,0.001756462189799784,g,bG
609885843909,2459708.4949492,11.67579456784507,0.0011052896631073312,g,bG
609885843909,2459705.4702539,11.7401253113053,0.001472528592879659,g,bk
609885843909,2459660.6253878,11.723866339677706,0.0016100541230498924,g,bG
609885843909,2459709.2713856,11.652211441957633,0.00254267979996094,g,bn
609885843909,2459643.5671099,11.706803660872371,0.0008326957756385164,g,bG
609885843909,2459695.5382653,11.685795683277533,0.0007572999693822862,g,bG
609885843909,2458197.3266994,11.685223926030456,0.0007736856246078201,g,bn
609885843909,2459716.4693071,11.671252533261118,0.0014262922851628836,g,bk
609885843909,2459662.6135998,11.760348429897725,0.001864396952867417,g,bk
609885843909,2459692.5342918,11.66898884143208,0.001225390355895093,g,bG
609885843909,2459719.4587682,11.701956207681574,0.0013579463289194672,g,bG
609885843909,2459772.9461259,11.67536375606398,0.0031819810920314558,g,bG
609885843909,2459784.9223574,11.70398240819403,0.0011173518865549357,g,bG
609885843909,2459786.6584824,12.183029857488313,0.005042771732224747,g,bo
609885843909,2459787.9346932,11.737582635026078,0.001494559537192553,g,bk
609885843909,2459792.6722,12.073204636097909,0.004055403392893829,g,bo
609885843909,2459796.67833,12.04284037286547,0.003976273395092559,g,bo
609885843909,2459797.6836426,12.019679724923822,0.0043355311511000015,g,bo
609885843909,2459799.8929093,11.702783696976946,0.001121701412902089,g,bG
609885843909,2459712.2246823,11.703754849765858,0.0013564057191943907,g,bn
609885843909,2459800.6826105,11.66041101070195,0.0025749074906952696,g,bn
609885843909,2459800.8844267,11.68870691129505,0.0008882501679943858,g,bk
609885843909,2459804.893046,11.72128889426281,0.0017653878837352547,g,bk
609885843909,2459807.8889473,11.709609412717278,0.001194274233058086,g,bk
609885843909,2459810.8927908,11.681026927711613,0.000986992590546703,g,bG
609885843909,2459809.8749075,11.716268227906642,0.0013821647026567817,g,bG
609885843909,2459813.5956676,12.185034452123471,0.004938561449066151,g,bo
609885843909,2459813.6410582,11.71781858357486,0.001307348554827086,g,bn
609885843909,2459814.6259823,12.100591013293588,0.004252061483608073,g,bo
609885843909,2459816.8439044,11.679412353454868,0.001493009006520832,g,bG
609885843909,2459816.8413306,11.704267851064671,0.001080160539796882,g,bG
609885843909,2459818.5908918,12.158189356081772,0.0050922890801193615,g,bo
609885843909,2459818.5896515,12.160594304420481,0.004735477647227135,g,bo
609885843909,2459819.5960153,12.014163620842753,0.0037403095590480898,g,bo
609885843909,2459819.6062511,11.670034258401657,0.0007264624011427089,g,bn
609885843909,2459819.5947822,11.948759139603524,0.0031515888744022415,g,bo
609885843909,2459820.6055774,12.069227224140706,0.004053374456520067,g,bo
609885843909,2459824.8224724,11.691990940191218,0.001261601640055983,g,bG
609885843909,2459825.5602669,12.12488383775012,0.004472217424079435,g,bo
609885843909,2459826.8138157,11.701321304275565,0.0008570021485941498,g,bk
609885843909,2459820.9181102,11.728669214157586,0.0016399807413205768,g,bG
609885843909,2459829.8082373,11.67775424299043,0.0012901681392847493,g,bG
609885843909,2459829.588881,11.704553472022925,0.0014147393770357882,g,bn
609885843909,2459828.9060777,11.701915516810146,0.0011129693226687766,g,bG
609885843909,2459845.7804062,11.687228136451004,0.0007162194620615215,g,bk
609885843909,2459849.6127309,12.07194967734569,0.004030761414107843,g,bo
609885843909,2459846.5243991,11.73204620928529,0.0014715498003414803,g,bn
609885843909,2459846.7688268,11.738453506814366,0.0015556077473595897,g,bG
609885843909,2459843.5307693,11.657119083384753,0.000747938743407876,g,bn
609885843909,2459843.7678073,11.697334779608152,0.0009795125408260104,g,bG
609885843909,2459850.8831789,11.668287157733324,0.0014793361871748181,g,bG
609885843909,2459859.758257,11.71162445052939,0.0016457293468295725,g,bk
609885843909,2459861.7466126,11.754645548419145,0.002399731347911002,g,bk
609885843909,2459853.7446892,11.629454633064114,0.0013567344210277488,g,bk
609885843909,2459858.7280411,11.719602861050088,0.0015712921051398824,g,bk
609885843909,2459867.6954964,11.678082261413927,0.0010378960735526858,g,bk
609885843909,2459863.7667732,11.74110531076591,0.002189405995668173,g,bk
609885843909,2459870.6873092,11.715671255409706,0.0010323646018467589,g,bk
609885843909,2459866.7078322,11.724552519022089,0.00166015305929609,g,bk
609885843909,2459872.7110726,11.683210432662605,0.0006921136577859911,g,bk
609885843909,2459876.7546712,11.693820965358373,0.0006646480553285566,g,bk
609885843909,2459878.6064008,11.683063125037638,0.0009009089991739103,g,bn
609885843909,2459878.60516,11.661413279846514,0.0008274065033819841,g,bn
609885843909,2459882.6941341,11.727705024470637,0.0012282653324089136,g,bk
609885843909,2459883.7266264,11.699804557310138,0.0009286114952419276,g,bk
609885843909,2459883.725386,11.69811790351358,0.000829519336591448,g,bk
609885843909,2459887.6972239,11.7510774087461,0.0016750062799215728,g,bk
609885843909,2459888.7224267,11.69199548960444,0.0010728656630437218,g,bk
609885843909,2459889.7205877,11.702375608803848,0.002288439542955463,g,bk
609885843909,2459889.7180823,11.710915586784992,0.0014105853396591734,g,bk
609885843909,2459897.6047556,11.696720068783401,0.000987063142564227,g,bG
609885843909,2459898.6011188,11.660754923465976,0.0011543370252923035,g,bG
609885843909,2459901.7511104,11.690540445843967,0.0004179228082576351,g,bk
609885843909,2459913.5570433,11.677710836916855,0.0012331349498645628,g,bG
609885843909,2458602.2251169,11.692483814958347,0.000906338418924323,g,bn
609885843909,2459002.2039993,11.642211660890936,0.0016408062901823288,g,bn
609885843909,2459114.5476102,11.694492253685944,0.0009921294146973578,g,bn
609885843909,2458922.4128703,11.676824720147145,0.001432587908611462,g,bn
609885843909,2459184.4219656,11.611144378552034,0.0014778016079944208,g,bn
609885843909,2459199.4954023,11.648316265213774,0.0007965532396168112,g,bn
609885843909,2459202.3953168,11.686364376466758,0.0009085402719500503,g,bn
609885843909,2459224.3303991,11.653521843643396,0.0007627317180936712,g,bn
609885843909,2459242.489608,11.62028692039679,0.0014915448459911708,g,bn
609885843909,2459494.4946459,11.653922244789909,0.0007953870967854375,g,bn
609885843909,2459548.5868371,11.641286741991275,0.001089418597724705,g,bn
609885843909,2459563.2959558,11.646489757995198,0.0016218512829527232,g,bn
609885843909,2459667.2957687,11.676980560307156,0.000759310761996522,g,bn
609885843909,2459670.3514418,11.606870189778615,0.0012812406662602597,g,bn
609885843909,2459710.2699042,11.661719266850133,0.00155154236746432,g,bn
609885843909,2459830.5757526,11.69265492764465,0.002112281273277996,g,bn
609885843909,2459832.5688932,11.726046921763071,0.0031519015758547236,g,bn
609885843909,2459833.5624675,11.652196907875808,0.0037554578616877106,g,bn
609885843909,2459837.5634864,11.71769688804372,0.0017382607457831043,g,bn
609885843909,2459838.6377048,11.64812124953719,0.0012117600310716365,g,bn
609885843909,2459850.554262,11.647069336743147,0.0010412768985980576,g,bn
609885843909,2459882.4449602,11.718726558081203,0.001256969981847346,g,bn
609885843909,2459909.3874986,11.67149714745889,0.0004488261576334612,g,bn
609885843909,2459916.5652054,11.641401200769174,0.0021162836881641954,g,bk
609885843909,2459908.7847837,11.66400894554952,0.0009497078773308197,g,bG
609885843909,2459862.755448,11.685876258642821,0.001756940236956669,g,bG
609885843909,2457460.6726102,11.105904378760565,0.0014717153396161422,V,bf
609885843909,2457095.5665605,11.032692180877582,0.0008497293616281216,V,bf
609885843909,2457412.5750386,11.124042875356416,0.001934480982604726,V,bg
609885843909,2458068.7959046,11.03883376142117,0.0007256609162188181,V,bg
609885843909,2457710.7854421,11.083735791324543,0.0010545568231812511,V,bf
609885843909,2458344.9165066,11.104713853669422,0.001149712598336769,V,bf
609885843909,2457797.5852003,11.05735405430337,0.0007867443492262502,V,bf
609885843909,2459955.2985612,12.127094914021583,0.004487386055314709,g,bo
609885843909,2459935.5703604,11.728183169406991,0.0014472794906139014,g,bG
609885843909,2459960.7256349,11.684857923943552,0.0006435260014831077,g,bk
609885843909,2459953.753033,11.723557223836947,0.0019300891854848073,g,bk
609885843909,2457840.5461927,11.067591530506602,0.0010823154314410022,V,bg
609885843909,2457790.7181428,11.068702638044279,0.00123411859144705,V,bg
609885843909,2457387.7088431,11.050717947808641,0.0010428272025686976,V,bg
609885843909,2457374.8366088,11.118474298091375,0.0016853952694356484,V,bg
609885843909,2457118.6020391,11.059672537299043,0.00117769727849146,V,bf
609885843909,2457652.8781557,11.084409395978685,0.0014585695934776397,V,bg
609885843909,2457334.815626,11.098771308208663,0.0011192248401941734,V,bf
609885843909,2456858.9469976,11.060618622998852,0.0019250723356830782,V,be
609885843909,2459964.6031333,11.720364024934609,0.0013425928388179666,g,bG
609885843909,2457763.6220842,11.042087740676497,0.0009560541764516108,V,bf
609885843909,2458328.9393173,11.072718676238386,0.0010030595812227238,V,bf
609885843909,2457378.575909,11.040292226794502,0.0011346659548720115,V,bf
609885843909,2456881.911708,11.04336354655601,0.0010933984451739044,V,bf
609885843909,2457371.8013928,11.031637619303034,0.0007923635559458068,V,bg
609885843909,2457786.75014,11.033993605194372,0.0007957853187602409,V,bg
609885843909,2457730.7564024,11.03612862719336,0.0006285240872937817,V,bg
609885843909,2457704.6524349,11.084755020880275,0.0014816587662025873,V,bg
609885843909,2457765.7692658,11.076165390880774,0.0018017679409634089,V,bf
609885843909,2457621.9084595,11.087837552971552,0.0014398401924198983,V,bg
609885843909,2457136.5487939,11.071172159347029,0.0010340878563529134,V,bf
609885843909,2457823.5402777,11.028194650751239,0.0011120479344105582,V,bg
609885843909,2457833.5930013,11.02603264678686,0.000871156880180066,V,bf
609885843909,2458009.8548042,11.026513082111105,0.0010081454354554074,V,bf
609885843909,2459879.7178045,11.651701348858431,0.0012076454424520767,g,bG
609885843909,2457896.4636324,10.962968763179365,0.0014434836884470352,V,bf
609885843909,2459831.8167681,11.66209593883699,0.0020920845149456665,g,bG
609885843909,2459959.747053,11.718525893428755,0.0014181727753262503,g,bG
609885843909,2457747.600757,11.08670974050236,0.0013138816973896873,V,bg
609885843909,2458102.6648402,11.047533219035238,0.000729107669429387,V,bg
609885843909,2457718.7411154,11.043441060788044,0.0005979073266116856,V,bf
609885843909,2459923.7639547,11.758783199337138,0.0023159120720085075,g,bk
609885843909,2457767.6174266,11.061687940522027,0.001161786276785986,V,bg
609885843909,2458010.8580029,11.024774605550379,0.0009283068086170295,V,bg
609885843909,2459857.4792215,12.100028663701929,0.0050150131524612845,g,bo
609885843909,2459930.7694347,11.725659900893156,0.0012964964619670196,g,bk
609885843909,2459933.7554972,11.767818160800887,0.0016179244313287424,g,bk
609885843909,2459952.6603117,11.739691618549868,0.0019516684488729472,g,bk
609885843909,2459933.7579679,11.781701293839168,0.0018708931155577602,g,bk
609885843909,2459554.7231229,11.688469702269565,0.0007130835698954999,g,bk
609885843909,2459919.6877077,11.701469633496227,0.0012753441924310558,g,bk
609885843909,2459900.6372799,11.676619291301748,0.0006759568180581768,g,bk
609885843909,2459926.7912787,11.729055493163456,0.0013440823346111525,g,bk
609885843909,2459932.789851,11.708913296242013,0.0010079716038241338,g,bk
609885843909,2459931.713161,11.72680310498443,0.0010758030245988381,g,bk
609885843909,2459914.6073946,11.696310710978366,0.0011578884411966135,g,bG
609885843909,2459178.5836896,11.694863058622813,0.0015935384020493053,g,bG
609885843909,2459953.7542732,11.693557902698426,0.0025081017176153074,g,bk
609885843909,2459940.5912049,11.736577337485638,0.0013049269664987505,g,bk
609885843909,2459885.7018526,11.719837732840716,0.0014213297451659184,g,bG
609885843909,2459899.6032439,11.72321425011388,0.0012476199705574412,g,bk
609885843909,2459914.6520866,11.707382365252386,0.001101942121322978,g,bk
609885843909,2459713.4695559,11.657920932507004,0.0017557963531060696,g,bG
609885843909,2459937.6818948,11.736794882609018,0.0013699655648441251,g,bG
609885843909,2459865.7679311,11.712413733914852,0.0012659989948017143,g,bk
609885843909,2459878.7510675,11.729837627652458,0.0014432591470750291,g,bG
609885843909,2459929.6979659,11.68521571674418,0.0006562922454122639,g,bk
609885843909,2459927.6781876,11.672147753760171,0.0008840323974304597,g,bk
609885843909,2459923.7627142,11.74403924711773,0.0015106915962748739,g,bk
609885843909,2459914.6086944,11.702477684917454,0.0015085608637836593,g,bG
609885843909,2459925.7832181,11.700032045289852,0.002397813341750802,g,bk
609885843909,2459830.8164202,11.744517853940653,0.0025302169869819407,g,bG
609885843909,2459852.7457059,11.677519520218958,0.000958746032871042,g,bG
609885843909,2459944.3579651,12.074796935486258,0.0042476368151351815,g,bo
609885843909,2459904.4450065,12.147990675433382,0.004670929880618111,g,bo
609885843909,2459864.7769578,11.679212313622799,0.0015495598145414333,g,bG
609885843909,2459875.7565646,11.74864025626426,0.00164739561556877,g,bG
609885843909,2457413.7778563,11.098963224286935,0.0015012969258992523,V,bf
609885843909,2457445.6851711,11.023355844250613,0.0018283311349175592,V,bg
609885843909,2457874.4988648,11.060316011087295,0.0010296048690444843,V,bg
609885843909,2458207.5036289,11.075694387220702,0.0016095981686591548,V,bg
609885843909,2457096.595781,11.075202589268653,0.0008955953522077803,V,be
609885843909,2457026.6596216,11.0676876185053,0.001332042221195981,V,be
609885843909,2457853.5637254,11.012592449109139,0.0013700829392867678,V,bg
609885843909,2459960.7268637,11.677420077183587,0.001033660661843885,g,bk
609885843909,2458048.8111373,11.025570641198039,0.0009443476461659056,V,bf
609885843909,2459961.7787461,11.730559240019435,0.0016007457240621871,g,bG
609885843909,2456933.8606713,11.069786123351513,0.0007666516898150013,V,bf
609885843909,2459860.7245034,11.666310323610896,0.0018747324267841883,g,bk
609885843909,2459926.7925194,11.728061962874467,0.0015410616248857866,g,bk
609885843909,2457604.9141993,11.081119825105661,0.0012740087446406797,V,bg
609885843909,2459957.8202294,11.754020108818523,0.001675867363791313,g,bk
609885843909,2457778.7617042,11.03642694696106,0.0007389608703353399,V,bg
609885843909,2458047.6990771,11.057217835898834,0.0009533413644264825,V,bg
609885843909,2459960.7243946,11.67655283267893,0.0007902743940549092,g,bk
609885843909,2459947.5888716,12.20821396345566,0.005172675636830329,g,bo
609885843909,2458196.5947237,11.041047644295674,0.0006450829205955528,V,bg
609885843909,2459693.5242771,11.714124924265693,0.0012972419048764873,g,bG
609885843909,2457725.5982208,11.03727515469715,0.0006105078580893409,V,bg
609885843909,2457292.8799572,11.02826284171545,0.00099623508384457,V,bf
609885843909,2459982.5717064,11.670219294990256,0.002377032259030615,g,bG
609885843909,2459982.5704192,11.699549957401615,0.0015157760342097485,g,bG
609885843909,2459827.8452269,11.7140254216876,0.000989516504455911,g,bk
609885843909,2459886.7046068,11.68000588234065,0.0009270115633502548,g,bk
609885843909,2459880.76617,11.750892034614495,0.0015001355906418864,g,bk
609885843909,2459984.7480088,11.683692498988814,0.0014293654109779638,g,bk
609885843909,2459844.7712288,11.743287663849715,0.0013809052220647307,g,bk
609885843909,2458560.6328825,11.707506710894243,0.001572427246258438,g,bk
609885843909,2459877.7552232,11.69274173699347,0.000678960882162759,g,bk
609885843909,2459906.8498274,11.70231474851968,0.0009634036103135405,g,bk
609885843909,2459943.6489504,11.684505822016593,0.0008132044815900119,g,bk
609885843909,2459928.7742351,11.770605411305265,0.001752639920195631,g,bk
609885843909,2459929.6967139,11.688652793161292,0.0006052282048319647,g,bk
609885843909,2459966.6313365,11.774742974642205,0.0017224734351205435,g,bk
609885843909,2459972.674539,11.69675423256313,0.000714915958683643,g,bk
609885843909,2459975.5856021,11.753542933821377,0.001769866816396793,g,bk
609885843909,2459985.442362,11.789157736155245,0.0020949605192661968,g,bo
609885843909,2459884.6932152,11.645541635118075,0.0014634417225344453,g,bG
609885843909,2459874.6826164,11.644003328076204,0.0011967804764033616,g,bG
609885843909,2459973.7722748,11.719233370896497,0.0013274104876621687,g,bG
609885843909,2459869.6977597,11.639564697671776,0.0013060809084205257,g,bG
609885843909,2459873.6872801,11.702092761002058,0.0010632497257353983,g,bG
609885843909,2459987.4794751,11.862716888926801,0.002570676688283021,g,bo
609885843909,2459987.5638581,11.747038786707426,0.0013749556100806797,g,bk
609885843909,2459899.6528224,11.79252860839069,0.002192100617936232,g,bG
609885843909,2459968.7848885,11.695073854279327,0.0015613003060352287,g,bG
609885843909,2459885.7044489,11.747387758988712,0.0017349789790832306,g,bG
609885843909,2459969.7821123,11.697639724724489,0.0010495065975373345,g,bG
609885843909,2459896.7849693,11.67237072366585,0.0012414913914066072,g,bG
609885843909,2459972.7713135,11.660206356704863,0.0011241235863933983,g,bG
609885843909,2459978.5915272,11.734495530080318,0.0021008593722552787,g,bG
609885843909,2459881.73705,11.682732206419287,0.0006668220512038103,g,bG
609885843909,2459855.7570074,11.658530294167234,0.0011531821638347546,g,bG
609885843909,2459871.7432286,11.694289537462176,0.0009821607952791673,g,bG
609885843909,2459847.8110831,11.725736708836124,0.0014608222723215614,g,bG
609885843909,2459671.5133693,11.685902922146571,0.0007270396791396876,g,bG
609885843909,2459854.7418069,11.7214021323165,0.0014136551983167226,g,bG
609885843909,2459868.6884845,11.73728245583797,0.001630968355829799,g,bG
609885843909,2459885.7031508,11.73681232628816,0.0014146969603292953,g,bG
609885843909,2459967.788682,11.672044227883882,0.0010079905110467525,g,bG
609885843909,2459934.6366972,11.67004893413474,0.0014973040253925284,g,bG
609885843909,2459920.583169,11.662735932406834,0.0023953140707211732,g,bG
609885843909,2459949.7718997,11.692520452903182,0.0018745485187025052,g,bG
609885843909,2459968.7823034,11.686020258113654,0.0009494969575306933,g,bG
609885843909,2459970.7675435,11.68820349311284,0.0010373494299707041,g,bG
609885843909,2459988.486085,11.652469719492176,0.0010013032389138653,g,bn
609885843909,2459858.4994658,11.718199763990826,0.0025248769022518033,g,bn
609885843909,2459988.6003458,11.666388196813065,0.0009610414528135393,g,bk
609885843909,2459989.7229797,11.696382608243464,0.0013227686290792292,g,bG
609885843909,2459989.7250894,11.700573139915257,0.0009008334581027039,g,bk
609885843909,2459940.3531967,11.68944275058539,0.0010631835562484124,g,bn
609885843909,2459923.3535461,11.683409575077821,0.0017198110706184557,g,bn
609885843909,2459990.7223332,11.720477772718109,0.0014249907544064075,g,bG
609885843909,2459991.2921986,11.700204789617942,0.0009691898942017579,g,bn
609885843909,2459991.538267,11.673699736951868,0.0008357419898512188,g,bk
609885843909,2459991.5648171,11.671547966935787,0.0007991215571783017,g,bG
609885843909,2459942.3310086,11.736267626543121,0.0014938968365961409,g,bn
609885843909,2459958.5298548,11.685063789934597,0.001012789283813603,g,bn
609885843909,2458182.2786992,11.661393891777434,0.0005669639009592196,g,bn
609885843909,2456789.4830497,11.085140208980224,0.0012770182404420972,V,be
609885843909,2456912.8945623,11.033542835355345,0.0009686131082221671,V,be
609885843909,2456885.8932925,11.045741975330552,0.0008221334663567945,V,be
609885843909,2456894.8762517,11.048163134909677,0.0008025343288236154,V,be
609885843909,2456933.8973458,11.053294915855945,0.0011341745812799293,V,be
609885843909,2456937.7740129,11.034192217428753,0.001356756031304763,V,be
609885843909,2456950.7672363,11.043632342394808,0.0008621030754102961,V,be
609885843909,2456971.7236509,11.060034993251353,0.0011099453780033703,V,be
609885843909,2456952.8364596,11.076143984457797,0.0010355752148130876,V,be
609885843909,2456970.767108,11.000432545206468,0.0015802894894654718,V,be
609885843909,2456992.6899351,11.044992477215276,0.0009144520919481139,V,be
609885843909,2456980.7089331,11.045262557495597,0.0008193296476413436,V,be
609885843909,2456999.683149,11.015048127189795,0.0014221069706242728,V,be
609885843909,2457002.6871299,11.08435429447068,0.0011155970886499724,V,be
609885843909,2457004.6822145,11.043400705888956,0.0008245438369025797,V,be
609885843909,2457072.6351047,11.10233269230048,0.001210849570848092,V,be
609885843909,2457088.609326,11.055162620840926,0.0011535078028106556,V,be
609885843909,2457085.5633512,10.991517283345658,0.0016948041829000832,V,be
609885843909,2457086.6563411,11.068470171362963,0.0014118591893170953,V,be
609885843909,2457092.6363029,11.013048764596377,0.0011956591381044894,V,be
609885843909,2457113.5755269,11.076913480291093,0.0011952671757541821,V,be
609885843909,2457114.574077,11.009525975970302,0.0014945575356948054,V,be
609885843909,2457117.5721473,11.098478475838132,0.0018755815668520246,V,be
609885843909,2457101.5796158,11.099878048605492,0.0013472867068279831,V,be
609885843909,2457118.5670811,11.029502084782681,0.0013807010030488336,V,be
609885843909,2457116.5663968,11.004943979043913,0.001816725421917438,V,be
609885843909,2457133.4912325,10.997750011949893,0.0012325237442634435,V,be
609885843909,2457119.5102137,11.046424900519193,0.0008512230208961508,V,be
609885843909,2457110.578305,11.12115349593041,0.0016512115074595343,V,be
609885843909,2459936.2955128,12.078656586634409,0.0041858313994579555,g,bo
609885843909,2459977.49084,11.731953181452194,0.0015173437568006178,g,bo
609885843909,2459936.2967534,12.08289902424212,0.004203053503095135,g,bo
609885843909,2459993.7045038,11.681217282223116,0.0008939394577007104,g,bG
609885843909,2459994.7139173,11.700967724886084,0.0011342710381250542,g,bG
609885843909,2456881.8921469,11.024669159427942,0.0012962123327255632,V,be
609885843909,2456776.4819614,11.089839833682277,0.0011455999866837087,V,be
609885843909,2456792.4700557,10.99601464030296,0.0015487774915038867,V,be
609885843909,2456863.9269595,11.074562465632567,0.0008767951970928033,V,be
609885843909,2456904.8510319,11.068790713316726,0.0008017974657928657,V,be
609885843909,2456874.9140879,11.021315642161024,0.0010015455819173506,V,be
609885843909,2456778.4529561,11.180270932267732,0.0024515137238249065,V,be
609885843909,2456910.909262,10.995059378500107,0.0016872999447499024,V,be
609885843909,2456930.8775696,11.061835615257863,0.0008182939273993686,V,be
609885843909,2456907.8666267,11.037121630348569,0.0009875583321958912,V,be
609885843909,2456936.8664066,11.024882223856473,0.001127037534364313,V,be
609885843909,2456918.8335882,11.066659951017266,0.0008911973512641628,V,be
609885843909,2456931.8152767,11.049618031465815,0.0007498392346803823,V,be
609885843909,2456974.8110224,11.026718748523674,0.0009744493818273912,V,be
609885843909,2456938.7912254,11.06243530410924,0.0015642187623971548,V,be
609885843909,2456984.7114765,11.01937442968065,0.00102934677914861,V,be
609885843909,2456966.7449739,11.057964225770132,0.001212499292049699,V,be
609885843909,2456932.8036894,10.99396957151004,0.0012447080834027278,V,be
609885843909,2457005.853165,11.077406697549455,0.0013201541585521233,V,be
609885843909,2456940.7803708,11.04406143322567,0.0012046252842246728,V,be
609885843909,2456988.6972696,11.06992916720742,0.0009959265291589361,V,be
609885843909,2457007.8236363,11.079955127089796,0.0008988721817747098,V,be
609885843909,2457006.8468351,10.993894056875643,0.00121162270221033,V,be
609885843909,2457010.6812694,11.051606799806814,0.0009462453223312912,V,be
609885843909,2457034.7546952,11.062526339600762,0.0007931767424610467,V,be
609885843909,2457016.6631533,11.0449558650102,0.0007513922324720591,V,be
609885843909,2457022.6573776,11.069367130819877,0.0011178731088830188,V,be
609885843909,2457019.6666345,11.082132783189007,0.0009900261141684516,V,be
609885843909,2457031.6566292,11.057175990083635,0.0006830726044453816,V,be
609885843909,2457033.6490066,11.064689049704494,0.0008572919639787797,V,be
609885843909,2457035.8079754,11.011916758672331,0.0012324100275957874,V,be
609885843909,2457037.6433813,10.97167964811183,0.0013784789504460895,V,be
609885843909,2457043.6424058,11.048500773002237,0.000783183620732592,V,be
609885843909,2457040.631107,11.040517891274517,0.0008256369031636004,V,be
609885843909,2457046.6391321,11.052437382358587,0.0007582871004692824,V,be
609885843909,2457050.6265553,11.06189632042486,0.0009366263566386971,V,be
609885843909,2457060.6103868,11.074520103985932,0.0009614727442015218,V,be
609885843909,2457063.6887595,11.057278983088946,0.0008668545126122244,V,be
609885843909,2457066.6423002,11.029617521203543,0.000908355389257671,V,be
609885843909,2457069.6338831,11.072878488084907,0.0010365009674845184,V,be
609885843909,2457077.5843597,11.089567988272686,0.0010343343111165971,V,be
609885843909,2457124.5499029,11.084576768144457,0.0011094971391906285,V,be
609885843909,2457129.5282351,11.08700938904345,0.0010230299469265432,V,be
609885843909,2457137.5155515,11.10382008402562,0.001332887634168278,V,be
609885843909,2457140.4889794,10.997857557179636,0.0013021345360885448,V,be
609885843909,2457145.4975073,11.008621451896069,0.0014668792854391753,V,be
609885843909,2457158.457322,11.098908608220805,0.0014529959834800124,V,be
609885843909,2457153.4703577,11.095114392856368,0.0012681619044814497,V,be
609885843909,2457226.9434066,11.101132956617182,0.0014646184322930072,V,be
609885843909,2457227.9287791,11.03171487680508,0.0009427404918423042,V,be
609885843909,2457252.8706863,11.142744680509352,0.0015418320259566215,V,be
609885843909,2457229.925808,11.049343784225163,0.0008386728526982311,V,be
609885843909,2457268.8957274,11.251607112429111,0.0025110561748941693,V,be
609885843909,2457265.8859749,11.067937495303608,0.001079069974868413,V,be
609885843909,2457248.8838178,11.107797691266857,0.001266134842251336,V,be
609885843909,2459996.7060605,11.709033083150741,0.001019689493343611,g,bk
609885843909,2457337.8143747,11.031979639173118,0.0007212300039810345,V,bg
609885843909,2457354.6859205,11.041960716762782,0.0011097125112611449,V,bg
609885843909,2457341.8022541,11.13380224119338,0.0018568308019239295,V,bg
609885843909,2457361.8155349,11.048563253993361,0.0007500934769895516,V,bg
609885843909,2457278.8059448,11.078041059511923,0.0013757813122726162,V,bg
609885843909,2457363.5651551,11.03789183934245,0.0006318008796424822,V,bg
609885843909,2457349.7707749,11.030548742690696,0.0009963183000889003,V,bg
609885843909,2457276.8766774,11.153455840269732,0.0020700893035031343,V,bg
609885843909,2457422.5271292,11.121578493647764,0.0017741024182903566,V,bg
609885843909,2457425.740258,11.095262895748721,0.0014753533697729815,V,bg
609885843909,2457471.5720986,11.027438011602232,0.0015067349184503215,V,bg
609885843909,2457428.6820116,11.021006590754915,0.0009442931258486888,V,bg
609885843909,2457617.884931,11.045397807729556,0.000978200665416819,V,bg
609885843909,2457433.5554879,11.053676301839552,0.0008463510106951267,V,bg
609885843909,2457426.6950641,11.05216464046597,0.0008682901921825334,V,bg
609885843909,2457667.7476056,11.06199374455005,0.000961992707474452,V,bg
609885843909,2457429.5572529,11.145986995772175,0.0019894104146715224,V,bg
609885843909,2457699.6672995,11.070975685323493,0.0011211648506934428,V,bg
609885843909,2457721.6341496,11.0706908053229,0.0010705417159512717,V,bg
609885843909,2457729.596957,11.051048803708174,0.0008284947385118489,V,bg
609885843909,2457797.5572621,11.053696497390435,0.0009465053194198917,V,bg
609885843909,2457808.6836013,11.011896742736816,0.001110680823604018,V,bg
609885843909,2457803.6838087,11.047907022926298,0.0006828868259590815,V,bg
609885843909,2457681.7409229,11.086547213156717,0.0014465985953464144,V,bg
609885843909,2457696.7086064,11.009763556795223,0.001119509828376237,V,bg
609885843909,2457684.812173,11.0467992916129,0.000821834417054576,V,bg
609885843909,2457816.6693448,11.030658554441564,0.0008253348633895689,V,bg
609885843909,2457818.6686201,11.03349892391231,0.0008912563054926705,V,bg
609885843909,2457700.7409985,11.058302677670643,0.000909332586036249,V,bg
609885843909,2457830.6293379,11.034042031494868,0.0009324402681292866,V,bg
609885843909,2457826.6367634,11.056503880982078,0.0014745326376376464,V,bg
609885843909,2457834.5585529,11.010981041706644,0.001133553863955908,V,bg
609885843909,2457837.6073567,11.022304066311357,0.0010063953331964574,V,bg
609885843909,2457835.6170824,11.036639881050656,0.0007033211662843929,V,bg
609885843909,2457827.5851956,11.029288951415975,0.0010796412724735928,V,bg
609885843909,2458032.7416651,11.04854038655714,0.0015102800546850006,V,bg
609885843909,2457831.6050656,11.082338759749486,0.0013486738377087993,V,bg
609885843909,2458039.7964543,11.018778713655488,0.0009735710475648788,V,bg
609885843909,2458034.7418703,11.054166631584847,0.001308341439491815,V,bg
609885843909,2457846.5848677,11.01947318801021,0.001054838221623954,V,bg
609885843909,2458046.70227,11.003856512138725,0.001128085010186378,V,bg
609885843909,2458053.6833977,11.025670328909364,0.0008991502568935306,V,bg
609885843909,2458069.7428175,11.029399524367092,0.0008617448241229727,V,bg
609885843909,2458070.7630892,11.0342865498526,0.0007443330491807358,V,bg
609885843909,2458083.5923562,11.039687258493112,0.0007360121332669894,V,bg
609885843909,2458084.6436719,11.049560181613575,0.0008872586793778727,V,bg
609885843909,2458087.5832662,11.022318571843513,0.001362820245708123,V,bg
609885843909,2458174.6129508,11.048211201129467,0.0009109429183276498,V,bg
609885843909,2458180.576937,11.041129831380616,0.0012897261992238186,V,bg
609885843909,2458045.7055695,11.025072006091449,0.0008564019861936214,V,bg
609885843909,2458190.5845183,11.09222326516222,0.0014899892913763824,V,bg
609885843909,2458208.6032382,11.060384849644615,0.0014348938114250836,V,bg
609885843909,2458182.6144665,11.023190987415703,0.0010541349151324208,V,bg
609885843909,2458203.5971642,11.042074210797807,0.000991230066218785,V,bg
609885843909,2458048.6959298,11.035367155978781,0.000708801898832153,V,bg
609885843909,2458376.8706111,11.042501273802126,0.000940869185741372,V,bg
609885843909,2458339.9029984,11.102853200702782,0.001701637594838606,V,bg
609885843909,2458343.8939036,11.074138391715467,0.0013685737572466455,V,bg
609885843909,2458383.7831852,11.051154745394294,0.0013024619902209595,V,bg
609885843909,2458038.7435813,11.033222081862498,0.0011172384841015635,V,bg
609885843909,2457822.652054,11.053167172057465,0.001328185963882131,V,bg
609885843909,2457844.5899663,11.042529893982437,0.0005966596872723597,V,bg
609885843909,2457687.6986706,11.055274647205193,0.001070225401709436,V,bg
609885843909,2457703.7764618,11.089090878717267,0.00152744345221193,V,bg
609885843909,2457671.7471735,11.069957195011284,0.0014581261453692402,V,bg
609885843909,2457690.6963832,11.084560422513993,0.0013307035150849024,V,bg
609885843909,2457709.7585883,11.067861159384371,0.0013009440912197948,V,bg
609885843909,2457590.9333029,11.084704853718886,0.004867403984353556,V,bg
609885843909,2457485.5678963,11.065436427515504,0.0010600888966520985,V,bg
609885843909,2457591.9295049,11.031140269778453,0.0011895576214900696,V,bg
609885843909,2457606.9110904,11.064887129493988,0.0010154325259997,V,bg
609885843909,2457608.907946,11.046006903729847,0.0006482452189653,V,bg
609885843909,2457616.8809047,11.09492096527421,0.0015455101397391223,V,bg
609885843909,2457610.9005918,10.945550278461077,0.0016798720265913307,V,bg
609885843909,2457618.8778384,11.0764157910908,0.0018531351875557959,V,bg
609885843909,2457626.8505882,11.095265844163828,0.0014300199250102984,V,bg
609885843909,2457625.872135,11.074332730788681,0.0012648316718030397,V,bg
609885843909,2457630.8441007,11.07513448179713,0.0011838112386080746,V,bg
609885843909,2457634.8257497,11.034311408304816,0.0007232950029611028,V,bg
609885843909,2457637.8309406,11.068955456545307,0.0010988897019688667,V,bg
609885843909,2457282.892102,11.023470074583088,0.0009154614505080213,V,bg
609885843909,2457277.808611,11.032790462879444,0.0008493798269264204,V,bg
609885843909,2457318.8134765,11.003060768053718,0.0012472925332175165,V,bg
609885843909,2457302.7749448,11.106268002688841,0.001571740482106332,V,bg
609885843909,2457295.8260114,11.058410405899291,0.00220780281241526,V,bg
609885843909,2457331.7641329,11.16034822727222,0.002117606182266953,V,bg
609885843909,2457327.8240723,11.096271877859037,0.001708038272807854,V,bg
609885843909,2457322.8357614,11.099594932338924,0.0025065486738156395,V,bg
609885843909,2457334.7640866,11.114203348827512,0.0018662269344753984,V,bg
609885843909,2457346.6911536,11.078925761911734,0.001227780309011573,V,bg
609885843909,2457372.5446588,11.097639373388283,0.0014854584695558949,V,bg
609885843909,2457365.7566195,11.09539642934376,0.0014370555355392625,V,bg
609885843909,2457373.5267083,11.027486102180976,0.0014145381165866799,V,bg
609885843909,2457378.8042073,10.997446834660602,0.0012588498639097684,V,bg
609885843909,2457375.6103352,11.030867679045574,0.0008661016107967048,V,bg
609885843909,2457376.7917775,11.05191019497327,0.0007877088791192512,V,bg
609885843909,2457380.5293354,11.022635175639444,0.001354270653125597,V,bg
609885843909,2457383.809667,11.035427024458297,0.0010736775462169728,V,bg
609885843909,2457385.7761174,11.026093092893516,0.0009558749287149215,V,bg
609885843909,2457389.6407093,11.082565945290854,0.0012617667065864854,V,bg
609885843909,2457394.5820694,11.056178133359113,0.0008521803191539396,V,bg
609885843909,2457398.8150169,11.143446781170036,0.0019556733149767593,V,bg
609885843909,2457397.5353765,11.049397708474409,0.0008568116917112736,V,bg
609885843909,2457396.7198749,11.146304332679634,0.0019888089545729475,V,bg
609885843909,2457399.6700998,11.050618204672949,0.0007511798883188129,V,bg
609885843909,2457404.7982718,11.032401682370526,0.0008786002455782945,V,bg
609885843909,2457407.6764481,11.062638090588479,0.0010617168315971985,V,bg
609885843909,2457405.6690025,11.100414681388086,0.0015884642625798263,V,bg
609885843909,2457416.7640729,11.039693464258118,0.0007523813117408323,V,bg
609885843909,2457406.7913868,11.087589359854427,0.001571269586026174,V,bg
609885843909,2457419.6636934,11.076344091494024,0.001140582335179582,V,bg
609885843909,2457418.7293978,11.083162762371542,0.0013685025666108303,V,bg
609885843909,2457421.610253,11.027645028405493,0.000893669904551199,V,bg
609885843909,2457415.6850884,11.127016740605995,0.0018902839035883597,V,bg
609885843909,2457439.7003922,11.110477093927837,0.0018809495064421925,V,bg
609885843909,2457437.5922319,11.080797763550185,0.0013164268486775008,V,bg
609885843909,2457442.6901614,11.078826924855072,0.0016099783146409643,V,bg
609885843909,2457447.6796369,11.046577341074377,0.0007816880806352546,V,bg
609885843909,2457440.5385864,11.028454502021388,0.0009942590588283172,V,bg
609885843909,2457444.643268,11.09708503639239,0.001565648219439112,V,bg
609885843909,2457446.6844032,11.115699644346668,0.002098430219570971,V,bg
609885843909,2457448.6303761,11.107813015035115,0.0016276503394656381,V,bg
609885843909,2457458.6507935,11.116435820507768,0.0017855905683909809,V,bg
609885843909,2457466.6268825,11.048357046849775,0.004732685669241962,V,bg
609885843909,2457460.5765103,11.110765700771818,0.001622139880624407,V,bg
609885843909,2457470.6161614,11.139426479597272,0.0022228146078037193,V,bg
609885843909,2457477.5754504,11.120243116911105,0.0017093240233953025,V,bg
609885843909,2457711.7105761,11.063993710618213,0.0011505646168306044,V,bg
609885843909,2457640.8137001,11.112194944858889,0.001650263026220609,V,bg
609885843909,2457648.8724902,11.038479735246444,0.0009987260119707969,V,bg
609885843909,2457654.803302,11.100084042111288,0.0016492684305460972,V,bg
609885843909,2457655.8078327,11.056549719970423,0.0009475804771951471,V,bg
609885843909,2457660.793958,11.038014485745151,0.000615123115617682,V,bg
609885843909,2457658.7671347,11.030849795488875,0.0008510723619361369,V,bg
609885843909,2457663.7535915,11.038132889962695,0.0005558404750357094,V,bg
609885843909,2457714.7582158,11.059787083319918,0.0008965917866585052,V,bg
609885843909,2457737.7938589,11.001164782621963,0.0017602017755493106,V,bg
609885843909,2457718.7271671,11.057672951419464,0.0008983705266871593,V,bg
609885843909,2457740.8189691,11.079687192246936,0.001320006444793557,V,bg
609885843909,2457742.7126451,11.018245832977978,0.0010278023543186796,V,bg
609885843909,2457751.5505521,11.025935161671507,0.0008921594338900166,V,bg
609885843909,2457745.7451764,10.808943096711932,0.0022874398007462805,V,bg
609885843909,2457754.6294217,11.046800182517845,0.0007590761744913464,V,bg
609885843909,2457757.5551809,11.063774661789276,0.0009822148834396907,V,bg
609885843909,2457756.7992891,11.042034814876658,0.0005484984764926471,V,bg
609885843909,2457759.6704142,11.071499785441262,0.0011469374942360046,V,bg
609885843909,2457761.6577792,11.027290169986873,0.0010088037556988832,V,bg
609885843909,2457763.7653908,11.027953885332911,0.0011527500722450317,V,bg
609885843909,2457765.693846,11.048215643436475,0.0013006610738031847,V,bg
609885843909,2457772.752006,11.058735116560204,0.000981787222452081,V,bg
609885843909,2457770.7187276,11.036985763600434,0.0008147912781792991,V,bg
609885843909,2457775.6497243,11.014343372758335,0.001066236702705362,V,bg
609885843909,2457782.73857,11.026975466626235,0.000859897436034549,V,bg
609885843909,2457773.68405,11.04954058912507,0.0008124885739979753,V,bg
609885843909,2457789.7011801,11.01130861955085,0.001687561340520531,V,bg
609885843909,2457780.5949383,10.99963094711117,0.001225404167831025,V,bg
609885843909,2457801.7107081,11.060424094192381,0.0010388910599236634,V,bg
609885843909,2457784.6365691,11.047616267440297,0.0006654374722491784,V,bg
609885843909,2457795.6218509,11.071305348312464,0.0016306126620375106,V,bg
609885843909,2457800.7114815,11.070598948526154,0.0012156660729005732,V,bg
609885843909,2457802.7060033,11.05933776595592,0.0011328093668578633,V,bg
609885843909,2457806.6951188,11.033856795890731,0.0008650675305894946,V,bg
609885843909,2457848.5712096,11.043376932730881,0.0008697488801832894,V,bg
609885843909,2457851.5692825,11.009219361626084,0.0013450640708968125,V,bg
609885843909,2457855.5550329,11.056277362793963,0.0011785019632956405,V,bg
609885843909,2457863.5331499,11.01635194374368,0.001044970344247848,V,bg
609885843909,2457857.5496116,11.062909323391514,0.0012143076517990355,V,bg
609885843909,2457865.5003637,11.009486932674166,0.001103330962383371,V,bg
609885843909,2457870.4978542,11.01365001490443,0.0010540139524387751,V,bg
609885843909,2457882.4757067,11.016495205332017,0.0013522758044615462,V,bg
609885843909,2457953.9398098,11.048132209793861,0.0009801523124851877,V,bg
609885843909,2457867.5259847,11.029089267352258,0.0008098069159467287,V,bg
609885843909,2457890.4539628,11.033365249334064,0.0011776501988390573,V,bg
609885843909,2457952.9471345,10.993620803893116,0.0026774476688696367,V,bg
609885843909,2457957.9336348,11.050286685480465,0.0010169668920157247,V,bg
609885843909,2457960.9189861,11.032211987984278,0.0007810965077884914,V,bg
609885843909,2457969.9300401,11.040754356185886,0.0007020860180378327,V,bg
609885843909,2457974.8962519,11.017766544195817,0.0012958371094171303,V,bg
609885843909,2457999.8341702,11.065052806713421,0.0013268192176110623,V,bg
609885843909,2457980.883626,11.079503948914402,0.0013455532079082592,V,bg
609885843909,2457972.9060919,11.013764075330656,0.002112103527004213,V,bg
609885843909,2457983.9126716,11.016937628826602,0.0010608143701397077,V,bg
609885843909,2458007.8072216,11.022724652882028,0.0010941017481868273,V,bg
609885843909,2458001.8489468,11.027896384910502,0.0011251662464490289,V,bg
609885843909,2458014.8054038,11.023994472906464,0.0009601437760084002,V,bg
609885843909,2458012.7926477,11.000100501860716,0.001186560304303704,V,bg
609885843909,2458016.7997517,11.069081672013137,0.0011142524003556172,V,bg
609885843909,2458018.7953478,11.074915310349027,0.001302068885219234,V,bg
609885843909,2458052.6865254,11.057151126938718,0.0009522020892223942,V,bg
609885843909,2458022.7673414,11.03296159659778,0.0008864727002094422,V,bg
609885843909,2458028.7499531,11.04032774227063,0.0008180809825936162,V,bg
609885843909,2458056.6744341,11.04633745132832,0.000997875164987513,V,bg
609885843909,2458067.8046604,11.010381294871486,0.0011003959817713375,V,bg
609885843909,2458072.6352712,11.027147633383978,0.0009412288849870082,V,bg
609885843909,2458071.6346477,11.012670030238255,0.0011285973116363017,V,bg
609885843909,2458074.6706635,11.046088627383796,0.0008148106512067557,V,bg
609885843909,2458079.6002992,11.013959065783151,0.001167503028742267,V,bg
609885843909,2458075.6868707,11.046901399478596,0.0007912748712069293,V,bg
609885843909,2458085.6949568,11.057475433885823,0.001234790601894638,V,bg
609885843909,2458091.6127991,11.041866852077646,0.0016225572729047337,V,bg
609885843909,2458096.5770622,11.040346191147366,0.0007234085820423378,V,bg
609885843909,2458101.7027238,11.034309913756955,0.0008779569223965632,V,bg
609885843909,2458094.7671932,11.026440724327824,0.0010480029285454197,V,bg
609885843909,2458103.5303131,11.036285267603825,0.0009093773586558196,V,bg
609885843909,2458104.8517849,11.037341108496832,0.0007311298924904652,V,bg
609885843909,2458105.8328348,10.99472543863616,0.0014054396373463954,V,bg
609885843909,2458108.7312452,11.035907929441382,0.0009302526095937418,V,bg
609885843909,2458111.7516361,11.061190683075084,0.0009526192120671173,V,bg
609885843909,2458119.7932383,11.047432057213417,0.002734596933842098,V,bg
609885843909,2458117.7384237,11.010485000978466,0.0012260731409919309,V,bg
609885843909,2458165.7111556,11.026874008010253,0.0009563569714976525,V,bg
609885843909,2458172.5137636,11.042942611248233,0.0008985097274114042,V,bg
609885843909,2458175.5813196,11.045939708071451,0.000937274168072417,V,bg
609885843909,2458176.6532194,11.097047648711706,0.0018792763140136448,V,bg
609885843909,2458179.6247547,11.047352177160528,0.0017339474779357034,V,bg
609885843909,2458178.5900748,11.063357389473081,0.0017057341359660336,V,bg
609885843909,2458192.6094761,11.043367660639557,0.0006727803209601179,V,bg
609885843909,2458198.6147259,11.037414221389971,0.00072681163126518,V,bg
609885843909,2458238.4617503,11.097313443382323,0.0018954226447695638,V,bg
609885843909,2458335.9340533,11.032929699660164,0.0016953187359202064,V,bg
609885843909,2458323.9260801,11.070637631871312,0.0014392876172852806,V,bg
609885843909,2458358.8536568,11.099126345851769,0.002005874941544928,V,bg
609885843909,2458360.8503132,11.076002643210384,0.0017400030307459147,V,bg
609885843909,2458368.8260951,11.079378784938651,0.0014973743383296944,V,bg
609885843909,2458384.790397,11.088237622139301,0.001917088201420116,V,bg
609885843909,2459997.6775969,11.711006666892645,0.0012457865240792891,g,bG
609885843909,2456872.9442526,10.99745542862189,0.002028355495472013,V,bf
609885843909,2456894.8852552,11.05885264805645,0.0005927593545394568,V,bf
609885843909,2456878.9156962,11.061345180898808,0.000720416140276885,V,bf
609885843909,2456789.5165419,11.077059047105728,0.001226247262050944,V,bf
609885843909,2456918.8366655,11.049341508809158,0.0007221600781900586,V,bf
609885843909,2457007.841823,11.079357575557811,0.0008764418966745223,V,bf
609885843909,2456884.9207064,10.985749297756024,0.0014325941032032501,V,bf
609885843909,2456988.6767236,11.065835808555399,0.000741155716768985,V,bf
609885843909,2457009.6898589,11.07528997217603,0.0008673721101128645,V,bf
609885843909,2457013.6892971,10.99185478345123,0.0012124764142839156,V,bf
609885843909,2457010.5573239,11.058074449889837,0.0004055034561124321,V,bf
609885843909,2457016.6777078,11.050586321636127,0.0005357450823870021,V,bf
609885843909,2457033.772242,11.06300356082184,0.0007255245664087499,V,bf
609885843909,2457034.6576303,11.059198582740299,0.000591976436262237,V,bf
609885843909,2456885.8993341,11.042533921428719,0.001027628707827549,V,bf
609885843909,2456979.7184904,11.057460352139866,0.0005080396031883173,V,bf
609885843909,2456912.8561224,11.0320683405139,0.0015483039086728663,V,bf
609885843909,2457133.5509438,11.00152849201099,0.0012510852906720779,V,bf
609885843909,2457150.4838006,11.033850853909906,0.000865337575751273,V,bf
609885843909,2457111.5821829,11.019915968451992,0.0011518431373998793,V,bf
609885843909,2457155.4903689,11.063804593198391,0.0007572237171512572,V,bf
609885843909,2457158.4747014,11.107637845254423,0.0012802391265805966,V,bf
609885843909,2457234.936332,11.039175342658904,0.0015696146088068547,V,bf
609885843909,2457167.4618749,11.062790351090936,0.0009092638840371828,V,bf
609885843909,2457161.4767936,11.07403514018845,0.000897966341583925,V,bf
609885843909,2457251.9096695,11.019629091102614,0.0009959430230890099,V,bf
609885843909,2457317.7485542,11.098363971567728,0.0012435784145083356,V,bf
609885843909,2457093.5975841,11.108821470304838,0.0013915199830544156,V,bf
609885843909,2457331.7835531,11.133498262011736,0.001447244755704326,V,bf
609885843909,2457319.7765335,11.132493274995262,0.001526430089684918,V,bf
609885843909,2457354.7576125,11.002078172328975,0.001248552514828024,V,bf
609885843909,2457350.7329418,11.120841726703963,0.0023466983450016626,V,bf
609885843909,2457364.6083961,11.125585198291583,0.0014051264605223373,V,bf
609885843909,2457362.7588168,11.126591264840878,0.0013904910931532876,V,bf
609885843909,2457367.6626359,11.133361492755666,0.001468250577091216,V,bf
609885843909,2457375.7991853,11.070557238669991,0.000768064288615415,V,bf
609885843909,2457380.6665997,11.013080136930473,0.001569432441436877,V,bf
609885843909,2457390.6013963,11.038933636620298,0.00068331763919178,V,bf
609885843909,2457398.5353385,11.12736612297342,0.001462233507952286,V,bf
609885843909,2457419.7031859,11.050378123643522,0.0007041506791913955,V,bf
609885843909,2457420.6789153,11.14346848628058,0.0015784882954340141,V,bf
609885843909,2457371.7792336,11.045882763874442,0.0005653528166129209,V,bf
609885843909,2457422.7389625,11.106133845845944,0.0012067054227382487,V,bf
609885843909,2457357.8233586,11.094340225061734,0.0010627047400051488,V,bf
609885843909,2457426.7626238,11.034995910196205,0.000802385308837301,V,bf
609885843909,2457424.7639532,11.078027979218854,0.0008459208659634137,V,bf
609885843909,2457428.6624261,11.029194355458511,0.000805080388729493,V,bf
609885843909,2457427.7582132,11.131785558187739,0.0014663856341231981,V,bf
609885843909,2457447.5995563,11.029493709167127,0.0007928889060984871,V,bf
609885843909,2457451.6309855,11.103362645430263,0.00116478306444644,V,bf
609885843909,2457448.7048622,11.109018689216413,0.0013086384530321706,V,bf
609885843909,2457602.9255471,11.110079384026022,0.0012439255602018661,V,bf
609885843909,2457101.5640497,11.051791538169871,0.0006458461945462879,V,bf
609885843909,2457666.7667353,11.071116373518954,0.000780333160362189,V,bf
609885843909,2457668.8549279,11.063180577180427,0.0006302931054491942,V,bf
609885843909,2457662.790963,11.079006849674112,0.0008641534475284785,V,bf
609885843909,2457671.7535785,11.072620135460129,0.0008155871875427591,V,bf
609885843909,2457686.8227801,11.078007195751544,0.0008345435284272581,V,bf
609885843909,2457767.6056384,11.026845449334806,0.001003746304149353,V,bf
609885843909,2457749.6361631,11.0665356442113,0.0007474075491459578,V,bf
609885843909,2457691.7686801,11.04875016235166,0.0004902937037855858,V,bf
609885843909,2457773.7832003,11.054801663946485,0.0006357218882625379,V,bf
609885843909,2457774.7411901,11.032591352121122,0.0008397631573490847,V,bf
609885843909,2457689.7178334,11.044626874132694,0.0005646754038208252,V,bf
609885843909,2457127.5325845,11.089653498841926,0.0011532972848530274,V,bf
609885843909,2457775.6676501,11.014293202466659,0.0009886184735350774,V,bf
609885843909,2457782.756156,11.032301994956686,0.0008907391097584389,V,bf
609885843909,2457778.7578199,11.053862121974603,0.0005232400310431378,V,bf
609885843909,2457787.6310726,11.036461007723597,0.0008107283634994114,V,bf
609885843909,2457780.6857516,11.026689379396542,0.0008490293453363721,V,bf
609885843909,2457791.6130432,11.026477195455,0.0010798232540170918,V,bf
609885843909,2457856.5400309,10.990846574391384,0.0013699352730609103,V,bf
609885843909,2457802.7218868,11.03362449645939,0.0009181047273942053,V,bf
609885843909,2457799.6331075,10.993566341396455,0.0013225717995048593,V,bf
609885843909,2457858.4868727,11.023244994045783,0.0009065162633954835,V,bf
609885843909,2457803.7212507,11.029246417589496,0.0008788019331920733,V,bf
609885843909,2457872.5006523,11.029735570845482,0.0008132196090320446,V,bf
609885843909,2457867.5569766,11.027278352920904,0.0012548935353979267,V,bf
609885843909,2457889.4850123,10.99643015664297,0.0011798126898949757,V,bf
609885843909,2457869.5143969,11.055186729215773,0.0006210153129481764,V,bf
609885843909,2457843.5312286,11.03306112264806,0.00080148552472681,V,bf
609885843909,2457801.7266411,11.041626242966284,0.0007483368157825612,V,bf
609885843909,2457967.9253224,11.020200597032126,0.0009317299998803713,V,bf
609885843909,2458021.8262715,11.03669024607727,0.0007454973677359097,V,bf
609885843909,2457893.4643873,11.008589048855121,0.001111199047398575,V,bf
609885843909,2458033.7749087,11.062470021846497,0.001138419033605281,V,bf
609885843909,2457966.9338479,11.03185616129604,0.000994896972187532,V,bf
609885843909,2458032.7629683,11.072272865405504,0.0014958265853140884,V,bf
609885843909,2458038.7620494,11.037772039451756,0.000865529793754616,V,bf
609885843909,2458039.7742174,11.043098452151185,0.00070273679662842,V,bf
609885843909,2458045.8189721,11.03423566664686,0.0007687104257163268,V,bf
609885843909,2458041.7787539,11.044128494953299,0.0006490447046790866,V,bf
609885843909,2458044.8260994,11.052976991609444,0.0005138994927188472,V,bf
609885843909,2458046.8040837,11.019730343308334,0.0009925233580886804,V,bf
609885843909,2456904.8613784,11.04545574538405,0.0006447370337970518,V,bf
609885843909,2457784.5806962,11.056678036297114,0.00044121786134440876,V,bf
609885843909,2458047.8007888,11.063478802345823,0.000699183499940432,V,bf
609885843909,2458082.7634736,11.01008340230483,0.001035685273436303,V,bf
609885843909,2458094.7517229,11.024584306862602,0.0009655359125128846,V,bf
609885843909,2458119.7187526,11.028246534393416,0.0015514050653847435,V,bf
609885843909,2458178.7010368,11.057912152386908,0.0014349999474964335,V,bf
609885843909,2458180.5807737,11.06591657438948,0.0010952688139996866,V,bf
609885843909,2458079.639265,11.018061547986964,0.0009858330656228073,V,bf
609885843909,2458077.7483635,11.0235463483735,0.0009632903689185733,V,bf
609885843909,2458191.6343656,11.03486047722172,0.0008194870487869691,V,bf
609885843909,2458076.6484995,11.025223280408055,0.0008807469505496444,V,bf
609885843909,2458194.6193478,11.064092457344783,0.0007065300561028589,V,bf
609885843909,2458193.5812922,11.058860038113693,0.0005398209526801917,V,bf
609885843909,2458074.753993,11.017894796672596,0.0009459109132593082,V,bf
609885843909,2458196.602425,11.04699895257619,0.0006182090598894623,V,bf
609885843909,2458203.6283293,11.035910107857143,0.0012097203625990882,V,bf
609885843909,2458198.5836675,11.045304797423313,0.000664570110307496,V,bf
609885843909,2458347.9059232,11.033335306373502,0.0007360970970713491,V,bf
609885843909,2458358.8836185,11.113166562013475,0.0018613620561363235,V,bf
609885843909,2458199.5928653,11.053348597904636,0.000436500628262859,V,bf
609885843909,2458384.8058319,11.116139016921338,0.0014667273720894301,V,bf
609885843909,2457964.9357556,11.028469594246847,0.0009852139921276131,V,bf
609885843909,2457436.7363055,11.084613887480831,0.0010812359224678049,V,bf
609885843909,2456906.8560316,11.051678602856043,0.0006999843279708814,V,bf
609885843909,2458233.5223033,11.082993612323147,0.0011714902371859981,V,bf
609885843909,2456909.907497,11.062990212773748,0.0009601675103992197,V,bf
609885843909,2459998.6888117,11.696186743256764,0.0010542885526531676,g,bG
609885843909,2456796.4706062,11.060677713524857,0.0007343592109196535,V,bf
609885843909,2456910.8943384,11.024825848287122,0.001173719925512768,V,bf
609885843909,2456804.4575414,11.018283972592496,0.0009869445336262758,V,bf
609885843909,2456923.8328519,11.05253732618911,0.0005816728105987976,V,bf
609885843909,2456927.8253437,10.998467454989813,0.0012159343278708536,V,bf
609885843909,2456930.8569513,11.049134026832249,0.0006108881453001546,V,bf
609885843909,2456932.8661169,11.014368948741062,0.0010219655750474906,V,bf
609885843909,2456785.4530042,11.047854473664543,0.0017712616891599072,V,bf
609885843909,2456784.5224572,11.060860607883779,0.0007876587041312544,V,bf
609885843909,2456791.5059089,11.064968624575467,0.0013793002258365682,V,bf
609885843909,2456795.4735182,11.06957132323631,0.0008180411022615105,V,bf
609885843909,2456939.7946223,11.00765041615234,0.0015778275369477258,V,bf
609885843909,2456931.8485867,11.062351838843497,0.0007604854433030023,V,bf
609885843909,2456938.7999647,11.067704901484081,0.0010253927285149903,V,bf
609885843909,2456937.7855262,11.061917725457901,0.0010720803110330014,V,bf
609885843909,2456936.8142384,11.03594747827878,0.0010752610919589412,V,bf
609885843909,2456952.7841767,11.047005036069022,0.0007008856204948715,V,bf
609885843909,2456966.7509221,11.075481257889528,0.0011768694572591245,V,bf
609885843909,2456970.7321132,11.014693056534824,0.0011561473427059014,V,bf
609885843909,2456976.7375173,11.06420189322936,0.0007171742339160039,V,bf
609885843909,2456983.76577,11.085194660691082,0.0009477062909018425,V,bf
609885843909,2456991.6714015,11.04834309571788,0.0006634922519963983,V,bf
609885843909,2456993.7002154,11.059927496992243,0.0008296659366054395,V,bf
609885843909,2457002.7015631,11.083386813134869,0.001044194160345438,V,bf
609885843909,2457005.6909469,11.076227412233079,0.0009009781446670617,V,bf
609885843909,2456999.6949295,11.008874585344817,0.001299908222698041,V,bf
609885843909,2457004.6850855,11.027265301695007,0.0009557268423468875,V,bf
609885843909,2457006.6943826,11.009805447849313,0.0010435067401882582,V,bf
609885843909,2457019.6752334,11.076514166695489,0.0008730782355453373,V,bf
609885843909,2457021.6644163,11.054864382062384,0.0004727005352912738,V,bf
609885843909,2457038.6522097,11.076244591112536,0.0008198440990803856,V,bf
609885843909,2457036.647769,11.067242935402659,0.0007460822488954434,V,bf
609885843909,2457043.6886691,11.067877413696571,0.0007621193270106932,V,bf
609885843909,2457040.6458207,11.035211454435938,0.0007726900644974348,V,bf
609885843909,2457046.6814764,11.050169329789718,0.0007943515421361676,V,bf
609885843909,2457052.637307,11.048606190140273,0.0007539834354222566,V,bf
609885843909,2457049.6326862,10.996847863774681,0.0011901690029520258,V,bf
609885843909,2457060.6190775,11.076057434573594,0.0009918019672097167,V,bf
609885843909,2457064.7549683,11.004764629033989,0.0012713635219068033,V,bf
609885843909,2457740.7157478,11.038427026034167,0.0007775912091277094,V,bf
609885843909,2457071.5892734,11.034818682734146,0.0007590608295746929,V,bf
609885843909,2457068.5948961,11.0071158816411,0.0010829013169538929,V,bf
609885843909,2457076.5896231,11.070974155982771,0.0008613427679301913,V,bf
609885843909,2457079.5874613,11.07136700644685,0.0009978509123740483,V,bf
609885843909,2457139.5235006,11.12073183263136,0.0014873951411193762,V,bf
609885843909,2457115.5819555,11.095439993134306,0.0015375706427378083,V,bf
609885843909,2457121.5472558,11.0098602007489,0.0010141930294856837,V,bf
609885843909,2457145.5247148,11.004742594608887,0.001656732289686668,V,bf
609885843909,2457166.4518469,11.040052233330046,0.0010130055437945489,V,bf
609885843909,2457229.9363455,11.051868971606247,0.0005564286625577739,V,bf
609885843909,2457247.9042431,11.094020715333514,0.0010714322286368998,V,bf
609885843909,2457170.4570564,11.107605138004237,0.0014196703689745137,V,bf
609885843909,2457256.9045813,11.017568136232256,0.0009915528376392422,V,bf
609885843909,2457278.9022622,11.058420072612744,0.0006339460174658297,V,bf
609885843909,2457267.854841,11.077095903583976,0.0009989109291934045,V,bf
609885843909,2457269.9019427,11.115347124434376,0.0014550547549367775,V,bf
609885843909,2457266.8562005,11.080272459270494,0.0015498387511765587,V,bf
609885843909,2457282.876004,11.02310594879814,0.0009376375582318617,V,bf
609885843909,2457283.8191696,11.11183220401715,0.0013136943366129318,V,bf
609885843909,2457287.8692446,11.017968645084366,0.000959270935455863,V,bf
609885843909,2457288.7988218,11.113572053880942,0.0013023046947031399,V,bf
609885843909,2457295.8089058,11.133836377092429,0.0016952701706602318,V,bf
609885843909,2457305.84811,11.119209130695731,0.001351837907992504,V,bf
609885843909,2457327.7510394,11.064958839297327,0.0007024116476094148,V,bf
609885843909,2457339.8269244,11.066891104579675,0.0006355312892060542,V,bf
609885843909,2457312.8295734,11.122279656548189,0.0013525812925168673,V,bf
609885843909,2457373.5620272,11.037476132689903,0.0007665786616003893,V,bf
609885843909,2457376.6331444,11.099716381215286,0.001149503809716114,V,bf
609885843909,2457345.7675736,11.081012937748502,0.0008963356364597197,V,bf
609885843909,2457360.633603,11.1225654088997,0.0013932639592253732,V,bf
609885843909,2457381.6110886,11.124656817170894,0.001651887733412198,V,bf
609885843909,2457387.7768267,11.067977234273616,0.000823925681794595,V,bf
609885843909,2457384.7721712,11.142336592117683,0.0016986370548152066,V,bf
609885843909,2457389.7696082,11.118672832688365,0.0013296357046505697,V,bf
609885843909,2457401.8028534,11.119374995025213,0.0013279815482538874,V,bf
609885843909,2457400.834209,11.061848168275322,0.0008536157882786259,V,bf
609885843909,2457396.785118,11.130894251391027,0.00144225196595679,V,bf
609885843909,2457403.7528152,11.13526626101934,0.0014579603969114288,V,bf
609885843909,2457407.8131643,11.034803454679682,0.000803244454160868,V,bf
609885843909,2457404.5790376,11.019506258208175,0.0010127204060908536,V,bf
609885843909,2457406.5854155,11.053035875713588,0.0006137048444216424,V,bf
609885843909,2457410.6950351,11.129793360309371,0.001861151879612737,V,bf
609885843909,2457415.6695633,11.167935240126102,0.0018367151617637708,V,bf
609885843909,2457405.8059563,11.101640997112757,0.0011341948040442765,V,bf
609885843909,2457418.7410257,11.08101413316785,0.0008904492482843865,V,bf
609885843909,2457461.6678139,11.090435237407332,0.0009793884157851924,V,bf
609885843909,2457477.6230135,11.151305259982799,0.0016470403490050853,V,bf
609885843909,2457471.5602853,11.04779126730428,0.0010567539611478758,V,bf
609885843909,2457485.5836101,11.068298202916726,0.0007226240812864649,V,bf
609885843909,2457479.5689779,11.1095663087662,0.001239523377424656,V,bf
609885843909,2457617.8991757,11.051972995421304,0.0009092485846818113,V,bf
609885843909,2457635.891601,11.079535188382641,0.0008437492428796199,V,bf
609885843909,2457621.8902041,11.091304562245917,0.0012213614884808849,V,bf
609885843909,2457623.9053185,11.064385175683721,0.0012435916660019375,V,bf
609885843909,2457696.7536922,11.031994790244521,0.0008020905964805054,V,bf
609885843909,2457700.6742119,11.050265125859532,0.0007847250547557449,V,bf
609885843909,2457701.7672935,11.045754468418853,0.0006372410584136608,V,bf
609885843909,2457708.6549725,11.006747833488275,0.0015112970197359605,V,bf
609885843909,2457721.7254997,11.078865564557647,0.0008718387458569253,V,bf
609885843909,2457714.8115245,11.068699249485181,0.0008564755495980753,V,bf
609885843909,2457725.7417346,11.001253284630405,0.00113799483997705,V,bf
609885843909,2457729.7298516,11.023440226346109,0.00093516243682241,V,bf
609885843909,2457738.7487738,11.058292986344146,0.0008544147583977888,V,bf
609885843909,2457752.6737481,11.088925918014557,0.0010117552860850827,V,bf
609885843909,2457742.6529154,11.04791776902849,0.0005946152196960847,V,bf
609885843909,2457755.7614568,11.064545449086099,0.0006395305537701042,V,bf
609885843909,2457757.637909,11.053327050680032,0.0003936802851775653,V,bf
609885843909,2457760.7097133,11.034422146395524,0.0010607403514959137,V,bf
609885843909,2457761.5789471,11.055253337600554,0.0006399433405274658,V,bf
609885843909,2457770.7918043,11.027963354587113,0.0013348359922339327,V,bf
609885843909,2457771.7916586,11.044420533138005,0.0010165647315579793,V,bf
609885843909,2457772.8131428,11.03016252591064,0.0009483456410998982,V,bf
609885843909,2457795.6099693,11.051821731768792,0.001146473451144808,V,bf
609885843909,2457804.7166355,11.041440911957798,0.000702800864600635,V,bf
609885843909,2457806.605969,11.019877079840226,0.0009080035741347248,V,bf
609885843909,2457808.6517456,11.032473456479986,0.0007591962448196522,V,bf
609885843909,2457811.6485266,11.019631712882749,0.0011092753183546986,V,bf
609885843909,2457827.6639598,11.030473643261033,0.0012115276355601583,V,bf
609885843909,2457821.6826643,11.05665448825824,0.0010596659861707375,V,bf
609885843909,2457830.5501555,11.03512352868428,0.0007344199590108437,V,bf
609885843909,2457824.5311621,11.034980977995108,0.0009879600331130832,V,bf
609885843909,2457838.5077637,11.044279510582179,0.0006399200463018578,V,bf
609885843909,2457835.644928,11.009847610717348,0.001030578373574619,V,bf
609885843909,2457855.5858405,11.018429640804218,0.0013952397955284228,V,bf
609885843909,2457846.6127621,11.003879146875297,0.001221484441434613,V,bf
609885843909,2457848.6073631,11.02711981690739,0.001003535908671142,V,bf
609885843909,2457864.5598409,11.028679180330922,0.0009245446928476169,V,bf
609885843909,2457999.8594034,11.06502739365993,0.000779996163189796,V,bf
609885843909,2457983.9050326,11.040645575237775,0.0007645389415517166,V,bf
609885843909,2457994.869377,11.035496399314777,0.0007251226872831269,V,bf
609885843909,2458004.8436451,11.057495297807193,0.001767432523805299,V,bf
609885843909,2458011.8427575,11.053593793653132,0.0004041186746619579,V,bf
609885843909,2458016.8144736,11.055676405947633,0.0005626228379182744,V,bf
609885843909,2458007.832418,11.022980092062797,0.0010197606270368237,V,bf
609885843909,2458013.8554872,11.04265489153927,0.0006502008771579532,V,bf
609885843909,2458018.829278,11.037949294455888,0.0007783924385649516,V,bf
609885843909,2458028.7780599,11.047389869320343,0.0007726259913781976,V,bf
609885843909,2458080.7126729,11.027445392412861,0.0008189841115705763,V,bf
609885843909,2458034.8509681,11.046244994577822,0.0008402555436315643,V,bf
609885843909,2458085.6291051,11.053382783491898,0.0005342112052018085,V,bf
609885843909,2458086.6861902,11.027264292807432,0.0009741687654584919,V,bf
609885843909,2458088.8470303,11.04562352246238,0.0006000070468948844,V,bf
609885843909,2458096.7341731,11.018384056177464,0.0009815787104352582,V,bf
609885843909,2458092.6557526,11.03757945749096,0.0012165593857948523,V,bf
609885843909,2458102.6803619,11.044535478183432,0.0006300814144469192,V,bf
609885843909,2458109.6238798,11.04991964507679,0.0007042002029228494,V,bf
609885843909,2458118.7317463,11.044256955999199,0.0013773699032202194,V,bf
609885843909,2458175.699905,11.04969524899161,0.0008323955937401071,V,bf
609885843909,2458165.6694765,11.021106924195179,0.0009388067779031229,V,bf
609885843909,2458179.640191,11.068268685852532,0.0018970303615688303,V,bf
609885843909,2458183.6814389,11.068738878570628,0.0011444295800318836,V,bf
609885843909,2458235.5404242,11.094314309193399,0.0015251525415387018,V,bf
609885843909,2458189.6430788,11.02658417251005,0.0009156625685100317,V,bf
609885843909,2458329.9358576,11.057792378089015,0.0008671137482008432,V,bf
609885843909,2458337.9307704,11.104498008281553,0.001211545186906266,V,bf
609885843909,2458331.9288202,11.037441790779836,0.0009193883221572602,V,bf
609885843909,2458343.9199377,11.08433860580333,0.0011719289456543277,V,bf
609885843909,2458356.882942,11.08127287092798,0.0020608287028801766,V,bf
609885843909,2458360.8726095,11.079197194926182,0.0009905807602559882,V,bf
609885843909,2458367.8528107,11.05713963642338,0.000419459975250014,V,bf
609885843909,2458359.8763077,11.02562557337944,0.0010829701504659274,V,bf
609885843909,2458368.8492022,11.080916812297215,0.0008649088544153997,V,bf
609885843909,2458365.8913448,11.098028039574128,0.0011199485873266636,V,bf
609885843909,2458371.8426152,11.047165026896963,0.0005372637461204813,V,bf
609885843909,2458385.8024467,11.054167060123204,0.0008449801634354596,V,bf
609885843909,2459999.444078,11.702622562800824,0.0010195211044285865,g,bn
609885843909,2459999.6081945,11.709533163106531,0.0009072926119719118,g,bk
609885843909,2459999.6094349,11.730710567374214,0.0012223359178441591,g,bk
609885843909,2460000.5984873,11.709013984666207,0.0008747263201916869,g,bk
609885843909,2460001.6805264,11.695225838049776,0.0011087553724419795,g,bG
609885843909,2460004.6203693,11.743643589421993,0.0013800095960793415,g,bk
609885843909,2460005.6770782,11.641018710541394,0.0014666770180846512,g,bk
609885843909,2460007.6848692,11.686936973782204,0.0019834191710191105,g,bG
609885843909,2460009.6616534,11.748419842973421,0.0022846420858168015,g,bk
609885843909,2460011.6695277,11.701235291602535,0.0032031082318051103,g,bG
609885843909,2460011.6682295,11.7015687161222,0.0025327127959971886,g,bG
609885843909,2460012.6619355,11.612184409815764,0.002016028909235262,g,bk
609885843909,2456924.8153638,11.041763875654361,0.0008174534819126211,V,be
609885843909,2460014.6603179,11.7427748025742,0.0018505256979473785,g,bk
609885843909,2460021.6428152,11.739153820133723,0.0013441126794588314,g,bk
609885843909,2460027.5641615,11.711617299582002,0.0009527779939615774,g,bk
609885843909,2460028.6034911,11.731686564654558,0.0014031219895058887,g,bG
609885843909,2460029.5598201,11.726053222309979,0.00118453656998162,g,bk
609885843909,2460031.5149733,11.715234611179671,0.0012144051082928725,g,bk
609885843909,2460032.4965789,11.739943516990998,0.001416930140227857,g,bk
609885843909,2460035.5777586,11.771883309978898,0.00198597790042576,g,bk
609885843909,2460036.5504652,11.696299271362838,0.0008727550259801442,g,bk
609885843909,2460038.3797496,11.667356042305673,0.0019474985387279878,g,bn
609885843909,2458528.5902534,11.71065436791862,0.0013690030885144678,g,bG
609885843909,2458726.8665064,11.687810595893751,0.0008221989978612597,g,bG
609885843909,2459240.5767999,11.66776238392687,0.0014430332032788146,g,bG
609885843909,2459494.7944528,11.694265154404004,0.0028927688643775947,g,bG
609885843909,2459348.4787153,11.690746097662165,0.0010791454185938446,g,bG
609885843909,2459836.7988839,11.681281523272897,0.0014399402526471484,g,bG
609885843909,2459605.7773074,11.705320523245753,0.0015706067507867255,g,bG
609885843909,2459934.635386,11.675983349281815,0.0007383879560543562,g,bG
609885843909,2459620.6164207,11.651411216950802,0.0013361019718879834,g,bG
609885843909,2459503.7482161,11.64379342366377,0.0019856583175438766,g,bG
609885843909,2459688.5482677,11.695789388740279,0.0016643660801363338,g,bG
609885843909,2458701.9330979,11.682055704582826,0.0011534872224383042,g,bG
609885843909,2459633.5858651,11.70118481251029,0.0011757045276828144,g,bG
609885843909,2459645.6712745,11.679254667486546,0.0007802827136053249,g,bG
609885843909,2460003.5288937,11.691410641751183,0.0008550087853275512,g,bG
609885843909,2460023.6335469,11.735694007119587,0.0016621986874742847,g,bG
609885843909,2459840.7784793,11.720290796808822,0.0013774700039671471,g,bG
609885843909,2459550.5843462,11.680746114385796,0.0008856916641781303,g,bG
609885843909,2459621.6192808,11.692899630640134,0.0013099045120327883,g,bG
609885843909,2459626.6905361,11.702987256183665,0.0025471990348665007,g,bG
609885843909,2459653.6469595,11.647574146596188,0.0018174535166712246,g,bG
609885843909,2459832.8509034,11.716714455488624,0.002010214263964397,g,bG
609885843909,2460019.6387682,11.700345802803646,0.0010254996015040972,g,bG
609885843909,2458563.6199573,11.68678629177971,0.0025092051085404327,g,bG
609885843909,2458697.9368654,11.692992040295447,0.002190824743283729,g,bG
609885843909,2458817.6740692,11.743830384368604,0.0015716230631105908,g,bG
609885843909,2459320.4982108,11.660958536850483,0.0013496058498298899,g,bG
609885843909,2458871.7733076,11.695056492838528,0.001304297999118565,g,bG
609885843909,2459251.7438626,11.660066082842192,0.0012557070165721616,g,bG
609885843909,2459648.5867165,11.714111905160463,0.001246022585770865,g,bG
609885843909,2460018.6422418,11.70804935960547,0.001300963242573853,g,bG
609885843909,2458924.6405435,11.688566650438432,0.0009187700270387406,g,bG
609885843909,2459474.8695969,11.664689352213038,0.0016717162916241666,g,bG
609885843909,2459490.7499081,11.6607769066695,0.0013860312260675224,g,bG
609885843909,2458698.9215065,11.710359053158443,0.001262316670791688,g,bG
609885843909,2459624.6209729,11.711696789530313,0.001980075729187802,g,bG
609885843909,2459617.7414998,11.651691148257434,0.0014767419009535036,g,bG
609885843909,2459228.8081314,11.610701949786119,0.0016960734138423278,g,bG
609885843909,2459703.5031866,11.700181648924016,0.0011077220414304981,g,bG
609885843909,2460017.6445209,11.674017542974713,0.0010062757193059462,g,bG
609885843909,2458568.6082219,11.712124514270029,0.001390155540020408,g,bG
609885843909,2460038.5469383,11.694645589327132,0.0034400934189131277,g,bG
609885843909,2460039.5883685,11.739239170160873,0.0022704304680899183,g,bk
609885843909,2460040.5322625,11.745579651114625,0.0022390215260610683,g,bk
609885843909,2460040.5845773,11.7202370023392,0.0030826724375073865,g,bG
609885843909,2459937.6806081,11.694811747251698,0.0010015029504209306,g,bG
609885843909,2460016.6475127,11.728147250728927,0.0017466419911708348,g,bG
609885843909,2458409.7112319,11.698162633276372,0.0010241534369640943,g,bG
609885843909,2458481.7167422,11.68160882100447,0.0014171602102499852,g,bG
609885843909,2459359.4492783,11.61775681670145,0.0031491283556500304,g,bG
609885843909,2460031.5137214,11.714054267661535,0.001089552327008221,g,bk
609885843909,2460043.5789829,11.716924945470321,0.0018860199561920288,g,bk
609885843909,2460042.5793263,11.74453716039837,0.0025277958257139813,g,bG
609885843909,2460047.5682343,11.756401306119514,0.0015012114469798317,g,bk
609885843909,2460050.5644361,11.680933005079677,0.0008085908207660116,g,bG
609885843909,2460052.5491684,11.705590322997868,0.001406272374929319,g,bG
609885843909,2460048.5625964,11.674268698417956,0.0008428109937651759,g,bG
609885843909,2460046.5698259,11.706716279349667,0.0012028796955332608,g,bG
609885843909,2460049.5627606,11.739999508330499,0.0013924915431186879,g,bk
609885843909,2460045.5755366,11.69905297572068,0.0011153579428450006,g,bG
609885843909,2460051.5581937,11.715830103993648,0.001322083121547113,g,bG
609885843909,2460054.5097511,11.690657813414056,0.0006028450317489485,g,bk
609885843909,2460056.5326751,11.707393407134516,0.000960442045424243,g,bk
609885843909,2460057.5271536,11.714574678754111,0.0010117177009042974,g,bk
609885843909,2460059.4914863,11.750719635223795,0.0014968374158058255,g,bk
609885843909,2460059.521602,11.7029709336433,0.0013540359995699717,g,bG
609885843909,2460062.5285368,11.707293523252769,0.001175194663021067,g,bk
609885843909,2460061.5206423,11.742964642125022,0.0014690291435081894,g,bk
609885843909,2460066.4979047,11.721115278277646,0.0015677704257193643,g,bG
609885843909,2460068.5082556,11.729412186623144,0.0018954131618554877,g,bG
609885843909,2460069.5096753,11.672935345423204,0.0018586378795952337,g,bG
609885843909,2458107.7246073,11.059826073508832,0.0006290160473311168,V,bf
609885843909,2460076.4678679,11.703476486284107,0.0013038812677937325,g,bG
609885843909,2460077.4674036,11.672863684344794,0.0012541399117955592,g,bG
609885843909,2460080.4505442,11.734342280478351,0.005317472995122371,g,bG
609885843909,2460081.4502008,11.674938674017184,0.0021834746745072633,g,bk
609885843909,2460072.5026641,11.647388550464337,0.001718462689541,g,bG
609885843909,2460073.4954847,11.753984509375323,0.0014598115220786976,g,bk
609885843909,2460074.4964967,11.678732377011077,0.0010547070472918015,g,bG
609885843909,2460149.914465,11.674884160183472,0.0016300340655671576,g,bG
609885843909,2460150.6903027,11.851264308388693,0.002747357492889014,g,bo
609885843909,2460158.9130016,11.625384457194677,0.0027207765290688506,g,bG
609885843909,2460160.6779138,12.004586760809225,0.004471402947378643,g,bo
609885843909,2460164.6375477,11.923130094469435,0.003028454932425749,g,bo
609885843909,2460167.6811895,11.708222057771087,0.0023311428473296787,g,bn
609885843909,2460173.635067,11.805911834191743,0.0018933328973789038,g,bo
609885843909,2460200.5352808,11.987930573120291,0.003383564470719535,g,bo
609885843909,2460200.5560308,11.79430354884169,0.0018404373187325775,g,bn
609885843909,2460210.497539,11.868037168880612,0.0023979253899705792,g,bo
609885843909,2460215.5272815,11.552240761813886,0.001691580553935132,g,bo
609885843909,2460235.542658,11.782120983364308,0.001701112025660871,g,bo
609885843909,2460243.6731283,11.790463833278817,0.0026526579338127868,g,bG
609885843909,2460242.6662146,11.665797528822994,0.0013334239221316606,g,bk
609885843909,2460244.6956592,11.689307686332617,0.0019512320032609787,g,bk
609885843909,2460239.6740976,11.729008787246226,0.0013112724363689068,g,bk
609885843909,2460245.7322269,11.743700931170512,0.0020845582234124906,g,bk
609885843909,2460247.7188566,11.677488572432653,0.0029441954297088966,g,bk
609885843909,2460260.3683412,11.918553689609633,0.002747982518878729,g,bo
609885843909,2460263.6124667,11.719318836725405,0.0011029236828452688,g,bk
609885843909,2460266.3610392,11.915696002785376,0.002824927229729475,g,bo
609885843909,2460264.815428,11.664528998166574,0.0009581623550383048,g,bk
609885843909,2460273.8318328,11.70824731986793,0.0008896573971724401,g,bk
609885843909,2460282.6220275,11.744381526163606,0.00156426538970785,g,bk
609885843909,2460272.5922267,11.842345852074406,0.0028330476746651137,g,bk
609885843909,2459701.5137729,11.685419566435808,0.0006369267302308552,g,bk
609885843909,2459601.7422398,11.66981429568528,0.0016133533073963895,g,bk
609885843909,2460267.5925148,11.825310343512797,0.0022555060061301337,g,bk
609885843909,2460283.6080366,11.687205662464697,0.0006427275437402152,g,bk
609885843909,2460270.6119683,11.726765092526108,0.0016830566205353842,g,bG
609885843909,2460285.7874871,11.69014866415964,0.0011725600846782599,g,bk
609885843909,2459833.8636998,11.717561189874095,0.0018988012856952328,g,bk
609885843909,2459625.5650975,11.628145998068195,0.0019795914679058843,g,bk
609885843909,2459599.5710858,11.671204965383124,0.0012730661653834391,g,bk
609885843909,2459618.7183597,11.629408745105055,0.0014934948354985854,g,bk
609885843909,2459837.7835116,11.745328007809706,0.001637839097891529,g,bk
609885843909,2459700.5181655,11.683941092401389,0.0006219838495516839,g,bk
609885843909,2459835.7831565,11.725270936343685,0.002034770642433173,g,bk
609885843909,2459841.8268811,11.692096885587473,0.0009644206999664788,g,bk
609885843909,2460268.6237573,11.676969876350107,0.0009581272442841743,g,bk
609885843909,2460269.613343,11.741104719069103,0.001570487335613121,g,bk
609885843909,2460271.6109467,11.679984592834401,0.001217388936948906,g,bk
609885843909,2460274.8478709,11.715826327363635,0.0013590314588337329,g,bk
609885843909,2460276.6442535,11.721688402168596,0.0022197825886155916,g,bk
609885843909,2460279.7587479,11.834661687232725,0.0031919993332605564,g,bk
609885843909,2460257.5019852,11.801940249324936,0.0016676683634601719,g,bn
609885843909,2459945.5736352,11.72946374152724,0.0011323737683618545,g,bn
609885843909,2460258.4803378,11.814105258969182,0.0020284323276043162,g,bo
609885843909,2460287.8218154,11.751163837021249,0.0015018391311005473,g,bk
609885843909,2460289.4005991,11.992468167622183,0.0034619725573473764,g,bo
609885843909,2460078.4578606,11.706718443399742,0.0023867846889679303,g,bG
609885843909,2460216.8817576,11.723728248437766,0.004772568318823119,g,bk
609885843909,2460219.7432068,11.780032181087975,0.0024083485250290075,g,bk
609885843909,2460223.7333916,11.675554542215636,0.0008699507318172003,g,bk
609885843909,2460230.7007582,11.648021764254164,0.0011389054103883886,g,bk
609885843909,2460231.7074259,11.815307780892363,0.0020758238515982087,g,bk
609885843909,2460232.8628385,11.749522143291713,0.0018922485819714788,g,bk
609885843909,2460290.4708511,11.735279986554275,0.001084301757649884,g,bn
609885843909,2460290.6315047,11.693691261754877,0.001071412654113745,g,bk
609885843909,2460291.7860727,11.843247205211114,0.002291938764136006,g,bk
609885843909,2460022.5808997,11.711225108748188,0.0009510082961015242,g,bk
609885843909,2460024.6020087,11.71740344901428,0.0010318129260638842,g,bk
609885843909,2460025.6308751,11.714157905428003,0.0011154176837613794,g,bk
609885843909,2460218.7366644,11.668036610937243,0.0015198914931807634,g,bk
609885843909,2460065.5105709,11.689521729266179,0.0013227255057512565,g,bk
609885843909,2460261.8389209,11.707745116585171,0.0009267999878808169,g,bk
609885843909,2460256.8544896,11.702842294319966,0.0008046210256278584,g,bk
609885843909,2460278.7947475,11.677543049595208,0.0022693839627099563,g,bk
609885843909,2460254.6709271,11.669192209474703,0.0009378009618520483,g,bk
609885843909,2460251.7605565,11.759901330972722,0.001677479390158794,g,bk
609885843909,2460261.6546705,11.650939307607164,0.001172198907700703,g,bG
609885843909,2460228.7865135,11.650216531280858,0.0011741083556676794,g,bG
609885843909,2460227.7147896,11.677339194125253,0.0010801341045763994,g,bG
609885843909,2460139.9427616,11.684993443146837,0.001780921900683055,g,bG
609885843909,2460225.7290961,11.679256982505752,0.0008192477932007338,g,bG
609885843909,2460142.945758,11.645922274937032,0.002310911666412894,g,bG
609885843909,2460250.6807318,11.699597404411827,0.0014548135943613985,g,bG
609885843909,2460293.5901059,11.746295502148099,0.0013709831671141078,g,bk
609885843909,2460185.6054519,11.733928915293363,0.0017226177019893359,g,bn
609885843909,2460206.5898756,11.690444859414251,0.0007159997207059364,g,bn
609885843909,2460017.4338572,11.712264857355114,0.001723871476844892,g,bn
609885843909,2460191.6156254,11.76455926228419,0.0016230405195076891,g,bn
609885843909,2460191.6078127,11.789708425545818,0.002046171274232486,g,bo
609885843909,2460183.5933683,11.902426851613264,0.0026612338516763243,g,bo
609885843909,2460222.5615339,12.005375957154845,0.0038553321417571017,g,bo
609885843909,2460185.5829178,11.858344974806327,0.00298401023391056,g,bo
609885843909,2460206.5672028,11.776628113512078,0.001696688022066269,g,bo
609885843909,2460253.4074646,11.895630308512867,0.002673823078794593,g,bo
609885843909,2460221.4958807,11.949553516418396,0.0035075243903822714,g,bo
609885843909,2460252.6063133,11.778788745454875,0.0019481668313694057,g,bo
609885843909,2460168.6731,11.862842464896662,0.002563915308798436,g,bo
609885843909,2460253.4711754,11.773098587969674,0.0014196156505848388,g,bn
609885843909,2460261.3825261,11.692621910512315,0.000664959122589259,g,bn
609885843909,2460221.5035148,11.81026241605484,0.002102934169690596,g,bn
609885843909,2460233.4768892,11.781820823243557,0.0014957663414943065,g,bn
609885843909,2460295.5430587,11.732403236711239,0.0010128745287434613,g,bn
609885843909,2460295.5404879,11.717741933174889,0.0012350051891243648,g,bk
609885843909,2460296.6288035,11.877368278341468,0.002603816055112785,g,bk
609885843909,2460297.5989537,11.694518133702987,0.0007321222898113967,g,bk
609885843909,2460298.6412381,11.802681528956855,0.0020251762000951523,g,bk
609885843909,2460301.562985,11.759758659362657,0.0019538782090097536,g,bk
609885843909,2460302.5741959,11.672543211750746,0.0014503755999249266,g,bk
609885843909,2460303.5785128,11.829874110641859,0.002701903157465405,g,bk
609885843909,2460304.4549134,11.704248878173791,0.0021396756400197414,g,bn
609885843909,2460309.8301773,11.700812119197588,0.0011928956269564373,g,bk
609885843909,2460310.6890546,11.808034745566209,0.002096800629752781,g,bk
609885843909,2460312.3581724,11.80435194957987,0.0016752909668533468,g,bn
609885843909,2460277.7612589,11.828764640823593,0.0028504188531902094,g,bG
609885843909,2460312.5392369,11.717200272664057,0.0015361414114307274,g,bG
609885843909,2460278.5608826,11.61753394549168,0.0014822721898440907,g,bG
609885843909,2460314.3275667,12.052667585480334,0.0037978377017572813,g,bo
609885843909,2460315.3851038,11.78893708834094,0.0015427790111095863,g,bn
609885843909,2460314.6178104,11.694451899861871,0.0005991937565384708,g,bk
609885843909,2460316.7382465,11.700573057003949,0.0007124816166762671,g,bk
609885843909,2460317.7838837,11.7084910533191,0.0009254235484614974,g,bk
609885843909,2460321.374765,11.943334017990006,0.002974523783708879,g,bo
609885843909,2460321.7691712,11.635333914779064,0.0013855099608159405,g,bG
609885843909,2460322.4233978,12.156538810946198,0.004657123852755371,g,bo
609885843909,2460322.4909441,11.819050938626045,0.0018154648572294995,g,bn
609885843909,2460322.7901622,11.75359965811748,0.0014869966660682556,g,bk
609885843909,2460323.3782978,11.987813570506018,0.003332005781045574,g,bo
609885843909,2460324.7822382,11.70178976488276,0.000960537458702506,g,bk
609885843909,2460325.7911101,11.795962603079975,0.0022583127901327975,g,bG
609885843909,2460325.29971,11.937226287580083,0.003014641054288707,g,bo
609885843909,2460279.7599766,11.794856262171027,0.002475249474488618,g,bk
609885843909,2460283.6067963,11.68587453784683,0.0006523659940575335,g,bk
609885843909,2460326.7864126,11.671556149752567,0.0009250405019430017,g,bk
609885843909,2460327.7853767,11.780777563582692,0.0017634864110130984,g,bk
609885843909,2460328.788733,11.702766674232294,0.0009881029970488322,g,bk
609885843909,2460329.5933854,11.803343108602856,0.0020982917560759314,g,bk
609885843909,2460329.7820325,11.753958445623313,0.0017925599727006032,g,bG
609885843909,2460330.5367716,11.715183558983151,0.00114694500282991,g,bk
609885843909,2460331.7539209,11.624102774523294,0.0016992716761610753,g,bG
609885843909,2460332.760971,11.813182948901131,0.00270036750730868,g,bG
609885843909,2460335.5912511,11.694510890991454,0.0014094649633266127,g,bk
609885843909,2460333.7808278,11.657631387673657,0.002238806629874111,g,bG
609885843909,2460337.5714163,11.78153169322642,0.002020018265452446,g,bk
609885843909,2460338.576457,11.682229378920546,0.0010779538209237133,g,bG
609885843909,2460339.5798313,11.778759680568125,0.002515263468514042,g,bG
609885843909,2460340.5794846,11.674923115848927,0.0008180789958691953,g,bG
609885843909,2460371.4503031,11.699689925427776,0.001165447551907924,g,bn
609885843909,2460371.6685403,11.725652768268809,0.0013604900477416882,g,bk
609885843909,2460372.4305775,11.738262642583718,0.0026921202517439574,g,bn
609885843909,2460375.4239873,11.746068980333725,0.001272207566950134,g,bn
609885843909,2460372.6741115,11.723631241699625,0.0016610498138864432,g,bG
609885843909,2460379.3209172,11.75795307084309,0.0012590354691458271,g,bn
609885843909,2460345.2757065,11.937155926245882,0.00313351499994852,g,bo
609885843909,2460380.6532438,11.803062482404655,0.0019371577186151705,g,bk
609885843909,2460341.3648393,12.206585555680725,0.005100240159423951,g,bo
609885843909,2460374.6621211,11.685831401313283,0.000786975456965239,g,bk
609885843909,2460385.6237918,11.57030315493766,0.001679736923156238,g,bk
609885843909,2460346.271237,12.054657205223421,0.004391834641667476,g,bo
609885843909,2460370.6797513,11.79533934745336,0.0024609043736622226,g,bG
609885843909,2460373.6751992,11.79196658103078,0.002270204773285533,g,bG
609885843909,2460370.4515381,11.790581060623524,0.0020556945828291693,g,bn
609885843909,2460378.3258446,11.662912334126004,0.0010362536299242458,g,bn
609885843909,2460380.3203442,11.709981685523935,0.0007499633980291365,g,bn
609885843909,2460381.3156165,11.775441319054753,0.0015067496137212688,g,bn
609885843909,2460388.6221481,11.681086793720608,0.0009264544003744682,g,bG
609885843909,2460390.6258542,11.732054613343267,0.001724964425145888,g,bG
609885843909,2460388.2592007,11.722960191812312,0.002204224770622151,g,bn
609885843909,2460389.2799426,11.833505050627464,0.0035226211520875796,g,bn
609885843909,2460375.6645967,11.768796348487898,0.0020175831977796294,g,bG
609885843909,2460376.6570385,11.70503795092203,0.0009588096912595129,g,bk
609885843909,2460377.6527136,11.771474776327093,0.0016771742215548609,g,bk
609885843909,2460381.64128,11.676500047313356,0.0008035703032213286,g,bk
609885843909,2460403.5711963,11.751466172950014,0.0014874928256784143,g,bk
609885843909,2460404.3413636,11.767178965816976,0.0014564248697937557,g,bn
609885843909,2460404.5704564,11.80332117761875,0.0019986174184055245,g,bk
609885843909,2460405.3413478,11.77173000685497,0.0014763244989788326,g,bn
609885843909,2460408.5561225,11.793475832280802,0.0018903616071276124,g,bk
609885843909,2460402.3520447,11.74840461093007,0.0012462965562687477,g,bn
609885843909,2460403.3638158,11.818893341386936,0.0018896297353877837,g,bn
609885843909,2460402.579536,11.75588397313821,0.0017393243331331942,g,bG
609885843909,2460407.5641977,11.71665177106173,0.001044914405892639,g,bk
609885843909,2460395.528083,11.709345958096764,0.0015200229612633116,g,bk
609885843909,2460400.5774203,11.69042939289926,0.0006484981876098037,g,bk
609885843909,2460401.5803157,11.779105997579345,0.0020876130083206396,g,bk
609885843909,2460405.5658495,11.715731815439698,0.0010251589420216026,g,bk
609885843909,2460406.5686696,11.815263437407852,0.0023363932303027504,g,bG
609885843909,2460412.241262,11.723624905523515,0.0010145226439870797,g,bn
609885843909,2460413.2638992,11.800416196803203,0.0016554015953154978,g,bn
609885843909,2460410.5543108,11.715353589971206,0.0010434422427907121,g,bk
609885843909,2460409.5589891,11.796020078453251,0.0022074571907155795,g,bG
609885843909,2460411.5520794,11.740915019422747,0.001606105607285576,g,bG
609885843909,2460414.2170047,11.702616591206707,0.0009623624709262732,g,bn
609885843909,2460416.5402757,11.76068597673493,0.0018373429601241458,g,bk
609885843909,2460419.5291256,11.72297955280801,0.0015437382048770706,g,bG
609885843909,2460418.2552572,11.788852894030226,0.001858046357058461,g,bn
609885843909,2460420.2990938,11.761725787872955,0.0017328119514364519,g,bn
609885843909,2460417.5339453,11.698104300666296,0.0010748827236131179,g,bk
609885843909,2460419.280636,11.695660920132354,0.0009554806948782837,g,bn
609885843909,2460421.3160943,11.714122184777349,0.0015101318233602837,g,bn
609885843909,2460423.5356794,11.776039226025683,0.0022080160377881334,g,bk
609885843909,2460425.2843015,11.779084523976715,0.002378162538855573,g,bn
609885843909,2460425.5060446,11.80091576097303,0.002260953816643944,g,bk
609885843909,2460429.2253539,11.748179375606636,0.0012889692882994668,g,bn
609885843909,2460432.2604663,12.217861532180127,0.005263310458530264,g,bo
609885843909,2460437.2672524,11.77516040093973,0.0015320797596069416,g,bn
609885843909,2460437.4577118,11.751102126958335,0.0020316403492910778,g,bG
609885843909,2460439.4719261,11.759859682278218,0.001809003121159583,g,bk
609885843909,2460441.4887936,11.671795009455142,0.001066934996766571,g,bG
609885843909,2460442.1992366,11.780545959052667,0.002021036380348083,g,bn
609885843909,2460444.2171406,11.92733626908719,0.002914957323044164,g,bo
609885843909,2460445.2414885,11.707617262188357,0.001333321708327758,g,bn
609885843909,2460447.4781193,11.74168551201668,0.001924715149326704,g,bG
609885843909,2460449.456979,11.780868453314298,0.0021454918836548965,g,bk
609885843909,2460450.4630061,11.65238854229388,0.001506827869477936,g,bG
609885843909,2460454.4538147,11.79899459000659,0.004235811694514715,g,bG
661427779128,2459249.5482715,11.640884859744336,0.0014629963089045157,g,bG
661427779128,2459310.5183286,11.714498020734002,0.0014072991945690862,g,bG
661427779128,2459287.6515271,11.641709664266305,0.0012882968564518905,g,bk
661427779128,2458537.7005039,11.661957745963033,0.0016312620205267002,g,bG
661427779128,2458473.5295616,11.702494094170417,0.003199954185936261,g,bk
661427779128,2458981.2591996,11.678792714773746,0.000714515867917817,g,bn
661427779128,2458154.3523012,11.722570362398102,0.000848150961491829,g,bn
661427779128,2458457.5979264,11.664146208204635,0.0009589735754278572,g,bk
661427779128,2459277.4349855,11.650191699841507,0.0013503543919538266,g,bn
661427779128,2458606.2907542,11.717940528098886,0.0007896941724154588,g,bn
661427779128,2459247.3611324,11.672022265869854,0.0008372401874299513,g,bn
661427779128,2458560.3442333,11.697603657212682,0.0014531048000840556,g,bn
661427779128,2459250.7520769,11.668222741419449,0.0011513708420024767,g,bk
661427779128,2458549.6552216,11.72669205119027,0.0013269533555031808,g,bG
661427779128,2458409.4410289,11.772614370802437,0.0018199286543824082,g,bo
661427779128,2458443.7797794,11.675583859140211,0.0012455805876374732,g,bk
661427779128,2459255.6064067,11.727742187922534,0.0014214744440733482,g,bG
661427779128,2458483.6905226,11.694909391790983,0.0007892940982865351,g,bk
661427779128,2458462.7875048,11.654409494166696,0.001158764277537062,g,bG
661427779128,2458444.6094284,11.73928614324803,0.0017126922091317788,g,bk
661427779128,2458551.6577929,11.708033689862544,0.0011516404901771155,g,bG
661427779128,2458810.7804657,11.752550202157696,0.0016218941908661595,g,bG
661427779128,2458532.583556,11.699054530483188,0.001754997461651555,g,bG
661427779128,2458492.5083455,11.733916619377489,0.0010717999532088751,g,bn
661427779128,2459280.6682728,11.597944905429724,0.0017370123707911853,g,bG
661427779128,2458224.2711279,11.673201328712599,0.0008875425060457984,g,bn
661427779128,2459202.3878534,11.861077462834778,0.0023113022017632752,g,bo
661427779128,2459222.3085693,11.641190563319006,0.0009499708464223652,g,bn
661427779128,2458184.3106648,11.70755534738652,0.0008466603381818758,g,bo
661427779128,2458893.536341,11.715312022487577,0.0012766696546094817,g,bG
661427779128,2459214.3123319,11.683863282485465,0.0015381194461075427,g,bn
661427779128,2459181.8496371,11.694641870939593,0.0009609246620322537,g,bk
661427779128,2458834.6320708,11.729797697833092,0.0013202695174920152,g,bk
661427779128,2458760.580224,11.719173896723996,0.0008991854441478112,g,bn
661427779128,2459217.3977365,11.661002933021084,0.0009957654350087523,g,bn
661427779128,2458843.6601709,11.738362566606384,0.0013494353379507294,g,bk
661427779128,2458911.5180111,11.686535894414138,0.0009694650608700142,g,bk
661427779128,2458840.3167837,11.85662911369808,0.0023374397246548467,g,bo
661427779128,2458398.6098133,11.73486204150944,0.0010153980656703464,g,bn
661427779128,2459062.664694,11.83391833641142,0.002171102116657321,g,bo
661427779128,2458075.8332793,11.67041146637872,0.0007871773191724717,g,bk
661427779128,2458748.831547,11.735465482878318,0.0018537940209076276,g,bk
661427779128,2458129.635008,11.65943094723695,0.0009339457837821268,g,bk
661427779128,2458452.7267124,11.673775201581101,0.0009643776157982189,g,bG
661427779128,2459102.5646907,12.016449485087628,0.0037672869414751946,g,bo
661427779128,2458765.7387771,11.699721126963453,0.001745611972458169,g,bG
661427779128,2458855.8077213,11.719035770400566,0.0015099425609217058,g,bG
661427779128,2459198.7760293,11.67784273807664,0.0009282722419202805,g,bG
661427779128,2458107.5387707,11.666589069629579,0.0009546776854412241,g,bn
661427779128,2458523.6289878,11.720953308933112,0.0012091469538867844,g,bG
661427779128,2458211.5474004,11.690201704686473,0.0008419270498583883,g,bk
661427779128,2458567.6084642,11.708347299281508,0.0013688489705152805,g,bG
661427779128,2458227.5404431,11.680527259864784,0.0007100628764741166,g,bk
661427779128,2458586.5236448,11.70480970603557,0.0011361522084113338,g,bG
661427779128,2459219.4840863,11.680496723458408,0.0010274258161639756,g,bn
661427779128,2458195.3182101,11.704898905813321,0.0005040825554576897,g,bn
661427779128,2459314.556999,11.634575215766258,0.0013301669224295377,g,bk
661427779128,2458514.4749435,11.68913629949767,0.0007364091757343763,g,bn
661427779128,2458429.8220113,11.692321227277633,0.0007563057986532673,g,bG
661427779128,2458538.7001456,11.700665355538622,0.0014557687666523816,g,bG
661427779128,2458781.8443856,11.722158948644054,0.0013188922722981332,g,bk
661427779128,2459222.7737781,11.702156708013815,0.001197356102873352,g,bG
661427779128,2458619.485305,11.716859109329167,0.00192393537005188,g,bG
661427779128,2459192.5725157,11.673360032494895,0.0008002184347543061,g,bG
661427779128,2458247.4720772,11.693743886184551,0.00123981302296702,g,bk
661427779128,2458801.7441921,11.657854838692332,0.0020084927232780552,g,bk
661427779128,2458986.2361745,11.916559950998062,0.002804807107317896,g,bo
661427779128,2458463.2890901,11.784603667513514,0.0017649466030675576,g,bo
661427779128,2459220.652838,11.632813704720764,0.0013063452837230498,g,bk
661427779128,2458487.6909781,11.72571621936733,0.0011833615055857202,g,bk
661427779128,2459247.6971618,11.636549926132563,0.0013861884705127724,g,bk
661427779128,2459258.6191442,11.674616949942147,0.0008773408823579095,g,bk
661427779128,2459213.414543,11.620339255875729,0.001923750547084236,g,bn
661427779128,2458087.5651133,11.620690575611437,0.0011831552565238438,g,bo
661427779128,2458861.8148079,11.669323505819595,0.002458660749947541,g,bG
661427779128,2459250.435681,11.69534241728738,0.0008801763588740888,g,bn
661427779128,2458622.4688824,11.682913126916745,0.002088761264571361,g,bG
661427779128,2459190.8147709,11.695523093827278,0.001276316597509033,g,bG
661427779128,2459342.4953044,11.646452594776948,0.0012454851404942772,g,bk
661427779128,2458822.7168278,11.726696051209178,0.0014218669746379723,g,bG
661427779128,2458375.8080289,11.716578483615418,0.0010938726891361376,g,bk
661427779128,2458613.4851741,11.670647962447145,0.0009700855233514962,g,bk
661427779128,2458906.5776144,11.69865167524392,0.0007998833150965486,g,bG
661427779128,2459198.3082717,11.637249754183577,0.0010616551898504887,g,bn
661427779128,2458776.7479038,11.69646200110071,0.0011667363563567794,g,bk
661427779128,2458570.5265133,11.707238258562091,0.0009621024001895798,g,bk
661427779128,2459249.527451,11.612641460832592,0.0015876172113723783,g,bn
661427779128,2458222.2838328,11.69030573824048,0.000607601153944773,g,bn
661427779128,2458452.3892975,11.69332770759417,0.0007018670038351259,g,bn
661427779128,2458550.6612825,11.706353823199079,0.0010206478791801544,g,bk
661427779128,2458467.2878986,11.786197287057917,0.002399117501850038,g,bo
661427779128,2458482.3301358,11.749814816176421,0.0014218447481807977,g,bo
661427779128,2458467.5887736,11.678067980482215,0.0009550930147732565,g,bk
661427779128,2458479.5981345,11.670479868474928,0.0013002859476316853,g,bk
661427779128,2458767.5200352,11.70068273050379,0.0012693918964788585,g,bn
661427779128,2458604.2724888,11.679144573418359,0.0006173154627353123,g,bn
661427779128,2459186.3689047,11.642729081052416,0.0015861272224226015,g,bn
661427779128,2458547.6688537,11.698221228005107,0.0009569282473377895,g,bG
661427779128,2458198.3052564,11.656126447445859,0.0008502941439258278,g,bo
661427779128,2458153.5817159,11.657602055654994,0.0009651818122597621,g,bk
661427779128,2459100.5601519,11.915708163989267,0.0032402227679783463,g,bo
661427779128,2458752.883852,11.696017713385318,0.0009538869764898083,g,bG
661427779128,2459212.4034446,11.65933994035894,0.0011436351931047735,g,bn
661427779128,2458134.6488655,11.666168360282924,0.0008128669251656884,g,bk
661427779128,2458559.3484612,11.7191490318613,0.0011516950547068145,g,bn
661427779128,2459151.7142028,11.604408036890755,0.002094569929019356,g,bG
661427779128,2458067.8124198,11.655009379824385,0.0010229440939264608,g,bk
661427779128,2459231.782786,11.71280018443027,0.0011737288999390018,g,bk
661427779128,2458588.5110273,11.69940328042918,0.00124559820307754,g,bk
661427779128,2458698.6745256,11.833426679065758,0.0021389323883415396,g,bo
661427779128,2458199.2697881,11.705766690068465,0.0005816215562963536,g,bn
661427779128,2458769.5896132,11.706253693808502,0.0014511706642005373,g,bn
661427779128,2459278.6746866,11.633398682225888,0.0015262212868682283,g,bk
661427779128,2458553.6120978,11.701269268670822,0.0009228543006139974,g,bk
661427779128,2459237.7993163,11.633756237439805,0.002066450114965609,g,bG
661427779128,2458842.615312,11.68191738162674,0.0010802243898666486,g,bG
661427779128,2459318.5617312,11.601130838958886,0.0015744355785410932,g,bk
661427779128,2458903.5354414,11.720539101047038,0.0012399753070296662,g,bk
661427779128,2458392.8636457,11.702570494547244,0.0011592266149444714,g,bk
661427779128,2459192.2994727,11.906680328044692,0.0027527461255663203,g,bo
661427779128,2458465.562847,11.706920988006594,0.0011263860625848074,g,bG
661427779128,2458197.6189524,11.715251318349015,0.0010218692978487274,g,bk
661427779128,2459223.3119425,11.68160994234292,0.0006499084579493633,g,bn
661427779128,2459072.6832056,11.65627660300985,0.003596634514473293,g,bn
661427779128,2458862.5719557,11.717285777759987,0.0019080463861654072,g,bn
661427779128,2459235.4363957,11.666570665963382,0.0007351033192162276,g,bn
661427779128,2458704.6773887,11.668415973816249,0.0009558502370495543,g,bn
661427779128,2459208.698772,11.643117642109376,0.0013426496178712349,g,bk
661427779128,2458086.5761634,11.670678645037286,0.0008870745572154269,g,bn
661427779128,2458512.5841698,11.674704387121889,0.0008181224905693824,g,bG
661427779128,2459149.7865052,11.68540505608295,0.001076342341289794,g,bG
661427779128,2459200.4387248,11.83911299230325,0.002223800579701662,g,bo
661427779128,2458894.7231741,11.696585610982268,0.0012984845160261922,g,bG
661427779128,2458864.4271765,11.830307086844536,0.002171865631067594,g,bo
661427779128,2459201.6209662,11.628293221068004,0.001605534693587123,g,bG
661427779128,2458408.4720064,11.741841428651867,0.0012735783010849669,g,bn
661427779128,2458708.64127,11.817234349664123,0.002552474975939171,g,bo
661427779128,2459092.6037525,11.84714850124067,0.002787722321912416,g,bo
661427779128,2458402.6157778,11.77105658859661,0.001588580605759754,g,bo
661427779128,2459226.4142161,11.881502202595879,0.0024753089902067272,g,bo
661427779128,2458584.500666,11.710526967051765,0.001096944895854428,g,bk
661427779128,2458909.6689094,11.64408690437142,0.0013728162738442368,g,bG
661427779128,2458824.6531724,11.74029841160921,0.001386565025589548,g,bk
661427779128,2459174.5813727,11.662916708085213,0.0015102781629947179,g,bG
661427779128,2458158.6417891,11.66031548570069,0.0009277377008281257,g,bk
661427779128,2459211.7746443,11.620045072521918,0.0018742852199980992,g,bk
661427779128,2459230.7416856,11.600102611926975,0.0015495534762763007,g,bk
661427779128,2458576.570568,11.725001330877273,0.0012855402389125102,g,bG
661427779128,2458506.6578693,11.726789536610376,0.0017146146997003545,g,bk
661427779128,2458928.388291,11.855683932601291,0.002338290213952287,g,bo
661427779128,2458228.2534036,11.725627515019923,0.0008837501655526936,g,bn
661427779128,2459165.6298891,11.625544773027263,0.001539802300308206,g,bG
661427779128,2458068.8562637,11.671074376777735,0.001149030744608727,g,bk
661427779128,2458107.4957686,11.61289555325651,0.0012683875604109377,g,bo
661427779128,2459283.6550359,11.639969799784316,0.001310819301322157,g,bk
661427779128,2458377.8992827,11.735718248487299,0.001352287761155406,g,bk
661427779128,2459129.5332101,11.615404107615127,0.0016740143993959717,g,bn
661427779128,2458438.3889129,11.753529676537076,0.0015401062470427676,g,bo
661427779128,2458139.6578247,11.661161868846087,0.0009073554121422244,g,bk
661427779128,2458161.6209095,11.677615104869545,0.0005996027951730646,g,bk
661427779128,2458797.4111372,11.848076166303631,0.002771134034951683,g,bo
661427779128,2458834.8301136,11.705963910090652,0.0017052420367432589,g,bG
661427779128,2458164.5934399,11.719329793058836,0.0010901774806395279,g,bk
661427779128,2458533.5465513,11.725354459012376,0.0020355538886534913,g,bk
661427779128,2459215.5646606,11.656171824362527,0.00142939506739034,g,bG
661427779128,2459129.5475131,11.869814402998768,0.002982077014171291,g,bo
661427779128,2458697.6893467,11.687362604543953,0.0035828352969308505,g,bn
661427779128,2458114.4908539,11.603353074940056,0.0013224023238581756,g,bo
661427779128,2458451.7700517,11.743242499214803,0.0014332700570492758,g,bk
661427779128,2458816.8003618,11.710123840262824,0.0012068539428370913,g,bG
661427779128,2458435.6710678,11.724803283055929,0.0012750322124636284,g,bG
661427779128,2458125.5737083,11.668709456239805,0.0010828748277124157,g,bn
661427779128,2459207.8436917,11.696308847331352,0.0009607337201047445,g,bk
661427779128,2458581.5177209,11.723575488606112,0.0011977476304423215,g,bk
661427779128,2458537.4311683,11.81387029326698,0.002278625718093872,g,bo
661427779128,2458862.5449594,11.896083108190274,0.0033360934895755234,g,bo
661427779128,2458772.8022817,11.70499430900134,0.0014953239143709826,g,bG
661427779128,2458887.550998,11.710245417341756,0.0016960241875862993,g,bk
661427779128,2458388.6085092,11.712673962661418,0.0013939435979551933,g,bo
661427779128,2459206.5945646,11.62632114686046,0.0016046726026779233,g,bG
661427779128,2458438.7229259,11.678645095652595,0.0009188155482572671,g,bG
661427779128,2458700.9211587,11.701259346710573,0.0009526610832546204,g,bk
661427779128,2458870.790599,11.727614787306448,0.0015800055363703088,g,bG
661427779128,2458583.5047217,11.726310011497645,0.0012304742681067216,g,bk
661427779128,2458202.5581708,11.709459870674737,0.0011215520476662274,g,bk
661427779128,2458211.2376512,11.689221953733778,0.0004653970829747732,g,bo
661427779128,2458544.662367,11.697879135778644,0.000916843452038426,g,bk
661427779128,2458071.8435868,11.686569781758251,0.0005671984669199227,g,bk
661427779128,2458196.299915,11.657112371698304,0.000902592437624049,g,bo
661427779128,2458194.3188702,11.692003133317701,0.0008276695233825923,g,bn
661427779128,2459096.6079582,11.631280349332279,0.0019017941285266906,g,bn
661427779128,2459233.6435476,11.692548970403731,0.0007574622848761043,g,bk
661427779128,2459282.6473728,11.639884411225896,0.001473868057837599,g,bG
661427779128,2459228.344943,11.692871964702825,0.0009058724055802445,g,bn
661427779128,2458096.5579117,11.631093481517624,0.0011845301391151385,g,bo
661427779128,2458564.6192254,11.691523695481917,0.002251524407718996,g,bG
661427779128,2458695.9376358,11.68008992971015,0.0020935603599205117,g,bk
661427779128,2459248.4004722,11.65475695579589,0.0011485918256604203,g,bn
661427779128,2458491.8023301,11.660971508015937,0.0011178543344874902,g,bG
661427779128,2458185.4991251,11.690950371281838,0.0014828982890819316,g,bk
661427779128,2458166.3809461,11.70490693069545,0.0008925648633999608,g,bo
661427779128,2459235.7015739,11.632565516274632,0.0013176873600951383,g,bk
661427779128,2459120.5359751,11.635401069881828,0.0016750640180082273,g,bn
661427779128,2458160.6257549,11.672558712547147,0.0008453331545587989,g,bk
661427779128,2458540.6944622,11.726485858793641,0.001492187997802948,g,bG
661427779128,2458419.5714582,11.689446882654394,0.001328551582504995,g,bn
661427779128,2458603.2873247,11.874888029977377,0.002480293196359472,g,bo
661427779128,2458218.3056833,11.733298220563587,0.0012503633810367878,g,bo
661427779128,2458185.329069,11.715865926553883,0.0006787455833816391,g,bn
661427779128,2458431.782606,11.674085207327744,0.00072060686422797,g,bk
661427779128,2458170.6121794,11.658474629049485,0.0009452430848662441,g,bk
661427779128,2458473.8147227,11.728778972150193,0.001634091715658845,g,bG
661427779128,2459159.7986972,11.710503833863893,0.0013256630995161793,g,bk
661427779128,2459210.4563724,11.647479829826901,0.0012783129540254634,g,bn
661427779128,2459234.7132551,11.665863038609213,0.001092926771971691,g,bG
661427779128,2458907.6261336,11.704475619290571,0.0011316166788283232,g,bG
661427779128,2458206.5146333,11.676102137579203,0.001238020827634443,g,bk
661427779128,2458749.8683603,11.72495139344676,0.0013771184048498354,g,bG
661427779128,2458040.8845987,11.699354522786066,0.0017333010353905276,g,bk
661427779128,2458497.6937622,11.73939656719696,0.0015168400663787443,g,bG
661427779128,2458713.8840755,11.717188266190309,0.0018544635395106683,g,bk
661427779128,2459110.553489,11.612090261415206,0.001298123280366402,g,bn
661427779128,2459195.3793984,12.143841252096141,0.004981759314933948,g,bo
661427779128,2458565.6149706,11.688329547350289,0.0018502895720539933,g,bG
661427779128,2459222.3350932,11.778055184034269,0.0016363679158539375,g,bo
661427779128,2458396.5328583,11.785043682009924,0.001712627838155939,g,bo
661427779128,2458715.8739209,11.703759655242749,0.00133051006867796,g,bk
661427779128,2458985.2309254,11.803524906203403,0.0019136305390360462,g,bo
661427779128,2458713.6779031,11.858163725414986,0.004111155986609625,g,bo
661427779128,2459223.3273003,11.842164233026104,0.0021822695811275715,g,bo
661427779128,2459186.4284117,11.813895014857907,0.0024895607177735975,g,bo
661427779128,2459203.3810227,11.76740724249602,0.001546508191195456,g,bo
661427779128,2458515.7180648,11.699664554484364,0.0010226076788608155,g,bG
661427779128,2458447.6544355,11.700655122521209,0.0014050812923358316,g,bG
661427779128,2458043.8788769,11.654022567083187,0.0011543489420892765,g,bk
661427779128,2458192.3298919,11.707479967004053,0.0005405310682441876,g,bn
661427779128,2459221.8271025,11.64515189981663,0.0014862153875924821,g,bG
661427779128,2458125.6533119,11.661517616396427,0.0009420386058665315,g,bk
661427779128,2458464.7574288,11.70273645679444,0.0009210652816416515,g,bG
661427779128,2458197.3083079,11.685118584483398,0.0005981688699836154,g,bo
661427779128,2458799.685744,11.717223100207017,0.0022988496475401677,g,bk
661427779128,2458806.8017283,11.680818873879904,0.0009790604689740477,g,bk
661427779128,2459199.5347461,11.66527308212737,0.0012591572108454432,g,bG
661427779128,2458372.8275075,11.73318052743124,0.001337642411677169,g,bk
661427779128,2458542.3473834,11.723346603885572,0.0008544793909632,g,bn
661427779128,2458458.6107275,11.72965033178862,0.0012623843333354227,g,bk
661427779128,2458793.4084381,11.812402402173106,0.0020589861093884567,g,bo
661427779128,2458500.7048935,11.658050425395865,0.0015550452375255833,g,bk
661427779128,2458618.2466723,11.714964148149289,0.0019410986828718928,g,bn
661427779128,2458103.5180234,11.636819128108272,0.0011070802823569784,g,bo
661427779128,2458743.7955845,11.690381006481374,0.0015597521869898426,g,bk
661427779128,2458167.3762458,11.64458204083311,0.0009500660252071895,g,bo
661427779128,2458266.1941475,11.747792363813153,0.00211725741972676,g,bn
661427779128,2459285.6128031,11.621149560558104,0.0015572808475887495,g,bG
661427779128,2459225.7908007,11.642676353612815,0.0011320961682083311,g,bk
661427779128,2458480.7383413,11.718373408204341,0.0011707572858607534,g,bk
661427779128,2459116.5561692,11.877829851206192,0.002458894614484497,g,bo
661427779128,2458525.6194197,11.729953702800058,0.001475793288216115,g,bG
661427779128,2459166.7431711,11.677207084042818,0.0010322784129485224,g,bG
661427779128,2458618.4509055,11.694767987516823,0.0008783887103002672,g,bG
661427779128,2458691.6797456,12.100727978474957,0.00498098444034573,g,bo
661427779128,2459187.830411,11.618655940599547,0.0015255391735605776,g,bk
661427779128,2458768.5622692,11.721988294944197,0.0022053466164634926,g,bn
661427779128,2458019.9019982,11.654023286930627,0.0015212024145405882,g,bk
661427779128,2458510.4297799,11.713823319036669,0.0007588511170758999,g,bn
661427779128,2458437.7779963,11.74698791434739,0.0015903540124569526,g,bG
661427779128,2459227.5612179,11.635055396944132,0.0013414117430865123,g,bk
661427779128,2458552.6569438,11.71533379981862,0.0012475315309411444,g,bG
661427779128,2458908.6254582,11.73182145860702,0.0013651187869914373,g,bk
661427779128,2458546.6740167,11.703056736477135,0.0010529542476431445,g,bG
661427779128,2458465.3090759,11.72621027520967,0.000985166834045868,g,bn
661427779128,2459201.6638602,11.600057853521655,0.001549763094810107,g,bk
661427779128,2458615.2625279,11.693282368421354,0.001060887178328539,g,bn
661427779128,2458627.2026069,11.805112127800893,0.001957387281974103,g,bo
661427779128,2458808.7789439,11.734323232622884,0.001422911029550175,g,bk
661427779128,2458195.6241729,11.703857647160294,0.0008333563808905212,g,bk
661427779128,2458807.7974553,11.729437981013458,0.0014112455425873364,g,bk
661427779128,2458507.5727236,11.696073226445144,0.0009740411463027054,g,bk
661427779128,2459334.5014388,11.698040867448809,0.001140438013802265,g,bG
661427779128,2458449.741493,11.742618253792099,0.0018125800599469483,g,bG
661427779128,2459214.3572094,11.832526491823721,0.0026562185985918745,g,bo
661427779128,2458015.9078868,11.66637413974617,0.0031282877704238788,g,bk
661427779128,2458925.5749186,11.695151802345816,0.0009527467835295383,g,bG
661427779128,2459219.5038498,11.860728123338571,0.002636485107584413,g,bo
661427779128,2458833.6617388,11.73502517013381,0.001707733997035696,g,bk
661427779128,2458815.6515762,11.722897572821134,0.0013255378933150147,g,bG
661427779128,2458198.3200691,11.67619846757286,0.0008112881575276794,g,bn
661427779128,2458511.592516,11.719497739736527,0.0012272908875182304,g,bG
661427779128,2459174.5546704,11.88117999336888,0.0025388593237008618,g,bo
661427779128,2459315.5559622,11.753309701605794,0.0015909719494654466,g,bk
661427779128,2458503.7978816,11.666211174062102,0.0025722670742762354,g,bG
661427779128,2458625.2179182,11.695078199430567,0.0006436016647910404,g,bn
661427779128,2458469.3372002,11.691189821701169,0.0006158653610082063,g,bn
661427779128,2458826.6505314,11.723886014378628,0.0012513865053402082,g,bk
661427779128,2459345.490448,11.631451229645204,0.0013557613877494524,g,bk
661427779128,2458997.2126753,11.620043999058199,0.00124460026802945,g,bn
661427779128,2458847.7533573,11.708815895406781,0.0010391277274324898,g,bk
661427779128,2458498.4340167,11.701069646634775,0.00044400368643376687,g,bn
661427779128,2458844.7173106,11.70481528994561,0.0013174417458053204,g,bG
661427779128,2458717.9309265,11.693290726175643,0.0036476627943739853,g,bk
661427779128,2458868.6144922,11.695869704357975,0.0008853736633799207,g,bG
661427779128,2458727.6036429,11.817657148385894,0.0019336591128279125,g,bo
661427779128,2458223.249778,11.757285496622833,0.0014690394527839344,g,bo
661427779128,2459343.494458,11.687536179283452,0.0008980932107454211,g,bk
661427779128,2458545.3217705,11.697376201177747,0.0005352285080954142,g,bn
661427779128,2458860.6011907,11.727158041763426,0.002213523079232909,g,bk
661427779128,2459203.3996291,11.62896919996786,0.0010291720546132708,g,bn
661427779128,2459144.6661969,11.643257085384358,0.0012634284395252257,g,bk
661427779128,2459146.663231,11.634583798146732,0.0014519797026931684,g,bk
661427779128,2458836.8071523,11.723633659108561,0.0012902118141565268,g,bk
661427779128,2459158.8537865,11.601456923245642,0.0019322911159347599,g,bG
661427779128,2459186.852365,11.659501148319546,0.001794889185122563,g,bk
661427779128,2459254.364541,11.659070487994136,0.0007676426530327301,g,bn
661427779128,2459054.6919726,11.718737132631672,0.002794230323727259,g,bn
661427779128,2458133.6527558,11.694931326455738,0.0006570972840236658,g,bk
661427779128,2459263.6345618,11.647817501267518,0.001241759660291007,g,bk
661427779128,2459285.5723357,11.623847136550742,0.0013417484627625226,g,bk
661427779128,2459243.4368372,11.676292246462825,0.00164801077262895,g,bn
661427779128,2458217.5616011,11.67463946254898,0.0007020371794229735,g,bk
661427779128,2458512.5205078,11.674238265961643,0.0009517745906569989,g,bn
661427779128,2458434.8296256,11.707473448669688,0.0010130111730847048,g,bG
661427779128,2458794.6600811,11.717184343661112,0.001690444656919808,g,bG
661427779128,2458085.5703882,11.670404085669063,0.001051400393437114,g,bo
661427779128,2458156.3917319,11.702862271460244,0.0004155239164296634,g,bn
661427779128,2458823.4294711,11.790413496210386,0.00179164076344358,g,bo
661427779128,2458509.4141788,11.74962279135206,0.0015360544102655227,g,bo
661427779128,2459338.501076,11.653726650922497,0.001155399567981642,g,bk
661427779128,2458855.6369752,11.711713560004712,0.0019471340453901355,g,bk
661427779128,2458543.6562036,11.694247988562498,0.0008152133860307397,g,bG
661427779128,2458580.5372879,11.727635125897496,0.0013030041784012317,g,bk
661427779128,2459188.6092865,11.68799380668479,0.0012139227659310548,g,bG
661427779128,2458482.7316418,11.704271057482824,0.0010750860434266298,g,bG
661427779128,2458132.6525995,11.651292494275086,0.001054885159814212,g,bk
661427779128,2458795.4020323,11.857448161367408,0.0026284676854904233,g,bo
661427779128,2458831.8090407,11.72310292276057,0.0019060701829443554,g,bG
661427779128,2458464.5465594,11.646207947900107,0.0012607392880721823,g,bk
661427779128,2458707.8984402,11.709071515526738,0.0012123391512976847,g,bG
661427779128,2458513.4922205,11.76637776858001,0.0015584230229915977,g,bo
661427779128,2458325.9449592,11.731785086456746,0.004610766798482306,g,bk
661427779128,2458454.7718196,11.7407700404522,0.0013863972794593282,g,bk
661427779128,2459122.5023616,11.795861683474298,0.002699171548960078,g,bo
661427779128,2459331.5274055,11.660096246118227,0.0023840672458268278,g,bk
661427779128,2458185.3106712,11.703764448537939,0.0007650355071132312,g,bo
661427779128,2458170.314766,11.638763151990188,0.0010863064277539909,g,bo
661427779128,2458922.4140877,11.69613147252381,0.001557477875769183,g,bn
661427779128,2458082.8307071,11.655916820959929,0.0009204839901733172,g,bk
661427779128,2458883.7534983,11.70392781196302,0.0011342767642732803,g,bG
661427779128,2458440.7406011,11.697034476785138,0.0010031804501322125,g,bk
661427779128,2458080.5704786,11.668144772029452,0.0006960921874832037,g,bo
661427779128,2458535.7059353,11.72069474195185,0.0020767768823927195,g,bG
661427779128,2458724.8504915,11.704573627255918,0.0009725668797482021,g,bG
661427779128,2458747.5695807,11.976578988367395,0.004085882266199685,g,bo
661427779128,2458439.6372857,11.754521069145117,0.0017964341010646204,g,bG
661427779128,2458513.7664288,11.69518154724024,0.0010660493071248396,g,bG
661427779128,2458492.670662,11.762464371643063,0.0017427165242175132,g,bG
661427779128,2458980.2369999,11.830174685692874,0.0020929586774774593,g,bo
661427779128,2459176.6896808,11.700757126726655,0.0010499437694476467,g,bk
661427779128,2458112.5174071,11.667538737845591,0.0009074038795769321,g,bn
661427779128,2458475.6849496,11.742646810272415,0.0022170968287547697,g,bk
661427779128,2458477.7563535,11.68854061981251,0.0014850803605152376,g,bk
661427779128,2458532.3665684,11.776341769797119,0.002079887100181441,g,bo
661427779128,2458798.6931004,11.70367354150487,0.0012966147844566938,g,bk
661427779128,2458091.3596352,11.66103908519565,0.0017964827122553164,g,bn
661427779128,2458509.3470466,11.688993177149221,0.0006573226604266657,g,bn
661427779128,2459055.6879013,11.631030469078718,0.0022577333166789774,g,bn
661427779128,2458510.4703025,11.73344640226212,0.0013752445750517279,g,bo
661427779128,2458468.7094089,11.715373925059318,0.0014321488979651515,g,bG
661427779128,2458490.694018,11.724015735211125,0.0011784070419107078,g,bk
661427779128,2458044.8720694,11.66771531100068,0.0008795070087483302,g,bk
661427779128,2458165.3614774,11.70278950648733,0.0008044237191770767,g,bo
661427779128,2458229.539021,11.679877627316515,0.0008131691101180058,g,bk
661427779128,2459181.4920506,11.823961016743853,0.002556659695663659,g,bo
661427779128,2458168.3791676,11.701382909893823,0.0008008009118721059,g,bo
661427779128,2458463.5707009,11.730425954807345,0.0014430800792901786,g,bG
661427779128,2458446.6933133,11.730312105380333,0.00214736476293518,g,bk
661427779128,2459325.4985334,11.673673929361737,0.0011998272274907516,g,bG
661427779128,2459243.7654559,11.698858807118828,0.002972069155662171,g,bG
661427779128,2458772.5754911,11.778422270862233,0.0020936354931881157,g,bo
661427779128,2458411.8106243,11.725618085425618,0.001424064925960684,g,bk
661427779128,2458419.7784064,11.68100739673463,0.0012835620198397844,g,bk
661427779128,2458820.6577265,11.744550759953736,0.0017104514927495484,g,bG
661427779128,2458205.599537,11.69760122108119,0.001147589129957399,g,bk
661427779128,2458111.5023651,11.735566579680068,0.0012431272155305538,g,bo
661427779128,2458764.7459403,11.642739909741579,0.0015136886139835743,g,bG
661427779128,2458563.3230132,11.741466856547397,0.002268366028108514,g,bn
661427779128,2458100.5577965,11.642725657640497,0.0010771624016966046,g,bo
661427779128,2458250.4669541,11.704973155774328,0.0009261514003928997,g,bk
661427779128,2458723.9110312,11.706744087152183,0.0011287352312384518,g,bG
661427779128,2458559.6254679,11.707945745267805,0.0017740252200575774,g,bk
661427779128,2459143.4344636,11.894970369120905,0.002594288771983228,g,bo
661427779128,2458567.3768417,11.69573610984761,0.001237785361855216,g,bn
661427779128,2458104.5184686,11.687763871727924,0.0005126081204072063,g,bo
661427779128,2458100.5709331,11.65550832695802,0.0010546553480235193,g,bn
661427779128,2458504.4263222,11.723715109159418,0.0017729341475552197,g,bn
661427779128,2458395.6012924,11.697643787893542,0.0005973137846636867,g,bn
661427779128,2458160.3807971,11.671848676498264,0.0008668430382792584,g,bn
661427779128,2459323.55221,11.632319041242576,0.0016216557753609422,g,bG
661427779128,2458860.4433768,11.777232408722407,0.0022820285430623097,g,bo
661427779128,2458256.1970564,11.716958711446859,0.0015359220169416724,g,bo
661427779128,2458520.6632085,11.709171600046657,0.0010361192274972824,g,bG
661427779128,2458606.2487629,11.817718219964226,0.002114135949885732,g,bo
661427779128,2459266.6438462,11.626074896878142,0.0014537229121992401,g,bk
661427779128,2458483.3883912,11.686622718736864,0.000671495445280396,g,bn
661427779128,2459229.7593908,11.685509433475065,0.0007015439988985944,g,bG
661427779128,2459054.6656821,12.015804624811048,0.0036066705093021454,g,bo
661427779128,2459212.4546959,11.839411063421037,0.0026862199313347893,g,bo
661427779128,2458852.6033977,11.741905600924616,0.0015247209150754852,g,bG
661427779128,2459202.8421968,11.63617456261476,0.0012608402405234612,g,bk
661427779128,2458489.6988168,11.693194563405672,0.000686142071552102,g,bk
661427779128,2458884.7522479,11.73716864382266,0.0016400685207971879,g,bG
661427779128,2458849.8072229,11.694342523913521,0.0008941626469438472,g,bG
661427779128,2458811.7893613,11.68960217642644,0.0008617457748367872,g,bG
661427779128,2459208.4268934,11.784571391840073,0.0018293281863086001,g,bo
661427779128,2458541.6859633,11.68092135927302,0.0008423945719739511,g,bG
661427779128,2458562.6017583,11.672645423316164,0.0017140538681636962,g,bG
661427779128,2458514.7660559,11.699009801563205,0.0011156361320614355,g,bG
661427779128,2458795.6605788,11.713095796111814,0.0015858848720269171,g,bk
661427779128,2458849.4289438,11.844658548494756,0.0021692403026629856,g,bo
661427779128,2458255.4539034,11.68442798472578,0.0010892321674369643,g,bk
661427779128,2458201.6211271,11.658029920894997,0.0010439127059047413,g,bk
661427779128,2458782.8480724,11.724611723603019,0.0015906240823902345,g,bk
661427779128,2458879.7670471,11.73569804099126,0.001616877159370106,g,bG
661427779128,2459277.419125,11.840778952785499,0.002486875315430004,g,bo
661427779128,2459308.2573528,11.62983949625523,0.0012256708489027243,g,bn
661427779128,2458923.3998456,11.80453692922644,0.0021533430231602774,g,bo
661427779128,2458864.8055927,11.718148331927978,0.0015305479782343333,g,bG
661427779128,2458081.8300155,11.671674178401553,0.0007161668945090172,g,bk
661427779128,2458380.7999514,11.697272889496254,0.0007597272066332587,g,bk
661427779128,2458359.8488404,11.66176185031582,0.0014547559963321692,g,bk
661427779128,2458460.5931424,11.702882028256894,0.0008895163736941416,g,bk
661427779128,2458755.7634178,11.716613931760836,0.0010606025059378165,g,bG
661427779128,2458827.6482494,11.735149417353126,0.0020601469461778463,g,bG
661427779128,2459137.4834785,11.676450838893707,0.0007140471776653275,g,bn
661427779128,2459170.8532747,11.635328815329554,0.0015082890952113827,g,bG
661427779128,2458705.6745162,11.701603487660911,0.0010495614033679968,g,bn
661427779128,2458057.8704011,11.671123461866893,0.0017177613687363639,g,bk
661427779128,2459199.4551516,11.813857235589333,0.0019560584575960376,g,bo
661427779128,2458474.8204895,11.638242064338815,0.0023133458915165373,g,bG
661427779128,2458045.8688649,11.687137454939974,0.0005981454475438784,g,bk
661427779128,2458883.5308043,11.714161268511633,0.0015595260922005793,g,bk
661427779128,2458123.5115756,11.65474948743817,0.001224445181793326,g,bo
661427779128,2459200.3528492,11.674194552494662,0.00030750727934841137,g,bn
661427779128,2459270.6331927,11.62905580978953,0.002095471884293053,g,bG
661427779128,2458517.7567409,11.68384169904658,0.0007771930395614329,g,bG
661427779128,2458268.1990062,11.707166189161928,0.0018871389906312888,g,bn
661427779128,2458869.783695,11.711468414550247,0.00114107290801348,g,bk
661427779128,2458510.5893265,11.67454267239923,0.0008647864915494769,g,bG
661427779128,2458564.3815934,11.712431936316142,0.0018454813800369524,g,bn
661427779128,2458033.859048,11.683227458847034,0.0011117305221060054,g,bk
661427779128,2458501.5381836,11.720698293981144,0.0008708142837052627,g,bn
661427779128,2459216.420286,11.682342860489927,0.0007887185800935107,g,bn
661427779128,2458186.6383448,11.677087652935043,0.0007019930201509342,g,bk
661427779128,2458478.6152944,11.702725741390132,0.0009312723914086404,g,bk
661427779128,2458837.3429824,11.684918589227598,0.0006696885962959986,g,bn
661427779128,2458519.331844,11.697924530222535,0.0006793403330866287,g,bo
661427779128,2458210.5849797,11.677192938220662,0.0013806500334848661,g,bk
661427779128,2458153.3301401,11.650475457351524,0.0010240629616914754,g,bo
661427779128,2459189.3170566,11.824584709531775,0.002050008777044645,g,bo
661427779128,2458599.2604115,11.798850894812908,0.001857158458990707,g,bo
661427779128,2459209.6015968,11.685263668284627,0.0015786216146758735,g,bk
661427779128,2458209.5789853,11.681949458103968,0.0014974638401435813,g,bk
661427779128,2459059.6709141,11.909541247311015,0.0027352071446702683,g,bo
661427779128,2458169.381799,11.685659176925924,0.0007048735053331077,g,bn
661427779128,2458512.4945661,11.749245537213355,0.001416106874393139,g,bo
661427779128,2458783.8435455,11.7152304812527,0.001211123119591802,g,bG
661427779128,2458703.9113009,11.712522388056614,0.0011391620156024904,g,bk
661427779128,2458492.4588034,11.811157862907617,0.001976212776138301,g,bo
661427779128,2458699.9181507,11.716736430424813,0.0012961226949795518,g,bG
661427779128,2458153.3129606,11.67187240912287,0.0009051811316706532,g,bn
661427779128,2458223.5533469,11.673837134195345,0.0007235970287369125,g,bk
661427779128,2458499.801478,11.72029291122907,0.0012522159292600507,g,bG
661427779128,2459236.7684735,11.7135212984896,0.0011158407161168012,g,bk
661427779128,2458858.7459278,11.739526747824927,0.002074956068945794,g,bk
661427779128,2458710.6443759,11.709591838705384,0.0013237061095634902,g,bn
661427779128,2458556.6422886,11.722623314923123,0.0013882631491404845,g,bG
661427779128,2458102.5441443,11.670115218759477,0.0008732670444191025,g,bn
661427779128,2458741.8058211,11.717173954048153,0.0020112603324259825,g,bk
661427779128,2458222.2543025,11.692840243167325,0.000613053485071769,g,bo
661427779128,2459188.398152,11.677233658968891,0.0009948558454532257,g,bn
661427779128,2458830.7626504,11.72311100389176,0.00202096316577385,g,bk
661427779128,2459226.7887196,11.685193587788657,0.0008357033993819644,g,bG
661427779128,2458860.8033921,11.724565186494576,0.0023700296634900286,g,bG
661427779128,2458417.84826,11.693979519688437,0.0015621428586815678,g,bk
661427779128,2459224.3154867,11.850351879467159,0.0022758405433842576,g,bo
661427779128,2458041.8814104,11.664119171854262,0.0011534178791158417,g,bk
661427779128,2458047.8700093,11.697885847875948,0.0009444648253076902,g,bk
661427779128,2458511.5070544,11.803928070295802,0.0019181234484420382,g,bo
661427779128,2458424.7709227,11.693954763766962,0.0008384290877241794,g,bk
661427779128,2458532.4076708,11.729933908144947,0.002039497356216558,g,bn
661427779128,2458032.8381822,11.671461328142092,0.0014303757889217704,g,bk
661427779128,2458193.5814226,11.691668603261432,0.0006256297810384675,g,bk
661427779128,2458469.6395876,11.683491791719511,0.0008368166353776197,g,bG
661427779128,2459251.4023203,11.606342768825915,0.0012248317706103644,g,bn
661427779128,2458888.5538646,11.733355290680834,0.0023830817769149967,g,bk
661427779128,2458186.3200032,11.694110920623334,0.0005827820523630886,g,bo
661427779128,2458356.855247,11.69664022547791,0.002115608171237397,g,bk
661427779128,2458183.508307,11.717151539086984,0.0010263183457819938,g,bk
661427779128,2458023.8962547,11.692758859725297,0.0009826163211903653,g,bk
661427779128,2458624.464691,11.720054573365537,0.0012748815614926118,g,bG
661427779128,2459238.5675146,11.691576847536238,0.0009139849233005135,g,bn
661427779128,2458173.5907145,11.669346874155162,0.0010737664176444094,g,bk
661427779128,2458076.6003555,11.663430359070606,0.0013537812335740172,g,bn
661427779128,2458135.6479945,11.688393667544117,0.0006607308299268124,g,bk
661427779128,2458211.2413088,11.725062293561692,0.0008851290185946847,g,bn
661427779128,2458766.794712,11.695976208040406,0.0013483917831486516,g,bk
661427779128,2458804.6625684,11.713452209535443,0.0015177653133548149,g,bk
661427779128,2458785.6833725,11.725313266540201,0.001254292271789963,g,bk
661427779128,2458439.8140345,11.731826631871067,0.001260302731158762,g,bk
661427779128,2459061.6717173,11.71133583589045,0.0010365481019822024,g,bn
661427779128,2458803.4447035,11.676509645162486,0.0022537958829257866,g,bn
661427779128,2459310.5013118,11.69277044583244,0.0008003245383483951,g,bk
661427779128,2458455.5754036,11.69551151613716,0.0008151532923218468,g,bk
661427779128,2459147.7551499,11.693920609499887,0.0008839891416307477,g,bG
661427779128,2459187.470624,11.799684375472461,0.0019766398758653482,g,bo
661427779128,2458370.8182185,11.729158528956074,0.0012347369148598172,g,bk
661427779128,2458168.3644984,11.699235033446795,0.00040266690478167,g,bn
661427779128,2458436.6627353,11.706995208224875,0.0011675611988135675,g,bk
661427779128,2459219.5414938,11.691091781101177,0.001149763622004846,g,bG
661427779128,2458505.6754611,11.706238909273841,0.001661288062000914,g,bG
661427779128,2458169.5195603,11.678671966430944,0.0009884814544245525,g,bk
661427779128,2458813.4532043,11.677550305775563,0.0005534270013845957,g,bn
661427779128,2458191.6351698,11.670588018252555,0.0008150461258075286,g,bk
661427779128,2458408.8580694,11.733600674248272,0.001228573420064236,g,bk
661427779128,2458448.8013686,11.683480977212533,0.0014460492184083383,g,bk
661427779128,2458823.6109713,11.709904848877013,0.0012492358091958009,g,bk
661427779128,2458385.7790289,11.66769379867315,0.0016968938720948142,g,bk
661427779128,2458536.5147671,11.678893042200144,0.0009711140070123538,g,bG
661427779128,2458230.5222889,11.675746611750506,0.0008093847370524682,g,bk
661427779128,2459191.3709406,11.777839143617204,0.0016759300166773988,g,bo
661427779128,2458542.6813644,11.74140983723768,0.0016017071422930738,g,bG
661427779128,2459187.5479617,11.6466806302203,0.0013069636933274943,g,bG
661427779128,2458076.6056391,11.60437413618861,0.002762751198049536,g,bo
661427779128,2458070.8429115,11.67240272333062,0.0007107764845564592,g,bk
661427779128,2459081.6099174,11.83936738750344,0.0022136859431215188,g,bo
661427779128,2459215.3986647,11.778289009752283,0.002261485635678144,g,bo
661427779128,2459261.72022,11.631423077161342,0.0014724523582060592,g,bk
661427779128,2458484.7325828,11.681483974330613,0.0007981814659981417,g,bG
661427779128,2458495.6869417,11.699763762875605,0.000992584650433653,g,bG
661427779128,2459235.782441,11.625787035728713,0.0016778173542522958,g,bG
661427779128,2459215.4061419,11.633473895281481,0.0013183248567655583,g,bn
661427779128,2459223.8231306,11.63145006931138,0.0014221615720844218,g,bG
661427779128,2459187.3890873,11.6519311606794,0.0009143365734199581,g,bn
661427779128,2458096.5396458,11.666502531312688,0.0010565608686914712,g,bn
661427779128,2459244.3616436,11.635572513883394,0.0017406206122161513,g,bn
661427779128,2459252.277532,11.697240744485732,0.0008633443843104307,g,bn
661427779128,2458084.8283963,11.650276226213979,0.001013773337150079,g,bk
661427779128,2459214.6313929,11.693251082385444,0.001587669836867128,g,bk
661427779128,2459184.4075077,11.772997278429159,0.002083307396094666,g,bo
661427779128,2458407.7632249,11.702273550037736,0.0009718045937231346,g,bG
661427779128,2458854.7668552,11.693960421551331,0.0011222060827657753,g,bk
661427779128,2458866.6154133,11.688706422948453,0.0008904448712986206,g,bG
661427779128,2458159.6338256,11.708309333637953,0.0008854775103994988,g,bk
661427779128,2458796.4030332,11.831016417491576,0.0023698431733913017,g,bo
661427779128,2458513.5208,11.725483972141902,0.0009455334199178361,g,bn
661427779128,2458509.5815797,11.702802835132317,0.0010523901472942975,g,bG
661427779128,2458058.8709316,11.670682247285791,0.0016326489372192438,g,bk
661427779128,2458823.8581843,11.689544585687928,0.0022913631937536744,g,bG
661427779128,2458539.434284,11.705415357581849,0.0010097416043674064,g,bn
661427779128,2458442.753126,11.73229083264658,0.001717046175738229,g,bk
661427779128,2458196.3112375,11.68886733495523,0.0006097200601487661,g,bn
661427779128,2459234.6919403,11.66357192509377,0.0009609520531092563,g,bk
661427779128,2458829.7501244,11.728642646827005,0.0026102922334644897,g,bk
661427779128,2458479.7864077,11.691208816946531,0.0010078757136010054,g,bG
661427779128,2458478.4472496,11.710304269287438,0.0012014490794907866,g,bo
661427779128,2458115.4114892,11.641584672175542,0.001300870265707199,g,bo
661427779128,2458239.2461167,11.690062361039395,0.0014223394046465956,g,bo
661427779128,2458601.5269783,11.703816108401114,0.0010229828023676948,g,bk
661427779128,2458809.829467,11.703217863317807,0.001366554637675593,g,bG
661427779128,2458519.3429053,11.69062888494732,0.0006015680914520313,g,bn
661427779128,2458029.8830408,11.668372393888953,0.0008164654748900917,g,bk
661427779128,2458579.5251161,11.72005447639889,0.0013016543031053784,g,bG
661427779128,2459224.5672715,11.652549754364959,0.0012677273248514625,g,bG
661427779128,2458813.7033206,11.724204099991498,0.0014063338020184747,g,bG
661427779128,2458123.502942,11.69780334405071,0.001503380074212988,g,bn
661427779128,2459137.4686873,11.904774195914683,0.0027113755069288386,g,bo
661427779128,2458081.5998993,11.664344856875285,0.00167069454646743,g,bn
661427779128,2458694.9423713,11.691399989617128,0.0026205006224609743,g,bG
661427779128,2458762.5179392,11.698182154145382,0.0008655181347103318,g,bn
661427779128,2458156.3990958,11.674015052783648,0.0005660545271004809,g,bo
661427779128,2458897.7172455,11.667563115178751,0.000985186886979028,g,bG
661427779128,2459217.8339052,11.717728251626397,0.001596984437074076,g,bG
661427779128,2458904.5404072,11.662843166193964,0.001128305243646675,g,bG
661427779128,2458561.6294659,11.715082757867158,0.0022081659566159134,g,bG
661427779128,2458518.7095738,11.734812273688856,0.0013047452094996433,g,bk
661427779128,2459114.5220592,11.971885668028142,0.003223847610310136,g,bo
661427779128,2458397.7826174,11.685381136712481,0.0004754841681076632,g,bk
661427779128,2459086.5998407,11.829840360110651,0.0021815796139209977,g,bo
661427779128,2458450.7756556,11.690177519779581,0.0007968510885138783,g,bk
661427779128,2458127.6495195,11.650031507743632,0.001046721497673664,g,bk
661427779128,2458396.8557274,11.73591507499511,0.0015615595866188552,g,bk
661427779128,2458162.6171619,11.680039852827056,0.0006119549603646086,g,bk
661427779128,2458124.6274751,11.65851747478424,0.0009541153898335343,g,bk
661427779128,2458499.6118825,11.72208106227908,0.0012436260514862,g,bk
661427779128,2458825.8554243,11.719666485229641,0.0017370107540918597,g,bG
661427779128,2458614.197121,11.692797855941174,0.000751004963171793,g,bn
661427779128,2458192.3148244,11.716718116126382,0.0010383451975239822,g,bo
661427779128,2459127.526161,11.788366068722706,0.0022018133941341836,g,bo
661427779128,2458805.8527895,11.702886761662533,0.0012693927510835075,g,bk
661427779128,2459313.5243189,11.664467987697657,0.001046443774948438,g,bk
661427779128,2458863.5632136,11.681888080246424,0.0014614584649203911,g,bn
661427779128,2459121.5346643,11.697128478368526,0.0015434395532508507,g,bn
661427779128,2458498.6455611,11.674112409548501,0.0008160365744260856,g,bk
661427779128,2458430.6814274,11.733638896902827,0.0013133231610702888,g,bk
661427779128,2459571.7555129,11.70889305003174,0.0016918337520413342,g,bk
661427779128,2459583.6634112,11.7027070936705,0.0009947311752971384,g,bk
661427779128,2459576.7583929,11.684350884110057,0.000838920067705497,g,bk
661427779128,2459577.8027011,11.67209845951456,0.0015308136568034912,g,bk
661427779128,2459586.3594365,11.649877786556658,0.0008577605205441997,g,bn
661427779128,2459591.3131966,11.64177056635694,0.0013980913814680503,g,bn
661427779128,2459591.409617,11.919915647332477,0.002951064109345356,g,bo
661427779128,2459592.6301534,11.676747103842144,0.0009820838592615564,g,bk
661427779128,2459596.3638584,11.642885939059823,0.0016539055163108452,g,bn
661427779128,2459597.7880312,11.662720897688718,0.003038581899430332,g,bG
661427779128,2459598.2919454,11.89723268026971,0.003328674828435941,g,bo
661427779128,2459598.319048,11.647997917463275,0.0015788682250560935,g,bn
661427779128,2458163.6121746,11.65462964243073,0.0009836070481844955,g,bk
661427779128,2458186.3273381,11.686554610341783,0.0007432756435627958,g,bn
661427779128,2458157.6497494,11.707778675713012,0.0009217442775873808,g,bk
661427779128,2459207.4381467,11.824768594789925,0.0021318182611695727,g,bo
661427779128,2458795.8444126,11.707854508176245,0.0012017300083657903,g,bG
661427779128,2458716.9009952,11.684075258396362,0.0016843666350817084,g,bG
661427779128,2459188.3258339,11.884800416538557,0.002640789791351334,g,bo
661427779128,2459292.6424512,11.616849130097389,0.001666651161163328,g,bG
661427779128,2459279.6591565,11.690182364891742,0.001006592495491253,g,bG
661427779128,2458167.640132,11.687881653824356,0.0005591700689255882,g,bk
661427779128,2459265.693981,11.668017737792018,0.0009961972451839561,g,bk
661427779128,2459221.3313437,11.687216944274077,0.0007608832344457999,g,bn
661427779128,2459333.5191429,11.614223911770695,0.002387543671157884,g,bk
661427779128,2458221.5224644,11.712579969355467,0.0010119077095364845,g,bk
661427779128,2458189.6405428,11.653697741188134,0.001019607149538493,g,bk
661427779128,2459584.6722486,11.649456386708115,0.0012306475006393309,g,bk
661427779128,2458696.9285933,11.69834454130779,0.0010213030341119024,g,bG
661427779128,2458412.7093178,11.702202679595612,0.0013777399159033133,g,bG
661427779128,2459156.7799946,11.636120649874204,0.0017991225460007576,g,bk
661427779128,2458800.6913377,11.718689010757055,0.0036656720304216114,g,bG
661427779128,2459329.524821,11.699167890199224,0.0016413881556909256,g,bk
661427779128,2459148.7740681,11.695185187357906,0.0009656327253320196,g,bk
661427779128,2458585.5271221,11.721255392886192,0.0013708618216486828,g,bk
661427779128,2459587.6863161,11.660790166178902,0.001022439439965733,g,bG
661427779128,2459475.5460457,11.677842287520592,0.0016906591756490933,g,bn
661427779128,2458424.4467322,11.722024949142638,0.0007991318928078347,g,bn
661427779128,2458195.2998798,11.694272686665261,0.0006390544274394636,g,bo
661427779128,2458851.2932956,11.663678015333536,0.0009453375024923649,g,bn
661427779128,2458933.3571186,11.67033595576758,0.0006243290420214515,g,bn
661427779128,2458555.5649534,11.698799431688062,0.001012431223583186,g,bk
661427779128,2459174.5583531,11.67226580712554,0.0006570498188602531,g,bn
661427779128,2459233.6817166,11.676025593461965,0.001040918718492991,g,bG
661427779128,2458838.7404953,11.733359263525356,0.0014379537514639458,g,bG
661427779128,2459208.7107591,11.639221227670426,0.0015099140008342908,g,bG
661427779128,2458415.7934072,11.72212379733625,0.00168515445902046,g,bk
661427779128,2459479.8476965,11.546758079143107,0.002715169903298706,g,bG
661427779128,2458829.4895767,11.833001284848304,0.003163460486301438,g,bo
661427779128,2459466.8012186,11.692711638358698,0.001101253607025903,g,bG
661427779128,2459230.3520075,11.646010246408046,0.0011844151932102899,g,bn
661427779128,2459585.7020969,11.673849100520705,0.0007996279926084589,g,bG
661427779128,2459286.6232071,11.700910129176592,0.0009292281846657334,g,bk
661427779128,2458165.3504255,11.668623172429529,0.000874406261719009,g,bn
661427779128,2458102.5245127,11.638485171640383,0.001072198663781732,g,bo
661427779128,2459465.5832388,11.664119954095593,0.000694211598431467,g,bn
661427779128,2459578.8224697,11.664682667306373,0.0009752088226997248,g,bk
661427779128,2458393.7861794,11.695092285292343,0.000970658721211001,g,bk
661427779128,2458853.7159899,11.7305080074571,0.00155886892056259,g,bk
661427779128,2459475.5234254,11.968668043608329,0.003861350936736106,g,bo
661427779128,2459305.5991104,11.696720095454818,0.0014158267022304294,g,bk
661427779128,2458851.6440445,11.695597110120126,0.0011502552725792831,g,bG
661427779128,2458182.2750468,11.679189648599158,0.0005734910172834573,g,bo
661427779128,2458568.2817203,11.783105815444628,0.0016764019075618402,g,bo
661427779128,2458079.8323897,11.653281055041214,0.0009820611217613109,g,bk
661427779128,2458136.6426699,11.65916565108867,0.0009245617991390494,g,bk
661427779128,2459230.8071009,11.631807032801103,0.0015450695126196098,g,bG
661427779128,2458878.7673069,11.666084730554873,0.001236242399195663,g,bG
661427779128,2459294.6005913,11.646989404061179,0.0013058118149649595,g,bk
661427779128,2458751.8327358,11.70931392871114,0.00169412433970261,g,bG
661427779128,2459296.5238242,11.660889162594524,0.0011915246280297038,g,bk
661427779128,2458834.4921697,11.805178846348031,0.002021745157412534,g,bo
661427779128,2458056.8752722,11.676307434524947,0.0038666750250141743,g,bk
661427779128,2458829.7513433,11.73403145812909,0.0034008449741032634,g,bk
661427779128,2458928.4145695,11.631123498735809,0.0011154121615598546,g,bn
661427779128,2459290.5494344,11.651816899573307,0.001210609465681878,g,bG
661427779128,2459462.5601503,11.918139476379723,0.0028020021943515987,g,bo
661427779128,2459297.6244542,11.631053676761042,0.0018202620611115126,g,bG
661427779128,2459153.7306274,11.657581417238541,0.0021726519541580757,g,bG
661427779128,2458074.6052646,11.639343901163633,0.0028106556172580862,g,bo
661427779128,2458864.6199,11.72481025599792,0.0012554034383528243,g,bk
661427779128,2458795.8431382,11.704964214370916,0.0012497976144451672,g,bG
661427779128,2459472.7718313,11.657125193478283,0.0012355265507357747,g,bk
661427779128,2458854.5550542,11.70876046381763,0.0015833598103602842,g,bG
661427779128,2459293.6318582,11.703439498327747,0.0010401813541724956,g,bG
661427779128,2459600.2829877,11.65865611459216,0.0014287295350912724,g,bn
661427779128,2458575.3327458,11.730304275197419,0.001010746403728974,g,bn
661427779128,2458821.6892122,11.724535435780851,0.0014449006568946175,g,bk
661427779128,2459311.5872934,11.622093399071094,0.0015223670184826073,g,bG
661427779128,2458730.824997,11.699907239940831,0.0014144602844483373,g,bG
661427779128,2459452.8241884,11.696923236982848,0.0015313366993435081,g,bk
661427779128,2459291.6386179,11.705592380459048,0.001325772669150769,g,bG
661427779128,2459292.3196117,11.614249779182348,0.0012359169640050458,g,bn
661427779128,2459430.8957317,11.717076548874001,0.0014907966736955453,g,bG
661427779128,2458802.852042,11.716809651328365,0.0018796092892704806,g,bG
661427779128,2458471.6133599,11.688460759947032,0.0011729150719992096,g,bk
661427779128,2458600.5142772,11.706568616544509,0.0011219339892587629,g,bG
661427779128,2459270.421178,11.648213587879956,0.0021135650119821067,g,bn
661427779128,2458083.8313957,11.689599454526899,0.0006038625697613056,g,bk
661427779128,2459589.573079,11.660337721186862,0.0013057766603098088,g,bk
661427779128,2458862.6365463,11.723310516055642,0.0014045898235447987,g,bG
661427779128,2459203.8451455,11.689410990080269,0.0009751166301862924,g,bG
661427779128,2459194.3175153,11.657704990131519,0.0007915558704000917,g,bn
661427779128,2459210.4639616,11.830089662154705,0.0026954663947519383,g,bo
661427779128,2458561.2986823,11.71951245195504,0.0014566005508514425,g,bn
661427779128,2458528.4401158,11.715977000456316,0.0008075201549548892,g,bn
661427779128,2458763.7479004,11.72613306264714,0.0013313050095212064,g,bk
661427779128,2459245.3316817,11.700713368310883,0.0013675088403914107,g,bn
661427779128,2459236.5153579,11.668747993401068,0.0006279953219343114,g,bn
661427779128,2458894.5349525,11.715149661495197,0.001221999002376574,g,bk
661427779128,2458913.5907607,11.717826111005268,0.0015136514127081701,g,bk
661427779128,2458167.3619948,11.679648337166658,0.0008198660532381474,g,bn
661427779128,2459127.507475,11.63288161549213,0.0022152400392946255,g,bn
661427779128,2458861.6439199,11.702055831623909,0.0015162278292547486,g,bk
661427779128,2459530.3905997,11.65901899916999,0.0011646752246617308,g,bn
661427779128,2458842.4275133,11.704742157341492,0.0009474175891269349,g,bn
661427779128,2458539.6918044,11.69139840300954,0.0010546685106147802,g,bG
661427779128,2459605.3188281,11.655357709160965,0.0008438409016850217,g,bn
661427779128,2459611.7224276,11.639357958022096,0.0014140975227531557,g,bk
661427779128,2459614.7475314,11.694880815531125,0.0008905543430967792,g,bk
661427779128,2459426.9208872,11.671291188073187,0.001317920923372238,g,bG
661427779128,2459514.6845214,11.714267424601722,0.001197998864907499,g,bk
661427779128,2458537.4571205,11.721201643898588,0.001549328085240177,g,bn
661427779128,2459473.7957618,11.681865082354921,0.0011410275871927176,g,bk
661427779128,2459155.6785945,11.67281541399718,0.0016927990041571744,g,bk
661427779128,2459306.5462634,11.622189754404362,0.0013878149943077056,g,bk
661427779128,2458797.6879409,11.726490836852815,0.002314450533636837,g,bk
661427779128,2458486.7682104,11.690879363656087,0.0007069004195769419,g,bG
661427779128,2458761.524269,11.723936700354365,0.0008735508904066361,g,bn
661427779128,2459473.8335156,11.672817015240893,0.0012661049765976694,g,bG
661427779128,2458165.6729982,11.657968907969655,0.0009509168973365405,g,bk
661427779128,2459586.7327431,11.701067544285841,0.0009672216793366319,g,bk
661427779128,2459321.2982362,11.92154482779799,0.002859338665130959,g,bo
661427779128,2459537.7187415,11.66858342931386,0.0016824574991906917,g,bk
661427779128,2458709.6591474,11.69638202529944,0.0019914710410443067,g,bn
661427779128,2459233.3247902,11.694346869273273,0.0009586808594451954,g,bn
661427779128,2458199.5914649,11.68414526482534,0.0005060526848743279,g,bk
661427779128,2459558.5589853,11.674894628813297,0.0012970862676205098,g,bG
661427779128,2458839.7654933,11.714283029189403,0.0013982771812697848,g,bG
661427779128,2458169.3459395,11.67737498148648,0.0006139270100280863,g,bo
661427779128,2458814.5754406,11.723281693151586,0.0013545418381767991,g,bk
661427779128,2458212.5024205,11.665671433090278,0.0009251104690300978,g,bk
661427779128,2458745.7936992,11.702167305351576,0.0015789452672139326,g,bk
661427779128,2458548.6681758,11.66426054695657,0.0009512518169228865,g,bG
661427779128,2458566.6136986,11.721479722135937,0.0016654714457763444,g,bG
661427779128,2459530.6078497,11.668639962098158,0.001584767751420411,g,bk
661427779128,2458166.3662232,11.71040538667982,0.0006176075528223184,g,bn
661427779128,2458880.7616011,11.684682236603663,0.0012760145146993075,g,bG
661427779128,2459465.5491144,12.006935620898805,0.0034342044719163785,g,bo
661427779128,2459548.8143201,11.662635237544068,0.0011849978933803945,g,bk
661427779128,2459547.7109536,11.708386334836957,0.0009331534697557979,g,bk
661427779128,2458773.7985226,11.721944319287392,0.0017106762956890567,g,bG
661427779128,2459535.659413,11.684564566048895,0.001959061119606071,g,bG
661427779128,2459268.551162,11.64202424533001,0.001785509257903378,g,bk
661427779128,2458445.7035108,11.662111392489445,0.004142485662863612,g,bk
661427779128,2459193.5695473,11.681682914414072,0.000855989142769741,g,bG
661427779128,2459409.9350129,11.690940713169011,0.0011617827515613042,g,bG
661427779128,2459612.7014418,11.711613804305065,0.001313741301948223,g,bk
661427779128,2458575.3067571,11.790245776325355,0.0018200980796706412,g,bo
661427779128,2459586.7100961,11.72901343205824,0.0015006194252481266,g,bG
661427779128,2458812.695165,11.73070663541083,0.001326124892445406,g,bk
661427779128,2458582.5193144,11.720370742199437,0.0011630065236019305,g,bk
661427779128,2458456.7296268,11.73938709112104,0.001460637868327049,g,bG
661427779128,2458763.5141495,11.674053102926338,0.0006314896321191213,g,bn
661427779128,2459619.6572924,11.720749076662349,0.001458536708411369,g,bG
661427779128,2458414.8334084,11.692830027870226,0.0014856611416105114,g,bG
661427779128,2458531.7171168,11.685060710214115,0.0014923259163379748,g,bG
661427779128,2459537.7466215,11.659051722834235,0.002015858058364946,g,bG
661427779128,2459539.6801915,11.647434935239268,0.002306594747239119,g,bG
661427779128,2459515.6644331,11.636055118245412,0.0014308132624839447,g,bk
661427779128,2458141.661418,11.657019949488319,0.0009308909842975438,g,bk
661427779128,2458116.5638981,11.69848104192818,0.0004655244240376669,g,bn
661427779128,2459485.7597213,11.685981607061963,0.000851509585623211,g,bk
661427779128,2458403.761021,11.728849018133321,0.0012245521602708691,g,bk
661427779128,2458046.8657385,11.660778872386066,0.0009092826724713596,g,bk
661427779128,2458833.4880311,11.786508913434758,0.0018945534142204023,g,bo
661427779128,2459050.6852781,11.844973608777952,0.002460614769648874,g,bo
661427779128,2459606.6330364,11.659160663064423,0.0010788409717786527,g,bk
661427779128,2459534.6162291,11.635979633631466,0.002450440891504876,g,bG
661427779128,2459552.5617618,11.688585687700572,0.0011686543603151595,g,bG
661427779128,2459340.4899549,11.61616485152275,0.0016828994304311186,g,bG
661427779128,2459168.6134778,11.64883562684026,0.0012222734442442862,g,bG
661427779128,2459580.7598338,11.6618510661334,0.001295408097673953,g,bG
661427779128,2458752.5797372,11.80806306131567,0.00216874240145447,g,bo
661427779128,2459637.4535024,11.651292855173196,0.0008976259690323733,g,bn
661427779128,2459638.5806965,11.743620361339868,0.001736080087926021,g,bG
661427779128,2459639.6220434,11.642192373456087,0.0012497007935635446,g,bk
661427779128,2458137.6473252,11.656202938097152,0.0009517548025751976,g,bk
661427779128,2459536.7327467,11.672397352552476,0.002228130735244683,g,bG
661427779128,2459520.8358587,11.643376710233362,0.0012486977228560443,g,bk
661427779128,2458519.7516166,11.675860277524656,0.0008283966407840113,g,bG
661427779128,2459504.7707648,11.672203017235843,0.0011599986472917675,g,bk
661427779128,2459616.6081388,11.660373556169974,0.0013960416674224816,g,bG
661427779128,2459543.5673061,11.652591411951938,0.00147721730379816,g,bk
661427779128,2458564.344476,11.69852348867056,0.0015271639855863048,g,bo
661427779128,2459269.6626316,11.687562326116108,0.0015114194240403074,g,bk
661427779128,2459136.5175381,11.832303785824754,0.002143942152307872,g,bo
661427779128,2458915.6220974,11.731374014983679,0.00212781414199884,g,bG
661427779128,2458742.88311,11.708729833949148,0.0012184300507178962,g,bk
661427779128,2459508.7869953,11.646709328698421,0.0015832772484809167,g,bk
661427779128,2459502.7317589,11.699708868525205,0.001041166051902154,g,bk
661427779128,2459104.5605041,12.088354952211215,0.004466398087190827,g,bo
661427779128,2458875.7728869,11.697256807787786,0.0009639562356571007,g,bG
661427779128,2458782.8465508,11.695994793110536,0.0014731081955066693,g,bG
661427779128,2458546.3652203,11.753527199050504,0.0013918106419127834,g,bo
661427779128,2459563.5996724,11.663965679769506,0.0016209065479947846,g,bG
661427779128,2459459.5996945,11.680332104347496,0.0007358232754322281,g,bn
661427779128,2458900.3697061,11.723722448243239,0.0011854642567842367,g,bn
661427779128,2458803.8156734,11.698676604617882,0.0014505517032857252,g,bk
661427779128,2458140.6616846,11.708090971897638,0.0009199184637511375,g,bk
661427779128,2459149.7375336,11.66405724458803,0.001349981920698661,g,bk
661427779128,2459216.5435677,11.645368041672828,0.0013715813414604168,g,bG
661427779128,2459206.4265159,11.633603660060555,0.0011436258405387641,g,bn
661427779128,2458514.4711795,11.765068575459075,0.001510178947216443,g,bo
661427779128,2459117.5452452,11.655736873864893,0.0010224141875557011,g,bn
661427779128,2458018.9016134,11.686820750345909,0.0010301638680604312,g,bk
661427779128,2459628.7009212,11.64996131878576,0.0022337364409663416,g,bG
661427779128,2459513.6778583,11.661514211606995,0.0011693800410626646,g,bG
661427779128,2459631.6710502,11.723862136845007,0.0014476109962671551,g,bk
661427779128,2459259.7092313,11.624661145679243,0.001391136919240303,g,bk
661427779128,2459610.5519341,11.67919819705258,0.000809617138785365,g,bk
661427779128,2459216.3553203,11.833288434843697,0.0022453405042300477,g,bo
661427779128,2459538.6793553,11.71589973877393,0.0017188179856719686,g,bG
661427779128,2459511.7875849,11.673447455208883,0.0015508241077051407,g,bk
661427779128,2459210.8446813,11.681955975658449,0.0008101684100872733,g,bk
661427779128,2459493.7659873,11.661020513188278,0.0012630103766010639,g,bG
661427779128,2459141.45248,11.630276626503653,0.001125209654792964,g,bn
661427779128,2458901.2910104,11.84976291127467,0.0022166111090896634,g,bo
661427779128,2459623.6460996,11.668022527061222,0.002153030927297298,g,bG
661427779128,2459488.747448,11.679351588235946,0.0006485307912737176,g,bk
661427779128,2459529.6212857,11.635786886400677,0.001923007550978819,g,bG
661427779128,2458589.5343659,11.697823566789435,0.001539204732068965,g,bk
661427779128,2459555.7122813,11.67796246486024,0.0010562433709743464,g,bG
661427779128,2459522.663124,11.646658465216834,0.0010717669846825168,g,bk
661427779128,2459492.4878856,11.680560230454294,0.0009259167773181669,g,bn
661427779128,2459264.6390514,11.647639147338333,0.0011829094385093963,g,bk
661427779128,2459562.7381842,11.718876034114414,0.0015707195685067308,g,bG
661427779128,2459507.7249875,11.703314265088476,0.001716594729265787,g,bG
661427779128,2459616.6159983,11.671759958446248,0.0009603269679686528,g,bk
661427779128,2459471.7852573,11.736183526221168,0.0018013880853458661,g,bG
661427779128,2459453.8338428,11.65531687885807,0.0016148481487691041,g,bk
661427779128,2459436.886145,11.630914680271957,0.0016698799537719015,g,bG
661427779128,2459649.6182435,11.604700199060026,0.0015128848531952954,g,bk
661427779128,2458224.2452648,11.687576346216982,0.0004988133777852519,g,bo
661427779128,2459646.5982963,11.652746829200147,0.0010154398338534805,g,bk
661427779128,2458187.3444011,11.701483412220181,0.0010603709374644625,g,bn
661427779128,2459627.6780234,11.663698069462857,0.0016772197362721524,g,bk
661427779128,2459524.6212358,11.659347822676278,0.001128582713430898,g,bG
661427779128,2458472.6756211,11.709396169421929,0.0014704827531877658,g,bG
661427779128,2459500.7118706,11.669137901665575,0.0012153555791756983,g,bG
661427779128,2458889.5458801,11.748155914898746,0.002054337352854246,g,bk
661427779128,2458020.8950223,11.662765336854486,0.0009117085515303101,g,bk
661427779128,2459509.7635334,11.694753521668549,0.0016471542043977629,g,bG
661427779128,2459632.4808051,11.625327560440743,0.0015219486885866892,g,bn
661427779128,2459534.6620294,11.635788466797015,0.0018300684094752675,g,bk
661427779128,2459483.772451,11.68808369892484,0.0008987670959010433,g,bk
661427779128,2459542.5752909,11.664261443490151,0.001334310377289674,g,bG
661427779128,2459564.5706543,11.698473866780596,0.0016914485968190856,g,bG
661427779128,2459480.8470327,11.677034479150333,0.0014361405741803986,g,bk
661427779128,2459559.7834504,11.698611148736695,0.0009580864302219559,g,bk
661427779128,2459349.4698571,11.647779419367577,0.001296433273892536,g,bk
661427779128,2459163.4002326,11.642554245578351,0.0009689616441474983,g,bn
661427779128,2459461.8220237,11.690335970999094,0.0011835454707361044,g,bk
661427779128,2458080.83306,11.670130957773884,0.000747790343598607,g,bk
661427779128,2459519.7652012,11.696268850600685,0.0011190057327884618,g,bk
661427779128,2458882.7575548,11.732948401594383,0.0014568568579975242,g,bG
661427779128,2458614.2007706,11.777846277037142,0.0016257046786263627,g,bo
661427779128,2459539.7093089,11.655578377458172,0.0013825493109834567,g,bk
661427779128,2458091.3559841,11.611090797416413,0.002351861580168261,g,bo
661427779128,2459629.6537959,11.718579872187025,0.0017413455130006754,g,bG
661427779128,2459262.7035769,11.683470100140639,0.0008463794316255731,g,bk
661427779128,2459496.7189028,11.641832923233133,0.0011356089408650356,g,bk
661427779128,2458476.6331473,11.677718738988176,0.0016109805177638298,g,bk
661427779128,2458561.3170599,11.770010915256204,0.002118889836897578,g,bo
661427779128,2459103.5864597,11.610069550515366,0.0016648630703760578,g,bn
661427779128,2459647.5478896,11.676062435838503,0.0008956190924036453,g,bG
661427779128,2459634.7003707,11.687787740245717,0.001251522332274991,g,bG
661427779128,2459371.1929769,11.662726176168153,0.0014951349558055922,g,bn
661427779128,2458090.3325084,11.632996510486219,0.002196703783054209,g,bo
661427779128,2459659.5372888,11.667166173747772,0.0009820473171456457,g,bk
661427779128,2459444.8964088,11.677811975263094,0.0009961589344064977,g,bG
661427779128,2458083.5740332,11.6498478630397,0.0009714956612385119,g,bo
661427779128,2458825.3729334,11.81952953162744,0.002430284051881312,g,bo
661427779128,2459646.5498049,11.655322091033701,0.0011588160303028555,g,bG
661427779128,2459556.7762673,11.655931769507625,0.0013649058346147413,g,bG
661427779128,2459436.676765,11.664338914610116,0.0010870908646629525,g,bn
661427779128,2459665.6164366,11.688719873007681,0.0007037032351127788,g,bk
661427779128,2459492.7196079,11.669392661163823,0.0009746543007505381,g,bk
661427779128,2459659.538519,11.66610377339053,0.0011654936178163583,g,bk
661427779128,2459664.6086795,11.670400827055936,0.0008247287680224658,g,bk
661427779128,2459447.865907,11.688479680976338,0.00201038597501565,g,bG
661427779128,2458846.7014794,11.716507017553713,0.0011997264476294109,g,bk
661427779128,2459046.6845856,11.89164154348995,0.002791412626098449,g,bo
661427779128,2459622.6279001,11.679852552809855,0.002026314431702111,g,bk
661427779128,2459204.7932414,11.623114265402068,0.0015497282009154303,g,bG
661427779128,2458750.8908359,11.692224637246802,0.0009304410362683331,g,bG
661427779128,2459651.5684364,11.663540059331975,0.0011553828589489538,g,bG
661427779128,2459667.3381331,12.04516213233233,0.0038094487914305613,g,bo
661427779128,2459623.6080756,11.640980925752572,0.001974286707782072,g,bk
661427779128,2458840.7861957,11.691017285422697,0.0008698527006482957,g,bk
661427779128,2458494.7797866,11.727658467693587,0.001349262826717091,g,bG
661427779128,2458103.5363239,11.670581063133243,0.0009078681016846975,g,bn
661427779128,2459661.6194157,11.652462858383597,0.0014319816388923916,g,bG
661427779128,2459521.6515223,11.705272605112512,0.0012623742720654881,g,bG
661427779128,2459608.7741245,11.653789336818981,0.0014668528182801843,g,bk
661427779128,2459588.7183026,11.719872129780146,0.0016819864635618503,g,bG
661427779128,2459662.6111192,11.73862478229051,0.0014298696957449895,g,bk
661427779128,2459478.7623547,11.666768354758021,0.0020184079169498197,g,bG
661427779128,2459676.4776275,11.720771838125827,0.0013687675755927316,g,bk
661427779128,2459146.6733537,11.642294963428457,0.001275643144363298,g,bG
661427779128,2458692.6861552,11.671245294235524,0.0023433704570635793,g,bn
661427779128,2459677.5380451,11.683215448598167,0.0006541388877167255,g,bk
661427779128,2459677.5804525,11.690197320259433,0.0009233122924733599,g,bG
661427779128,2459678.217833,11.697719955510781,0.003637667701908503,g,bn
661427779128,2458502.7666804,11.7351742608802,0.0018392301237108559,g,bG
661427779128,2459678.5671505,11.658934365690838,0.0012709019629067462,g,bG
661427779128,2459678.5328848,11.677963536526605,0.0009039610542509639,g,bk
661427779128,2459679.5663154,11.72576660230227,0.0014322860045198704,g,bk
661427779128,2459680.2388998,11.659129521338322,0.0012320132702714247,g,bn
661427779128,2459681.5691865,11.705872176225313,0.0014429975184481133,g,bG
661427779128,2459680.5162577,11.667700688705017,0.0009676214525346492,g,bk
661427779128,2458371.8643461,11.670441779696446,0.0008177726004776479,g,bk
661427779128,2458811.3872422,11.829837315160049,0.002068756929727544,g,bo
661427779128,2458194.3027204,11.694695271842381,0.0007099971611172223,g,bo
661427779128,2459673.3398932,12.030646938087928,0.0037886529413183323,g,bo
661427779128,2459682.2985265,11.653057277723768,0.0018327082858651577,g,bn
661427779128,2459682.2972862,11.63113979358071,0.0015527816397564991,g,bn
661427779128,2459663.5368939,11.647536818670694,0.0012802166023205704,g,bG
661427779128,2459673.3741739,11.64938892083411,0.0009424327279476327,g,bn
661427779128,2459687.5440844,11.661496231449938,0.0016846250808758608,g,bG
661427779128,2459685.5452925,11.67065265199893,0.0020152225857609494,g,bG
661427779128,2459501.7396497,11.659717075028684,0.0015643542471947837,g,bG
661427779128,2459525.6870588,11.658938993466155,0.001236806761819359,g,bk
661427779128,2459669.6001979,11.712767403122637,0.0012301655428723602,g,bG
661427779128,2459656.3919309,11.896182896256109,0.003846623769697154,g,bo
661427779128,2459531.6131662,11.689512754169844,0.0010211202011970208,g,bG
661427779128,2459691.5365614,11.739107926153574,0.0015509381540286834,g,bk
661427779128,2459690.5455608,11.682665586473346,0.0009697520040012671,g,bk
661427779128,2459721.4527582,11.672128681151177,0.001667415499484099,g,bk
661427779128,2459331.5286343,11.652532042436265,0.004233973668064289,g,bk
661427779128,2459686.5446123,11.745505678361086,0.0036436027919810425,g,bk
661427779128,2459662.6123479,11.722390843643915,0.0014753498568496057,g,bk
661427779128,2459716.2506066,11.660577184051569,0.003152076039063777,g,bn
661427779128,2459723.1995133,12.29925165451803,0.006412529580297317,g,bo
661427779128,2459726.4474681,11.700283303647812,0.0022752655225812095,g,bG
661427779128,2458154.3561258,11.686591042839913,0.0005067031516100672,g,bo
661427779128,2458157.4085079,11.681238028065252,0.00045472580134241143,g,bo
661427779128,2458392.5137177,11.801507832633789,0.002451431409967984,g,bo
661427779128,2458696.6865018,11.81871368173535,0.0026261427125384936,g,bo
661427779128,2458705.6560856,11.76076084380201,0.0015205202439421538,g,bo
661427779128,2458719.6631149,11.858643956399156,0.0028575279303406356,g,bo
661427779128,2458767.4894555,11.796634956626455,0.0020727362219934175,g,bo
661427779128,2459420.6627973,12.030950621503065,0.0053253302497476875,g,bo
661427779128,2459596.3754527,11.872714169841906,0.0029883576552158543,g,bo
661427779128,2459602.5460471,12.097937640533436,0.004839923279086816,g,bo
661427779128,2459608.3759547,11.874120824124002,0.0025870251431859915,g,bo
661427779128,2459641.3344214,11.913386809395197,0.0027601525774413552,g,bo
661427779128,2458539.404909,11.839355171633326,0.0022226271201157962,g,bo
661427779128,2458567.3361688,11.760769000562288,0.0017184598196931114,g,bo
661427779128,2458929.3651337,11.84654766731642,0.0022483655778729656,g,bo
661427779128,2459201.3310772,11.820366331348014,0.001994434232623892,g,bo
661427779128,2459431.6712652,11.844441321512402,0.0022818207254355926,g,bo
661427779128,2459604.5247112,12.113271775804023,0.004547730915191765,g,bo
661427779128,2459636.3495998,12.021253706768446,0.0036400168926623466,g,bo
661427779128,2459653.3081642,11.87807177972067,0.002941986842935415,g,bo
661427779128,2458142.3742984,11.732757585558165,0.0011570169706171375,g,bo
661427779128,2458699.6754995,11.819929427369846,0.0020566933802812354,g,bo
661427779128,2459120.517463,11.854250407220661,0.002599558660271224,g,bo
661427779128,2459715.4769014,11.731783326544896,0.0028108673752640094,g,bk
661427779128,2459709.2688938,11.66590612575723,0.0014291362988497836,g,bn
661427779128,2459716.2531103,11.68586787051025,0.005176486758416777,g,bn
661427779128,2459717.4710462,11.740057473953643,0.002216013478074473,g,bG
661427779128,2459714.4758672,11.703284080133917,0.0017021440577512411,g,bG
661427779128,2459670.53315,11.661329520864477,0.001019937246495286,g,bk
661427779128,2459668.6053498,11.654790012094052,0.0011694438467176476,g,bG
661427779128,2459689.5503501,11.699570157269443,0.0014292369197239098,g,bG
661427779128,2459698.5230618,11.730537678145689,0.0012812197846154602,g,bk
661427779128,2458604.5123289,11.6856136885737,0.0007932998809204298,g,bG
661427779128,2458488.6949116,11.689893025718916,0.0007218964093025316,g,bk
661427779128,2459644.5463451,11.626093064865826,0.001266379331535941,g,bk
661427779128,2459658.631741,11.660176665274411,0.001771982018710039,g,bG
661427779128,2459714.4771539,11.719780520511428,0.0031459306408822994,g,bG
661427779128,2459425.9374841,11.6677904372951,0.0018860131203427917,g,bG
661427779128,2459509.8300534,11.657304390610895,0.0018082144063669497,g,bk
661427779128,2459702.5130527,11.68297134838334,0.0006529632341662738,g,bk
661427779128,2459716.2518584,11.686535960103473,0.006568879979850457,g,bn
661427779128,2459721.230132,11.673543772807868,0.0006388191568397318,g,bn
661427779128,2459710.2711709,11.69851402479142,0.002618920849670354,g,bn
661427779128,2459714.4784522,11.698066219793361,0.0028943952038935046,g,bG
661427779128,2459694.5312332,11.668993823160063,0.001036308233529892,g,bG
661427779128,2459717.4697596,11.729088782809157,0.001620748588244558,g,bG
661427779128,2459697.5197392,11.658050051677318,0.0010051739676235581,g,bk
661427779128,2459643.3239517,11.692181083051763,0.000759040073762224,g,bn
661427779128,2459710.2724027,11.713366808480094,0.003025890588618015,g,bn
661427779128,2459692.5342918,11.666030683832027,0.0012159824399270974,g,bG
661427779128,2459650.6152306,11.7211986171781,0.0014630337961884369,g,bk
661427779128,2459720.2379492,11.636709408704014,0.0011122783971065124,g,bn
661427779128,2459712.4555449,11.689158534774737,0.001762335875039581,g,bG
661427779128,2459708.4949492,11.679801039514043,0.0011067752217163588,g,bG
661427779128,2459554.7231229,11.684929858732364,0.0007033105125603213,g,bk
661427779128,2459705.4702539,11.736449609253508,0.0014801213225489123,g,bk
661427779128,2459660.6253878,11.72853827572096,0.0016354174553463504,g,bG
661427779128,2459709.2713856,11.666288466886277,0.00257433910358435,g,bn
661427779128,2459643.5671099,11.701696898157563,0.0008729398912203465,g,bG
661427779128,2459695.5382653,11.68939479807591,0.0007584105531044414,g,bG
661427779128,2458197.3266994,11.689187671914553,0.0007388877571239673,g,bn
661427779128,2459716.4693071,11.667465823857736,0.0014253606846494054,g,bk
661427779128,2459662.6135998,11.756591324271486,0.0018704931346905315,g,bk
661427779128,2459719.4587682,11.705952497571124,0.0013570977947882895,g,bG
661427779128,2459772.9461259,11.680581410483475,0.0031756548091146828,g,bG
661427779128,2459784.9223574,11.708598470817293,0.0011293552043264586,g,bG
661427779128,2459786.6584824,12.183929336331442,0.005043926105972746,g,bo
661427779128,2459787.9346932,11.733627758506074,0.0014923550200673524,g,bk
661427779128,2459792.6722,12.076369686893283,0.004068400304818579,g,bo
661427779128,2459796.67833,12.046458634297057,0.004006707803053895,g,bo
661427779128,2459797.6836426,12.023557854926814,0.004353179574481368,g,bo
661427779128,2459799.8929093,11.705049320482335,0.0010980778292623116,g,bG
661427779128,2459712.2246823,11.710373916788033,0.0013797436020599452,g,bn
661427779128,2459800.6826105,11.665722465223546,0.002621794584462449,g,bn
661427779128,2459800.8844267,11.68612351630512,0.0008956919883944798,g,bk
661427779128,2459804.893046,11.717977172750473,0.0017507884449487747,g,bk
661427779128,2459807.8889473,11.705403111497626,0.0011989590358844908,g,bk
661427779128,2459810.8927908,11.684584459880181,0.0009791946601749597,g,bG
661427779128,2459809.8749075,11.719214004033955,0.001371147954027176,g,bG
661427779128,2459813.5956676,12.187944148958046,0.004958162828815325,g,bo
661427779128,2459813.6410582,11.72433987458803,0.001321132005327848,g,bn
661427779128,2459814.6259823,12.104858588815565,0.004279586307557334,g,bo
661427779128,2459816.8439044,11.6761945600077,0.0014827086538286515,g,bG
661427779128,2459816.8413306,11.709873119359822,0.0010982010080944583,g,bG
661427779128,2459818.5908918,12.157619797201772,0.005049387704422762,g,bo
661427779128,2459818.5896515,12.16207923915733,0.0047388662144847524,g,bo
661427779128,2459819.5960153,12.016067424233247,0.0037469832326203225,g,bo
661427779128,2459819.6062511,11.676588256532355,0.0007437662103013105,g,bn
661427779128,2459819.5947822,11.95654881583587,0.003176311987014612,g,bo
661427779128,2459820.6055774,12.076863709589352,0.00407838029336077,g,bo
661427779128,2459824.8224724,11.69564422695344,0.0012692589282432586,g,bG
661427779128,2459825.5602669,12.126002866378851,0.0044694188982200445,g,bo
661427779128,2459826.8138157,11.69868847131129,0.000889564730305623,g,bk
661427779128,2459820.9181102,11.732627481962012,0.0016489058070282441,g,bG
661427779128,2459829.8082373,11.68259876308457,0.0012863685958920928,g,bG
661427779128,2459829.588881,11.710176445895037,0.0014158168219896281,g,bn
661427779128,2459828.9060777,11.706203894310846,0.001120604692728353,g,bG
661427779128,2459845.7804062,11.682819443362416,0.0007204892862813017,g,bk
661427779128,2459849.6127309,12.076950784701374,0.004060140013833137,g,bo
661427779128,2459846.5243991,11.738586773766981,0.0014803512667814706,g,bn
661427779128,2459846.7688268,11.742977528710934,0.0015641857026254399,g,bG
661427779128,2459843.5307693,11.662945054148947,0.0007424939714823391,g,bn
661427779128,2459843.7678073,11.703106653869096,0.0010006256579003527,g,bG
661427779128,2459850.8831789,11.672002404519189,0.0014893015952634767,g,bG
661427779128,2459859.758257,11.70780906976437,0.0016623213368600438,g,bk
661427779128,2459861.7466126,11.751059907765002,0.0024150247801973637,g,bk
661427779128,2459853.7446892,11.626384689363384,0.0013468589337656688,g,bk
661427779128,2459858.7280411,11.715972065494064,0.001582057679062492,g,bk
661427779128,2459867.6954964,11.675035453621662,0.0010274067242858234,g,bk
661427779128,2459860.7245034,11.663559880151164,0.001870723411233173,g,bk
661427779128,2459863.7667732,11.737234390768956,0.0021986951916950492,g,bk
661427779128,2459870.6873092,11.711691336018095,0.0010353164357518433,g,bk
661427779128,2459866.7078322,11.721075384496666,0.0016687835413874035,g,bk
661427779128,2459872.7110726,11.680158443387391,0.0006713379303133444,g,bk
661427779128,2459876.7546712,11.689890506293585,0.0006745860934499999,g,bk
661427779128,2459878.6064008,11.697880707711333,0.000898939675786329,g,bn
661427779128,2459878.60516,11.668526130815604,0.0008147265542261953,g,bn
661427779128,2459882.6941341,11.723776954977843,0.0012287577431715387,g,bk
661427779128,2459883.7266264,11.696644286346373,0.0009491387681417836,g,bk
661427779128,2459883.725386,11.695142981363244,0.0008560919956179453,g,bk
661427779128,2459887.6972239,11.747575381654766,0.0016838409814126792,g,bk
661427779128,2459888.7224267,11.688250272906526,0.00108711217309116,g,bk
661427779128,2459889.7205877,11.69827254196655,0.002322017518944869,g,bk
661427779128,2459889.7180823,11.707049340688599,0.0014333336625788546,g,bk
661427779128,2459897.6047556,11.702115294241997,0.0010156406554322475,g,bG
661427779128,2459898.6011188,11.664745996176487,0.00115793214713737,g,bG
661427779128,2459901.7511104,11.687570525915874,0.0004585196373077431,g,bk
661427779128,2459913.5570433,11.681252370129002,0.0012139127851454106,g,bG
661427779128,2458602.2251169,11.695882372398955,0.0008773931205768078,g,bn
661427779128,2459002.2039993,11.647739061274835,0.0016493244414051151,g,bn
661427779128,2459114.5476102,11.700551972293065,0.0010016765657605952,g,bn
661427779128,2458922.4128703,11.681307307431215,0.0014284903893095329,g,bn
661427779128,2459184.4219656,11.617111762387033,0.0014691927885540918,g,bn
661427779128,2459199.4954023,11.65389446889193,0.000802564202859666,g,bn
661427779128,2459202.3953168,11.690721351709199,0.0008971583607868364,g,bn
661427779128,2459224.3303991,11.659662792404246,0.0007605981168351821,g,bn
661427779128,2459242.489608,11.626467507527106,0.0014885825201349531,g,bn
661427779128,2459494.4946459,11.659615039800048,0.0007963371701811895,g,bn
661427779128,2459548.5868371,11.64788727782386,0.001079183349140319,g,bn
661427779128,2459563.2959558,11.653310149167169,0.0016482905920407918,g,bn
661427779128,2459667.2957687,11.684134179313244,0.0007858693922826335,g,bn
661427779128,2459670.3514418,11.613611216119054,0.0012784343026676101,g,bn
661427779128,2459710.2699042,11.66722256674355,0.0015656047013080973,g,bn
661427779128,2459830.5757526,11.698896743246216,0.002170058933012465,g,bn
661427779128,2459832.5688932,11.731200800892328,0.0031704599787306166,g,bn
661427779128,2459833.5624675,11.657754744641222,0.0037860727416728084,g,bn
661427779128,2459837.5634864,11.723193673896786,0.001749190899195209,g,bn
661427779128,2459838.6377048,11.653593076236612,0.0012188837014179429,g,bn
661427779128,2459850.554262,11.652804927378552,0.0010437009843249248,g,bn
661427779128,2459882.4449602,11.725570437722803,0.0012740442433024062,g,bn
661427779128,2459909.3874986,11.6779952042062,0.0004733940905755034,g,bn
661427779128,2459916.5652054,11.637423362146176,0.0021182323251830735,g,bk
661427779128,2459908.7847837,11.668435129657873,0.0009422999273546917,g,bG
661427779128,2459862.755448,11.69057668191716,0.0017663023977928705,g,bG
661427779128,2457460.6726102,11.110421104216957,0.001471177232087963,V,bf
661427779128,2457095.5665605,11.034595378380905,0.0008630121881475007,V,bf
661427779128,2457412.5750386,11.120867566600598,0.001933452431720293,V,bg
661427779128,2458068.7959046,11.032770823660229,0.0007776607153006751,V,bg
661427779128,2457710.7854421,11.085322393866972,0.0010463447326709047,V,bf
661427779128,2458344.9165066,11.108913318043736,0.001172876871153826,V,bf
661427779128,2457797.5852003,11.059290453356699,0.000743519296426279,V,bf
661427779128,2459955.2985612,12.13167237449116,0.004511708690938898,g,bo
661427779128,2459935.5703604,11.731539684001039,0.0014410830230732852,g,bG
661427779128,2459960.7256349,11.680947994928468,0.0006389914404739782,g,bk
661427779128,2459953.753033,11.721297039095466,0.001952870856646577,g,bk
661427779128,2457840.5461927,11.062775402840646,0.0010563923239723992,V,bg
661427779128,2457790.7181428,11.064662777542813,0.0012282985796922957,V,bg
661427779128,2457387.7088431,11.046259661906374,0.001018941611189586,V,bg
661427779128,2457374.8366088,11.1132966195631,0.0016605229152877963,V,bg
661427779128,2457118.6020391,11.062015229411468,0.0011749499753989545,V,bf
661427779128,2457652.8781557,11.080605382445743,0.0014503610060562066,V,bg
661427779128,2457334.815626,11.10031519620405,0.0011082496502031233,V,bf
661427779128,2456858.9469976,11.056366898001295,0.0019241071169806678,V,be
661427779128,2459964.6031333,11.724347358462406,0.0013445919764052182,g,bG
661427779128,2457763.6220842,11.046068297203844,0.0009879709312542457,V,bf
661427779128,2458328.9393173,11.07526918774651,0.0010009067975983717,V,bf
661427779128,2457378.575909,11.045453060561028,0.0011272538310440558,V,bf
661427779128,2456881.911708,11.044870508406653,0.0011096644677145088,V,bf
661427779128,2457371.8013928,11.026956067365175,0.0008178627920581758,V,bg
661427779128,2457786.75014,11.030106289060997,0.0008085283564715023,V,bg
661427779128,2457730.7564024,11.032635403600162,0.0006387625054892737,V,bg
661427779128,2457704.6524349,11.080854087662315,0.001470617246848001,V,bg
661427779128,2457765.7692658,11.078755207135888,0.0018053209028079862,V,bf
661427779128,2457621.9084595,11.084145383270487,0.0014520220853855544,V,bg
661427779128,2457136.5487939,11.074112875781273,0.001021930968154711,V,bf
661427779128,2457823.5402777,11.023427416795503,0.001130939267103947,V,bg
661427779128,2457833.5930013,11.029412397845418,0.0008695536156091766,V,bf
661427779128,2458009.8548042,11.029478408433471,0.0010108384200699756,V,bf
661427779128,2459879.7178045,11.654715971641627,0.0012225390662697654,g,bG
661427779128,2457896.4636324,10.96694113227316,0.0014361666933739423,V,bf
661427779128,2459831.8167681,11.666175922428796,0.002083199212952425,g,bG
661427779128,2459959.747053,11.722314306951159,0.001416289605811328,g,bG
661427779128,2457747.600757,11.08341811664535,0.0013104147702924982,V,bg
661427779128,2458102.6648402,11.04561625840117,0.0007544982412671052,V,bg
661427779128,2457718.7411154,11.045671677644634,0.0006104176525702126,V,bf
661427779128,2459923.7639547,11.755021639562004,0.0023509243183786953,g,bk
661427779128,2457767.6174266,11.06010550960048,0.0011776520544230322,V,bg
661427779128,2458010.8580029,11.021711750649487,0.0009286597536926873,V,bg
661427779128,2459857.4792215,12.107732491790344,0.005038186663529732,g,bo
661427779128,2459930.7694347,11.721966106187978,0.0013043505843921682,g,bk
661427779128,2459933.7554972,11.7642740680919,0.001623994736057092,g,bk
661427779128,2459952.6603117,11.737049945324301,0.0019669580363359134,g,bk
661427779128,2459933.7579679,11.778026422758938,0.0018752564534800845,g,bk
661427779128,2459919.6877077,11.698241630327168,0.0013266827868499008,g,bk
661427779128,2459900.6372799,11.67270791841862,0.0006673595108260116,g,bk
661427779128,2459926.7912787,11.725643751592996,0.001355016727256401,g,bk
661427779128,2459932.789851,11.707025833173748,0.0010431682541828166,g,bk
661427779128,2459931.713161,11.723655678965413,0.0010886286733292863,g,bk
661427779128,2459914.6073946,11.701539562934231,0.0011727707398941,g,bG
661427779128,2459178.5836896,11.698533482655456,0.0015828408984680943,g,bG
661427779128,2459953.7542732,11.689976121284474,0.002527390726712931,g,bk
661427779128,2459940.5912049,11.7338764363915,0.0013222143792875154,g,bk
661427779128,2459885.7018526,11.724641592435132,0.0014418006376836082,g,bG
661427779128,2459899.6032439,11.720739846356906,0.001270309408290429,g,bk
661427779128,2459914.6520866,11.704922461675629,0.0011333596629038325,g,bk
661427779128,2459713.4695559,11.66218839600307,0.0017627202989631081,g,bG
661427779128,2459937.6818948,11.731666012476191,0.0013464265965907997,g,bG
661427779128,2459865.7679311,11.708572507347201,0.0012734028707116235,g,bk
661427779128,2459878.7510675,11.73334257608002,0.0014417431021492891,g,bG
661427779128,2459929.6979659,11.681766236343057,0.0006423412710143208,g,bk
661427779128,2459927.6781876,11.66876756477813,0.0008724835771046235,g,bk
661427779128,2459923.7627142,11.741103624133649,0.0015244798676540172,g,bk
661427779128,2459914.6086944,11.699283540131738,0.0015005949829398689,g,bG
661427779128,2459925.7832181,11.697464510974838,0.0024069292295719447,g,bk
661427779128,2459830.8164202,11.746466211609308,0.0025162313520017804,g,bG
661427779128,2459852.7457059,11.682109170839919,0.0009546928716701754,g,bG
661427779128,2459944.3579651,12.084828923561151,0.004295344637811315,g,bo
661427779128,2459904.4450065,12.148526361321391,0.0046675589793280904,g,bo
661427779128,2459864.7769578,11.683870166859325,0.0015555715910251823,g,bG
661427779128,2459875.7565646,11.753948514382602,0.0016676576927323937,g,bG
661427779128,2457413.7778563,11.102568401569904,0.0015110921858891876,V,bf
661427779128,2457445.6851711,11.020574509903,0.001835430665071724,V,bg
661427779128,2457874.4988648,11.056004934463616,0.0010118973096307257,V,bg
661427779128,2458207.5036289,11.072164148361455,0.0016097577268695538,V,bg
661427779128,2457096.595781,11.071487594445891,0.0008983516667511719,V,be
661427779128,2457026.6596216,11.064577958906757,0.001334653533065857,V,be
661427779128,2457853.5637254,11.009147740621486,0.0013714791191820634,V,bg
661427779128,2459960.7268637,11.672989434685423,0.0010370498851961275,g,bk
661427779128,2458048.8111373,11.030097391078225,0.0009291008432621835,V,bf
661427779128,2459961.7787461,11.73316122299411,0.0015810820310112736,g,bG
661427779128,2456933.8606713,11.072881566637768,0.0007705880875331372,V,bf
661427779128,2459926.7925194,11.724547381887922,0.001548171641864202,g,bk
661427779128,2457604.9141993,11.077228592134109,0.0012699451743420677,V,bg
661427779128,2459957.8202294,11.751491892524172,0.0016967985558852222,g,bk
661427779128,2457778.7617042,11.032403326353538,0.000761269034745801,V,bg
661427779128,2458047.6990771,11.054543624164337,0.0009622505722369912,V,bg
661427779128,2459960.7243946,11.6727263332102,0.0007830899887554552,g,bk
661427779128,2459947.5888716,12.210112559686534,0.00518162499986026,g,bo
661427779128,2458196.5947237,11.036388488747168,0.0006846853364994859,V,bg
661427779128,2459693.5242771,11.716249335178874,0.001278804233077526,g,bG
661427779128,2457725.5982208,11.033996059662972,0.0006308650710775967,V,bg
661427779128,2457292.8799572,11.031282379200864,0.0009974635151234828,V,bf
661427779128,2459982.5717064,11.66781031088039,0.002374401999537251,g,bG
661427779128,2459982.5704192,11.703761555247551,0.0015449635599992084,g,bG
661427779128,2459827.8452269,11.710454954303266,0.0009912239963700633,g,bk
661427779128,2459886.7046068,11.676024018194227,0.0009369695164529497,g,bk
661427779128,2459880.76617,11.746964115410899,0.0015032677614756475,g,bk
661427779128,2459984.7480088,11.680276367925028,0.0014261874270594414,g,bk
661427779128,2459844.7712288,11.739033512125982,0.0013808512358788562,g,bk
661427779128,2458560.6328825,11.703991811783546,0.0015844566528260638,g,bk
661427779128,2459877.7552232,11.689649794727492,0.0007051885838884602,g,bk
661427779128,2459906.8498274,11.699353070882816,0.0009849272727216801,g,bk
661427779128,2459943.6489504,11.681689162306903,0.0007927284902264533,g,bk
661427779128,2459928.7742351,11.767422520838553,0.0017636660138452837,g,bk
661427779128,2459929.6967139,11.685789927715277,0.000602814680512817,g,bk
661427779128,2459966.6313365,11.77144800656871,0.0017312660907126962,g,bk
661427779128,2459972.674539,11.692809624459674,0.0007233983173131852,g,bk
661427779128,2459975.5856021,11.749843173595558,0.0017752541959987088,g,bk
661427779128,2459985.442362,11.796480969436193,0.0021154183208512084,g,bo
661427779128,2459884.6932152,11.649214977201222,0.0014681614562235294,g,bG
661427779128,2459874.6826164,11.646767396974786,0.0012141521567483353,g,bG
661427779128,2459973.7722748,11.724202704815074,0.0013426665910555395,g,bG
661427779128,2459869.6977597,11.641699679675641,0.0013281605437425144,g,bG
661427779128,2459873.6872801,11.706083878020241,0.0010621094767886605,g,bG
661427779128,2459987.4794751,11.865697757225075,0.0025851866152143076,g,bo
661427779128,2459987.5638581,11.743491556401377,0.0013810602871719858,g,bk
661427779128,2459896.7849693,11.676448313016914,0.0011976856631253055,g,bG
661427779128,2459885.7044489,11.744334537054142,0.0017446653414278277,g,bG
661427779128,2459899.6528224,11.797919313900058,0.0022098999807827033,g,bG
661427779128,2459968.7848885,11.69017866442001,0.0015840790194952496,g,bG
661427779128,2459969.7821123,11.702183243416506,0.0010615850435374745,g,bG
661427779128,2459972.7713135,11.663376657973473,0.001140573216042024,g,bG
661427779128,2459978.5915272,11.738054519284404,0.0020982939968764614,g,bG
661427779128,2459881.73705,11.687287376556357,0.0006821697150756126,g,bG
661427779128,2459855.7570074,11.66276426974366,0.0011522376204020288,g,bG
661427779128,2459871.7432286,11.697325488610852,0.000987377762246655,g,bG
661427779128,2459847.8110831,11.730290147040481,0.0014704013524452476,g,bG
661427779128,2459671.5133693,11.689433388422641,0.0007189652123018181,g,bG
661427779128,2459868.6884845,11.739979076901319,0.001619090864175237,g,bG
661427779128,2459854.7418069,11.724505467667969,0.0014044335216712278,g,bG
661427779128,2459885.7031508,11.734109751677686,0.0014191044204156472,g,bG
661427779128,2459967.788682,11.674900538456239,0.001025855246130841,g,bG
661427779128,2459934.6366972,11.667298250052767,0.001488681468894129,g,bG
661427779128,2459920.583169,11.66546219159905,0.0023990834690614518,g,bG
661427779128,2459949.7718997,11.696624922758163,0.0018767267992552078,g,bG
661427779128,2459968.7823034,11.689341390997088,0.0009309617206470957,g,bG
661427779128,2459970.7675435,11.692560439431176,0.001045280459554367,g,bG
661427779128,2459988.486085,11.6594676583846,0.0009968377435981093,g,bn
661427779128,2459858.4994658,11.724341035956336,0.0025298901806505678,g,bn
661427779128,2459988.6003458,11.663878297195431,0.0009382579291959819,g,bk
661427779128,2459989.7229797,11.70013276669555,0.0013233153076423977,g,bG
661427779128,2459989.7250894,11.697631907775856,0.0009215343714465504,g,bk
661427779128,2459940.3531967,11.696354628524606,0.0010808770814253576,g,bn
661427779128,2459923.3535461,11.689674271613118,0.0017608258576201359,g,bn
661427779128,2459990.7223332,11.723717811160574,0.0014187935999148938,g,bG
661427779128,2459991.2921986,11.706773829770485,0.0009784361179683825,g,bn
661427779128,2459991.538267,11.67092530696818,0.0008145576985366855,g,bk
661427779128,2459991.5648171,11.676503179378335,0.0007843294426585762,g,bG
661427779128,2459942.3310086,11.742553177907988,0.0014859505029058615,g,bn
661427779128,2458182.2786992,11.666539725097527,0.0005778677701842296,g,bn
661427779128,2459958.5298548,11.692739362644431,0.0010803409042241098,g,bn
661427779128,2456885.8932925,11.041295573620893,0.0008246212734305563,V,be
661427779128,2456933.8973458,11.05059519864188,0.001111539179113442,V,be
661427779128,2456789.4830497,11.077672995235389,0.001244524246059933,V,be
661427779128,2456912.8945623,11.026078129029449,0.0009964186934212577,V,be
661427779128,2456894.8762517,11.042595241126152,0.0008203478446306528,V,be
661427779128,2456937.7740129,11.032620936564456,0.0013401817317563423,V,be
661427779128,2456950.7672363,11.039816784274883,0.0008628367289393485,V,be
661427779128,2456971.7236509,11.055243664941177,0.0010989672399194436,V,be
661427779128,2456952.8364596,11.07232396747261,0.0010356615986747756,V,be
661427779128,2456970.767108,10.99478291325096,0.0015835029259001938,V,be
661427779128,2456992.6899351,11.039635093593587,0.0009247025598207666,V,be
661427779128,2456980.7089331,11.039553975351522,0.0008375181759425769,V,be
661427779128,2456999.683149,11.011154891336174,0.0014246849634623072,V,be
661427779128,2457002.6871299,11.079376569149073,0.001104133970650966,V,be
661427779128,2457004.6822145,11.040283461037205,0.0008121635453999005,V,be
661427779128,2457072.6351047,11.097106585167138,0.0011966984850690688,V,be
661427779128,2457088.609326,11.04989035799115,0.001158558848432735,V,be
661427779128,2457085.5633512,10.988448975953865,0.0016849804032761733,V,be
661427779128,2457086.6563411,11.065060209359851,0.001416191279884132,V,be
661427779128,2457092.6363029,11.00954068151378,0.0011930189156727973,V,be
661427779128,2457113.5755269,11.070776195673321,0.0011668337610431943,V,be
661427779128,2457114.574077,11.004084756206044,0.0014980145849493123,V,be
661427779128,2457117.5721473,11.094578932159733,0.0018807362469764662,V,be
661427779128,2457101.5796158,11.095079045318247,0.0013386959990276128,V,be
661427779128,2457118.5670811,11.026258979970686,0.0013737437783556729,V,be
661427779128,2457116.5663968,10.9995332290517,0.001817054123802162,V,be
661427779128,2457133.4912325,10.991653172213546,0.0012469862373965873,V,be
661427779128,2457119.5102137,11.040286040398755,0.0008706419949102445,V,be
661427779128,2457110.578305,11.116310337624725,0.00165898103989138,V,be
661427779128,2459936.2967534,12.084321114683274,0.0042012494593390085,g,bo
661427779128,2459936.2955128,12.079393888189301,0.004166684836746717,g,bo
661427779128,2459977.49084,11.7406366452532,0.001548917776743613,g,bo
661427779128,2459993.7045038,11.684335119010093,0.0009010524121611732,g,bG
661427779128,2459994.7139173,11.704544748733593,0.0011289698058403552,g,bG
661427779128,2456778.4529561,11.173041248839988,0.0024292631344440714,V,be
661427779128,2456874.9140879,11.016054909495077,0.0010093502801728298,V,be
661427779128,2456910.909262,10.990683195745705,0.0016845658516712698,V,be
661427779128,2456776.4819614,11.085208014601404,0.0011364102701199293,V,be
661427779128,2456792.4700557,10.990333217623613,0.0015511610081751913,V,be
661427779128,2456881.8921469,11.01760413386877,0.0013501160504367795,V,be
661427779128,2456904.8510319,11.062889981528084,0.0007767836470638419,V,be
661427779128,2456863.9269595,11.070519395959353,0.0008759068290736193,V,be
661427779128,2456930.8775696,11.057058238804462,0.000787496898909643,V,be
661427779128,2456907.8666267,11.030934354157203,0.000999000533340502,V,be
661427779128,2456936.8664066,11.023425443998558,0.0011005232160521438,V,be
661427779128,2456918.8335882,11.060084798686457,0.0008588109801966321,V,be
661427779128,2456931.8152767,11.044938113864148,0.0007625872176102208,V,be
661427779128,2456974.8110224,11.025042886517976,0.0009545959936388467,V,be
661427779128,2456938.7912254,11.058238304266304,0.0015611668054138755,V,be
661427779128,2456984.7114765,11.015738943391558,0.0010235065269077587,V,be
661427779128,2456966.7449739,11.05472746375446,0.0012195894305922221,V,be
661427779128,2456932.8036894,10.991443633339504,0.0012319761829540767,V,be
661427779128,2457005.853165,11.075337607025936,0.0013216304862537004,V,be
661427779128,2456940.7803708,11.039970551042767,0.001215423875575845,V,be
661427779128,2456988.6972696,11.067086304189475,0.0010076968207140841,V,be
661427779128,2457007.8236363,11.074229934489225,0.0008760752383111369,V,be
661427779128,2457006.8468351,10.987612446880174,0.0012232639555321643,V,be
661427779128,2457010.6812694,11.049928894646616,0.0009241684961572367,V,be
661427779128,2457034.7546952,11.058212280958777,0.00078883405678018,V,be
661427779128,2457016.6631533,11.04155211579991,0.0007434015997988359,V,be
661427779128,2457022.6573776,11.06522819198371,0.0011155218414469782,V,be
661427779128,2457019.6666345,11.077591308929883,0.0009945262439874391,V,be
661427779128,2457031.6566292,11.054074679151828,0.0007019854051842651,V,be
661427779128,2457033.6490066,11.05870966591647,0.0008373214451396046,V,be
661427779128,2457035.8079754,11.007327732981194,0.001228081997037313,V,be
661427779128,2457037.6433813,10.969802713363975,0.0013590148188943904,V,be
661427779128,2457043.6424058,11.045260562073587,0.0007745209033286742,V,be
661427779128,2457040.631107,11.036974247725023,0.0008175828362995781,V,be
661427779128,2457046.6391321,11.049033822851484,0.0007451498416037401,V,be
661427779128,2457050.6265553,11.060403983050254,0.0009576329178544025,V,be
661427779128,2457060.6103868,11.067335684954836,0.0009243608263115925,V,be
661427779128,2457063.6887595,11.052321903755937,0.0008515125577468511,V,be
661427779128,2457066.6423002,11.025734258285926,0.0009082049619661192,V,be
661427779128,2457069.6338831,11.06945516203708,0.0010425459708778785,V,be
661427779128,2457077.5843597,11.083858539060882,0.0010160865387616575,V,be
661427779128,2457124.5499029,11.07865752792478,0.0010880838353940412,V,be
661427779128,2457129.5282351,11.081247266207576,0.0010042354614702015,V,be
661427779128,2457137.5155515,11.097272093705817,0.0013090749580667925,V,be
661427779128,2457140.4889794,10.993535337292332,0.0012990881959724528,V,be
661427779128,2457145.4975073,11.00178993310568,0.001473341604427597,V,be
661427779128,2457158.457322,11.095958823937906,0.0014517054489587898,V,be
661427779128,2457153.4703577,11.092122630410106,0.0012682450207131997,V,be
661427779128,2457226.9434066,11.096498277041931,0.001466152708707633,V,be
661427779128,2457227.9287791,11.026475004642112,0.000952525353002018,V,be
661427779128,2457252.8706863,11.137717018504297,0.0015309632909773219,V,be
661427779128,2457229.925808,11.04497471195626,0.0008375757552519814,V,be
661427779128,2457268.8957274,11.246074032231046,0.002497316296217878,V,be
661427779128,2457265.8859749,11.063720888708328,0.001079031335318399,V,be
661427779128,2457248.8838178,11.102123510502553,0.001249823677118419,V,be
661427779128,2459996.7060605,11.705312073862025,0.0010302535278239905,g,bk
661427779128,2457361.8155349,11.043407458219281,0.0007072724751745893,V,bg
661427779128,2457354.6859205,11.038521741419371,0.0011031346310486864,V,bg
661427779128,2457278.8059448,11.073579896655106,0.0013594544666638616,V,bg
661427779128,2457341.8022541,11.130330089228483,0.0018504733681337163,V,bg
661427779128,2457337.8143747,11.028044250146332,0.0007532614851948339,V,bg
661427779128,2457363.5651551,11.034701030243593,0.0006356217764442807,V,bg
661427779128,2457349.7707749,11.02690908431103,0.0010110231881276734,V,bg
661427779128,2457276.8766774,11.150409759705283,0.0020682087579037976,V,bg
661427779128,2457422.5271292,11.118291259547878,0.0017703821670534768,V,bg
661427779128,2457425.740258,11.092633434681742,0.0014796792044855613,V,bg
661427779128,2457471.5720986,11.023234379763082,0.0015230699845648426,V,bg
661427779128,2457428.6820116,11.01713208601188,0.0009556090211641234,V,bg
661427779128,2457617.884931,11.04196553823849,0.0009735287695840653,V,bg
661427779128,2457433.5554879,11.05040304216322,0.0008377303523804462,V,bg
661427779128,2457426.6950641,11.049571135799088,0.0008808234298232718,V,bg
661427779128,2457667.7476056,11.057877720717237,0.0009413645425528904,V,bg
661427779128,2457429.5572529,11.142586203951751,0.001983903713403309,V,bg
661427779128,2457699.6672995,11.067241407353537,0.001110712164293486,V,bg
661427779128,2457721.6341496,11.06690089490569,0.0010604859873736834,V,bg
661427779128,2457729.596957,11.047660773123143,0.0008232671575295977,V,bg
661427779128,2457797.5572621,11.050095470612064,0.0009059044124497631,V,bg
661427779128,2457808.6836013,11.007738458717512,0.001122905722620184,V,bg
661427779128,2457803.6838087,11.044626145582505,0.0006793219040603745,V,bg
661427779128,2457681.7409229,11.083685776541337,0.001448923534591979,V,bg
661427779128,2457696.7086064,11.006254501589636,0.0011245072737526049,V,bg
661427779128,2457684.812173,11.043609020758877,0.0008162926044627947,V,bg
661427779128,2457816.6693448,11.026917849300267,0.0008372698102292378,V,bg
661427779128,2457818.6686201,11.029522581342388,0.0009059860163190636,V,bg
661427779128,2457700.7409985,11.054754426384825,0.0008968944803993727,V,bg
661427779128,2457830.6293379,11.031876588056765,0.000919553976843607,V,bg
661427779128,2457826.6367634,11.052827195945854,0.0014647911838282885,V,bg
661427779128,2457834.5585529,11.008837589525243,0.001123108995463332,V,bg
661427779128,2457837.6073567,11.017125285204589,0.001034041259757801,V,bg
661427779128,2457835.6170824,11.033475997441327,0.0006825389074310878,V,bg
661427779128,2457827.5851956,11.025864725319954,0.0010804166499943702,V,bg
661427779128,2458032.7416651,11.04417251116772,0.0015023241294242712,V,bg
661427779128,2457831.6050656,11.077325833302243,0.001313115538076398,V,bg
661427779128,2458039.7964543,11.015765950113146,0.0009752818652477993,V,bg
661427779128,2458034.7418703,11.050822326587223,0.0013057730218353296,V,bg
661427779128,2457846.5848677,11.01516828351076,0.001076096494493567,V,bg
661427779128,2458046.70227,10.999736991410922,0.0011423130564739079,V,bg
661427779128,2458053.6833977,11.021974474864479,0.000907224891830635,V,bg
661427779128,2458069.7428175,11.0256566718136,0.0008740190645911234,V,bg
661427779128,2458070.7630892,11.030082959420174,0.000768201057639178,V,bg
661427779128,2458083.5923562,11.036478972266274,0.0007359498037180956,V,bg
661427779128,2458084.6436719,11.045334654435667,0.0008663861328293724,V,bg
661427779128,2458087.5832662,11.017806426786299,0.001374916222301102,V,bg
661427779128,2458174.6129508,11.046374105268654,0.0009431718981716247,V,bg
661427779128,2458180.576937,11.037277761194646,0.0013094670827629997,V,bg
661427779128,2458045.7055695,11.021610920903084,0.000864065398829924,V,bg
661427779128,2458190.5845183,11.087622117540612,0.0014765346426530994,V,bg
661427779128,2458208.6032382,11.057981754279558,0.0014438375685422446,V,bg
661427779128,2458182.6144665,11.020822833591584,0.0010439674258652285,V,bg
661427779128,2458203.5971642,11.037945661327786,0.0009669260616268702,V,bg
661427779128,2458048.6959298,11.032072573533174,0.0007154310158101688,V,bg
661427779128,2458376.8706111,11.03939728068693,0.000931198293759567,V,bg
661427779128,2458339.9029984,11.100391862224697,0.001709830783618544,V,bg
661427779128,2458343.8939036,11.072143268699186,0.0013815129454642849,V,bg
661427779128,2458383.7831852,11.048843097107683,0.0013212229331842937,V,bg
661427779128,2458038.7435813,11.030406322551233,0.0011157365186926984,V,bg
661427779128,2457822.652054,11.049480994732761,0.0013229930575432594,V,bg
661427779128,2457844.5899663,11.037583544898645,0.0005672247300521343,V,bg
661427779128,2457687.6986706,11.052169393237858,0.0010716845544277726,V,bg
661427779128,2457703.7764618,11.086207983821478,0.001528287139236426,V,bg
661427779128,2457671.7471735,11.066562282363401,0.001454713750395347,V,bg
661427779128,2457690.6963832,11.081155822892176,0.0013286461813820376,V,bg
661427779128,2457709.7585883,11.06538545765826,0.0013070303186557511,V,bg
661427779128,2457590.9333029,11.080709951777322,0.004887406982645072,V,bg
661427779128,2457485.5678963,11.061127235075691,0.0010429260618445828,V,bg
661427779128,2457591.9295049,11.0274465625989,0.0011973635111522036,V,bg
661427779128,2457606.9110904,11.060849279862499,0.0009863866278949896,V,bg
661427779128,2457608.907946,11.041873945073647,0.0006234551018575009,V,bg
661427779128,2457616.8809047,11.091486602651738,0.0015445183809054102,V,bg
661427779128,2457610.9005918,10.941377883818928,0.0016846426379904438,V,bg
661427779128,2457618.8778384,11.073074216169339,0.0018510273858353052,V,bg
661427779128,2457626.8505882,11.092258050107898,0.0014293572425919524,V,bg
661427779128,2457625.872135,11.070918948966348,0.0012602148141299557,V,bg
661427779128,2457630.8441007,11.071350813942,0.0011729746830771803,V,bg
661427779128,2457634.8257497,11.030933820029862,0.0007205734141255604,V,bg
661427779128,2457637.8309406,11.065593150532088,0.0010951148108407898,V,bg
661427779128,2457282.892102,11.019441840424172,0.0009305456009562371,V,bg
661427779128,2457277.808611,11.029194590755612,0.0008532892328850631,V,bg
661427779128,2457318.8134765,10.999056871908937,0.0012559002500094995,V,bg
661427779128,2457302.7749448,11.103315546504707,0.001571499991348158,V,bg
661427779128,2457295.8260114,11.055329878911344,0.0022147173734858223,V,bg
661427779128,2457331.7641329,11.156350514366668,0.0021058336168101213,V,bg
661427779128,2457327.8240723,11.0926627538673,0.0017023924567189088,V,bg
661427779128,2457322.8357614,11.096532064949415,0.002513552976511427,V,bg
661427779128,2457334.7640866,11.112098329024233,0.0018771552384633323,V,bg
661427779128,2457346.6911536,11.074859088774243,0.0012335542674104482,V,bg
661427779128,2457372.5446588,11.094679384566387,0.0014831220886825775,V,bg
661427779128,2457365.7566195,11.092337752555343,0.0014355596645871413,V,bg
661427779128,2457373.5267083,11.024481807394533,0.0014136032804775377,V,bg
661427779128,2457378.8042073,10.994480912690692,0.0012574276079053905,V,bg
661427779128,2457375.6103352,11.027575186527939,0.000870799450395349,V,bg
661427779128,2457376.7917775,11.048554072154054,0.0007844165800259573,V,bg
661427779128,2457380.5293354,11.019320093021044,0.001358768630449059,V,bg
661427779128,2457383.809667,11.031543274446474,0.001085149134319179,V,bg
661427779128,2457385.7761174,11.02319558216735,0.0009573967601590585,V,bg
661427779128,2457389.6407093,11.077980401622352,0.0012406934492407776,V,bg
661427779128,2457394.5820694,11.052391123123721,0.0008399602344045428,V,bg
661427779128,2457398.8150169,11.140312520306557,0.0019531778126334063,V,bg
661427779128,2457397.5353765,11.04627177160161,0.0008546127791923203,V,bg
661427779128,2457396.7198749,11.141736656568977,0.001971381783525613,V,bg
661427779128,2457399.6700998,11.046334870725898,0.0007281873947774752,V,bg
661427779128,2457404.7982718,11.027964136163739,0.0008981779934095121,V,bg
661427779128,2457407.6764481,11.059069948967334,0.0010531550669393326,V,bg
661427779128,2457405.6690025,11.096491870338392,0.0015737162598458935,V,bg
661427779128,2457416.7640729,11.036053515876743,0.0007704335042865535,V,bg
661427779128,2457406.7913868,11.08415457304332,0.0015692544699717806,V,bg
661427779128,2457419.6636934,11.073850308415025,0.0011453370317686838,V,bg
661427779128,2457418.7293978,11.078856121754836,0.0013526648951067922,V,bg
661427779128,2457421.610253,11.02398846079933,0.0009193072531396628,V,bg
661427779128,2457415.6850884,11.123358196873328,0.001882276479667152,V,bg
661427779128,2457439.7003922,11.10716463109273,0.0018794764313163697,V,bg
661427779128,2457437.5922319,11.076499653330508,0.001301268769009644,V,bg
661427779128,2457442.6901614,11.073464882912083,0.0015908597000117983,V,bg
661427779128,2457447.6796369,11.04299922025562,0.0007686244528609392,V,bg
661427779128,2457440.5385864,11.025539240805692,0.0009896302112431114,V,bg
661427779128,2457444.643268,11.094337639315079,0.0015686268370096797,V,bg
661427779128,2457446.6844032,11.111575505428512,0.0020893188673885427,V,bg
661427779128,2457448.6303761,11.105251915894836,0.0016324774718295615,V,bg
661427779128,2457458.6507935,11.111068750823936,0.0017601490092313266,V,bg
661427779128,2457466.6268825,11.04482310783663,0.004750721026281015,V,bg
661427779128,2457460.5765103,11.107849343053191,0.0016223012271948875,V,bg
661427779128,2457470.6161614,11.13682329257804,0.0022563421809989525,V,bg
661427779128,2457477.5754504,11.116540784664803,0.0017001113594242337,V,bg
661427779128,2457711.7105761,11.060661739277224,0.001148675526189264,V,bg
661427779128,2457640.8137001,11.10865718256395,0.001643626574413262,V,bg
661427779128,2457648.8724902,11.035381552877014,0.0009980432967481502,V,bg
661427779128,2457654.803302,11.097140378490568,0.001650368840249349,V,bg
661427779128,2457655.8078327,11.052543067373657,0.000974873458569947,V,bg
661427779128,2457660.793958,11.034053231556323,0.0006427609858595941,V,bg
661427779128,2457658.7671347,11.027351689820371,0.0008622179548064964,V,bg
661427779128,2457663.7535915,11.035088963565649,0.0005584183836203323,V,bg
661427779128,2457714.7582158,11.057121803920179,0.0008926860897542483,V,bg
661427779128,2457737.7938589,10.9976698131492,0.001763537257747477,V,bg
661427779128,2457718.7271671,11.055058112866881,0.0009033063130222369,V,bg
661427779128,2457740.8189691,11.076682821126735,0.0013204186996699473,V,bg
661427779128,2457742.7126451,11.01310887038169,0.0010507776702790472,V,bg
661427779128,2457751.5505521,11.022158106766351,0.0009051541190141255,V,bg
661427779128,2457745.7451764,10.80632949866919,0.002283038569049431,V,bg
661427779128,2457754.6294217,11.043569248976349,0.0007572245678252162,V,bg
661427779128,2457757.5551809,11.060121291204801,0.000974659549905372,V,bg
661427779128,2457756.7992891,11.038125736590953,0.00052464886140334,V,bg
661427779128,2457759.6704142,11.0666607908252,0.00111893547801243,V,bg
661427779128,2457761.6577792,11.022639277684442,0.0010373772927751478,V,bg
661427779128,2457763.7653908,11.024529843401398,0.001160116272487905,V,bg
661427779128,2457765.693846,11.044274605257698,0.0012902104157287249,V,bg
661427779128,2457772.752006,11.054718398963164,0.0009673340753881389,V,bg
661427779128,2457770.7187276,11.033798244721995,0.0008168894105413872,V,bg
661427779128,2457775.6497243,11.010424058583187,0.0010764732799417973,V,bg
661427779128,2457782.73857,11.024105069100038,0.0008572749393845677,V,bg
661427779128,2457773.68405,11.043875748872171,0.0007624891122773805,V,bg
661427779128,2457789.7011801,11.007879591998842,0.001688838127081779,V,bg
661427779128,2457780.5949383,10.994283862296959,0.0012516464358176232,V,bg
661427779128,2457801.7107081,11.057480325370836,0.0010402245576073758,V,bg
661427779128,2457784.6365691,11.044880385598466,0.0006736206049977072,V,bg
661427779128,2457795.6218509,11.068757544378148,0.0016376503760751064,V,bg
661427779128,2457800.7114815,11.067153375550475,0.0012114708279516691,V,bg
661427779128,2457806.6951188,11.030760393551123,0.0008684915072615302,V,bg
661427779128,2457802.7060033,11.05450417486468,0.001106683998808669,V,bg
661427779128,2457848.5712096,11.040770313414871,0.0008846929435564975,V,bg
661427779128,2457851.5692825,11.005664293451108,0.001348948963555864,V,bg
661427779128,2457855.5550329,11.05299254457304,0.0011817398968589081,V,bg
661427779128,2457863.5331499,11.010919181171921,0.0010770470601699984,V,bg
661427779128,2457857.5496116,11.059170871645145,0.0011916826316872816,V,bg
661427779128,2457865.5003637,11.005487871089588,0.0011138616680669282,V,bg
661427779128,2457870.4978542,11.008829285012776,0.001076362574684521,V,bg
661427779128,2457882.4757067,11.012395591294467,0.0013645619006972388,V,bg
661427779128,2457953.9398098,11.044711926519861,0.000976184637738913,V,bg
661427779128,2457867.5259847,11.025677744257576,0.000820046048730659,V,bg
661427779128,2457890.4539628,11.030747465489188,0.001172219347360916,V,bg
661427779128,2457952.9471345,10.989704624274674,0.0026992316397665564,V,bg
661427779128,2457957.9336348,11.04663976506846,0.0010031627414987423,V,bg
661427779128,2457960.9189861,11.027960630906609,0.0008017720790368717,V,bg
661427779128,2457969.9300401,11.036910309400747,0.0007217288000331617,V,bg
661427779128,2457974.8962519,11.014842001943785,0.0012968155981226714,V,bg
661427779128,2457999.8341702,11.062252519790498,0.001328074939230619,V,bg
661427779128,2457980.883626,11.07657703571938,0.0013461173439731117,V,bg
661427779128,2457972.9060919,11.010557406451953,0.0020927634412487035,V,bg
661427779128,2457983.9126716,11.012574720949484,0.0010794369045015314,V,bg
661427779128,2458007.8072216,11.019303565675294,0.0010984630575442272,V,bg
661427779128,2458001.8489468,11.024643223975827,0.001127906481491991,V,bg
661427779128,2458014.8054038,11.020875092524093,0.0009600673177216353,V,bg
661427779128,2458012.7926477,10.99613965081158,0.001196646565893146,V,bg
661427779128,2458016.7997517,11.065970600977607,0.001101260328931082,V,bg
661427779128,2458018.7953478,11.072717452164621,0.0013146517896182887,V,bg
661427779128,2458052.6865254,11.054412360644365,0.0009841927521756467,V,bg
661427779128,2458022.7673414,11.028553324604498,0.0009147252355485295,V,bg
661427779128,2458028.7499531,11.036578441857067,0.0008332235449446351,V,bg
661427779128,2458056.6744341,11.043016695170444,0.0009905266055326696,V,bg
661427779128,2458067.8046604,11.007967082429735,0.0010906077896561577,V,bg
661427779128,2458072.6352712,11.023809373639534,0.0009457790248231301,V,bg
661427779128,2458071.6346477,11.007561843687906,0.0011490793449501424,V,bg
661427779128,2458074.6706635,11.043096038288757,0.0008241078938989512,V,bg
661427779128,2458079.6002992,11.008516439154153,0.0011948902112998193,V,bg
661427779128,2458075.6868707,11.043496277017429,0.0007842181557508075,V,bg
661427779128,2458085.6949568,11.053008564030973,0.0012271985035070673,V,bg
661427779128,2458091.6127991,11.037527023738477,0.001643970192239281,V,bg
661427779128,2458096.5770622,11.03763457428304,0.000726283527805618,V,bg
661427779128,2458101.7027238,11.029632956147266,0.0009311918652487732,V,bg
661427779128,2458094.7671932,11.021393908295035,0.0010800909665841184,V,bg
661427779128,2458103.5303131,11.03364652723485,0.0009079539287003287,V,bg
661427779128,2458104.8517849,11.035621639523125,0.0007089316322256102,V,bg
661427779128,2458105.8328348,10.988915629791709,0.001429249186349218,V,bg
661427779128,2458108.7312452,11.031429082336434,0.0009538225761206303,V,bg
661427779128,2458111.7516361,11.058587363966407,0.0009657219916103018,V,bg
661427779128,2458119.7932383,11.043780446695386,0.002730649579285082,V,bg
661427779128,2458117.7384237,11.007351673363356,0.001251033121381829,V,bg
661427779128,2458165.7111556,11.02361247206981,0.0009577935930883922,V,bg
661427779128,2458172.5137636,11.040835524349566,0.0009193054870375644,V,bg
661427779128,2458175.5813196,11.041186275639049,0.0009100531872480096,V,bg
661427779128,2458176.6532194,11.09409857875583,0.0018806424292563126,V,bg
661427779128,2458179.6247547,11.045607739673537,0.0017575593577742116,V,bg
661427779128,2458178.5900748,11.059062977411928,0.0016918157526991293,V,bg
661427779128,2458192.6094761,11.040018923371402,0.0006805685518058692,V,bg
661427779128,2458198.6147259,11.034341612332394,0.0007292249851074264,V,bg
661427779128,2458238.4617503,11.093715734021714,0.0018621562652983894,V,bg
661427779128,2458335.9340533,11.029426726987605,0.001714832851549929,V,bg
661427779128,2458323.9260801,11.067539009588895,0.0014397278462609494,V,bg
661427779128,2458358.8536568,11.095683395453737,0.0020016023174159714,V,bg
661427779128,2458360.8503132,11.072915100488094,0.001745300962471216,V,bg
661427779128,2458368.8260951,11.077594248078142,0.0015127604301041744,V,bg
661427779128,2458384.790397,11.084875715954439,0.0019119087877442298,V,bg
661427779128,2459997.6775969,11.713734314196953,0.0012193023888342526,g,bG
661427779128,2456872.9442526,10.997802565184593,0.0020655980155365604,V,bf
661427779128,2456789.5165419,11.079148003386308,0.0012110626958210852,V,bf
661427779128,2456894.8852552,11.062305984536875,0.0006033141552084851,V,bf
661427779128,2456878.9156962,11.063693702412337,0.0007132057425955942,V,bf
661427779128,2456918.8366655,11.050572021420098,0.0007417305403881807,V,bf
661427779128,2457007.841823,11.082097187196698,0.000876154786012722,V,bf
661427779128,2456884.9207064,10.98693111067384,0.0014538537130145326,V,bf
661427779128,2456988.6767236,11.070094865065542,0.0007598030912802899,V,bf
661427779128,2457009.6898589,11.077454137864432,0.0008569965617704312,V,bf
661427779128,2457013.6892971,10.994352490340717,0.0012173646191480049,V,bf
661427779128,2457010.5573239,11.061460632791942,0.000416572226967042,V,bf
661427779128,2457016.6777078,11.052231952128684,0.000588922548803855,V,bf
661427779128,2457033.772242,11.065676231087611,0.0007199927362517339,V,bf
661427779128,2457034.6576303,11.062102828800546,0.0005932624858024544,V,bf
661427779128,2456885.8993341,11.043242146891314,0.0010513884630443079,V,bf
661427779128,2456979.7184904,11.061398957544695,0.0005309176661198301,V,bf
661427779128,2456912.8561224,11.036433511022047,0.001542715327309745,V,bf
661427779128,2457133.5509438,11.004390122788852,0.0012539086201545319,V,bf
661427779128,2457150.4838006,11.037118277287544,0.0008549693018833706,V,bf
661427779128,2457111.5821829,11.023434150382476,0.0011542872866631743,V,bf
661427779128,2457155.4903689,11.066125376337721,0.000750114983466127,V,bf
661427779128,2457158.4747014,11.11058720727128,0.0012834698220124386,V,bf
661427779128,2457234.936332,11.042634115359647,0.0015748825257293029,V,bf
661427779128,2457167.4618749,11.065822671564412,0.0009192199487307897,V,bf
661427779128,2457161.4767936,11.077126019837982,0.0009002243964495508,V,bf
661427779128,2457251.9096695,11.019455495097715,0.0010153036956434367,V,bf
661427779128,2457317.7485542,11.102209500788323,0.0012576752088753963,V,bf
661427779128,2457093.5975841,11.112074831045097,0.001420129289744475,V,bf
661427779128,2457331.7835531,11.136210165572777,0.0014483071716309896,V,bf
661427779128,2457319.7765335,11.13412814630388,0.0015393884148867157,V,bf
661427779128,2457354.7576125,11.005864454005405,0.0012383999710369755,V,bf
661427779128,2457350.7329418,11.126200310364965,0.002370943926505349,V,bf
661427779128,2457364.6083961,11.127811291351406,0.0014004306119152893,V,bf
661427779128,2457362.7588168,11.13103647415137,0.001407725668667495,V,bf
661427779128,2457367.6626359,11.13568848578992,0.00146547287919553,V,bf
661427779128,2457375.7991853,11.074000834212844,0.0007796385756388426,V,bf
661427779128,2457380.6665997,11.015239898012767,0.0015794760447225208,V,bf
661427779128,2457390.6013963,11.04305745047367,0.000668301746701859,V,bf
661427779128,2457398.5353385,11.12930109565953,0.0014561234392914072,V,bf
661427779128,2457419.7031859,11.053532296693703,0.0007135282334504726,V,bf
661427779128,2457420.6789153,11.146488445040799,0.0015812557874006978,V,bf
661427779128,2457371.7792336,11.0486400256199,0.0005678610699420692,V,bf
661427779128,2457422.7389625,11.108853173237547,0.0012066547874397405,V,bf
661427779128,2457357.8233586,11.095584448569603,0.0010459259194964946,V,bf
661427779128,2457426.7626238,11.03722226982663,0.0008130986170964488,V,bf
661427779128,2457424.7639532,11.081202084214167,0.0008510668116588346,V,bf
661427779128,2457428.6624261,11.032950464983195,0.0007976443034874563,V,bf
661427779128,2457427.7582132,11.135160607833809,0.0014736360352098756,V,bf
661427779128,2457447.5995563,11.031980066095642,0.0007992870799956969,V,bf
661427779128,2457451.6309855,11.10674551277545,0.0011718331492942171,V,bf
661427779128,2457448.7048622,11.110494824230573,0.001303416993081276,V,bf
661427779128,2457602.9255471,11.111986707602096,0.0012300311597604869,V,bf
661427779128,2457101.5640497,11.054041460345017,0.0006538932529139706,V,bf
661427779128,2457666.7667353,11.073450697585205,0.0007706933762500604,V,bf
661427779128,2457668.8549279,11.065110588580783,0.0006022090004666449,V,bf
661427779128,2457662.790963,11.080873697746014,0.0008502133716857225,V,bf
661427779128,2457671.7535785,11.075942731382558,0.0008086389473219702,V,bf
661427779128,2457686.8227801,11.07914581930375,0.0008137289884094664,V,bf
661427779128,2457767.6056384,11.029120334640588,0.0010155345152779945,V,bf
661427779128,2457749.6361631,11.06977148121632,0.0007549378752437461,V,bf
661427779128,2457691.7686801,11.05133310329512,0.0005001755213918884,V,bf
661427779128,2457773.7832003,11.059035453371095,0.0006596919735474287,V,bf
661427779128,2457774.7411901,11.035125950079559,0.0008453872713383408,V,bf
661427779128,2457689.7178334,11.047359811257817,0.000586495903777551,V,bf
661427779128,2457127.5325845,11.09200600481682,0.001149056172732512,V,bf
661427779128,2457775.6676501,11.016918070969574,0.0009882261810485178,V,bf
661427779128,2457782.756156,11.03601691583832,0.0008815753755520303,V,bf
661427779128,2457778.7578199,11.056342498268476,0.0005267953177607105,V,bf
661427779128,2457787.6310726,11.04042366632791,0.0007960838505044369,V,bf
661427779128,2457780.6857516,11.02903622055867,0.0008550702723739411,V,bf
661427779128,2457791.6130432,11.03147173535424,0.0010660101579627284,V,bf
661427779128,2457856.5400309,10.993902748333763,0.001376910170110906,V,bf
661427779128,2457802.7218868,11.036821288579372,0.0009174555749092152,V,bf
661427779128,2457799.6331075,10.99892741863301,0.0013154768341889684,V,bf
661427779128,2457858.4868727,11.026836346782368,0.0009034731236506457,V,bf
661427779128,2457803.7212507,11.032720485441846,0.0008700346677545843,V,bf
661427779128,2457872.5006523,11.032706656720993,0.0008095767382502178,V,bf
661427779128,2457867.5569766,11.030243512046365,0.0012513268716680557,V,bf
661427779128,2457889.4850123,10.998418105427392,0.001184250262060978,V,bf
661427779128,2457869.5143969,11.057895375348819,0.0006242736049626263,V,bf
661427779128,2457843.5312286,11.03625350142611,0.0007963332907234072,V,bf
661427779128,2457801.7266411,11.043706184054841,0.0007595160225695601,V,bf
661427779128,2457967.9253224,11.022937629279976,0.0009345368106639818,V,bf
661427779128,2458021.8262715,11.038102272584126,0.0007687967692610038,V,bf
661427779128,2457893.4643873,11.009927940074313,0.0011426444122746438,V,bf
661427779128,2458033.7749087,11.065349247168509,0.0011153899676850565,V,bf
661427779128,2457966.9338479,11.034497117194114,0.0009970888883216473,V,bf
661427779128,2458038.7620494,11.040457618114225,0.0008555361058746365,V,bf
661427779128,2458032.7629683,11.076136579428654,0.0015142024510295456,V,bf
661427779128,2458039.7742174,11.048304131218678,0.0006663116069097752,V,bf
661427779128,2458045.8189721,11.037792978530955,0.0007614145281408248,V,bf
661427779128,2458041.7787539,11.046361860145433,0.000662850365372547,V,bf
661427779128,2458044.8260994,11.05772243610047,0.0005277851726833859,V,bf
661427779128,2458046.8040837,11.02185925138768,0.0010031999367236546,V,bf
661427779128,2456904.8613784,11.047329403904522,0.0006640072084829454,V,bf
661427779128,2457784.5806962,11.060241556321039,0.00046044745104172687,V,bf
661427779128,2458047.8007888,11.06476842074793,0.0006756129540697877,V,bf
661427779128,2458082.7634736,11.014398145236681,0.0010241341713864195,V,bf
661427779128,2458094.7517229,11.026536094759681,0.0009684114421943407,V,bf
661427779128,2458119.7187526,11.032788747106244,0.0015484883263132568,V,bf
661427779128,2458178.7010368,11.060854970669155,0.0014395025952102269,V,bf
661427779128,2458180.5807737,11.069768623911703,0.0011106646915373095,V,bf
661427779128,2458079.639265,11.021282133327116,0.0009848653554442586,V,bf
661427779128,2458077.7483635,11.027553726334595,0.0009536404566090323,V,bf
661427779128,2458191.6343656,11.039053963279583,0.0008053136826638201,V,bf
661427779128,2458076.6484995,11.028433701037631,0.0008704400442903587,V,bf
661427779128,2458194.6193478,11.067982267720286,0.0007147903442169893,V,bf
661427779128,2458193.5812922,11.061662434264644,0.0005380468106355985,V,bf
661427779128,2458074.753993,11.021584352297358,0.0009395377691279456,V,bf
661427779128,2458196.602425,11.050479172014212,0.0006113538589784916,V,bf
661427779128,2458203.6283293,11.040066919540845,0.0011968741744040362,V,bf
661427779128,2458198.5836675,11.048165969095434,0.0006819773147100534,V,bf
661427779128,2458347.9059232,11.036756053517898,0.0007306439935009746,V,bf
661427779128,2458358.8836185,11.11542678419167,0.001858951907075682,V,bf
661427779128,2458384.8058319,11.11900815008945,0.0014700395856146152,V,bf
661427779128,2458199.5928653,11.055663984249087,0.0004503516469254208,V,bf
661427779128,2457964.9357556,11.031350011841752,0.0009846741384355396,V,bf
661427779128,2457436.7363055,11.087048479848416,0.0010862707959820494,V,bf
661427779128,2456906.8560316,11.054033656389883,0.0007181398554824793,V,bf
661427779128,2458233.5223033,11.085312113199636,0.0011662247703721096,V,bf
661427779128,2456909.907497,11.065559984600826,0.0009568904578022477,V,bf
661427779128,2459998.6888117,11.699988177821677,0.001028066964271747,g,bG
661427779128,2456910.8943384,11.028071181153114,0.001187236878420535,V,bf
661427779128,2456804.4575414,11.020910917327058,0.0009929226201944167,V,bf
661427779128,2456796.4706062,11.063469628938641,0.0007323861843066727,V,bf
661427779128,2456923.8328519,11.0552538357343,0.0005467601335824013,V,bf
661427779128,2456927.8253437,10.999353577030039,0.0012336005045822523,V,bf
661427779128,2456930.8569513,11.05224441514481,0.0006065449914588309,V,bf
661427779128,2456932.8661169,11.017780590884795,0.0010166386651144005,V,bf
661427779128,2456785.4530042,11.049471743105288,0.00178720654445155,V,bf
661427779128,2456784.5224572,11.062216034471318,0.0007665798803274757,V,bf
661427779128,2456791.5059089,11.06781237726694,0.0013860889856255568,V,bf
661427779128,2456795.4735182,11.071844621607301,0.0008101510413262464,V,bf
661427779128,2456939.7946223,11.010712660585614,0.0015931559638669073,V,bf
661427779128,2456931.8485867,11.065722088218264,0.0007694178752774162,V,bf
661427779128,2456938.7999647,11.070178248373225,0.001024950504262492,V,bf
661427779128,2456937.7855262,11.063742912301596,0.0010678431049452532,V,bf
661427779128,2456936.8142384,11.036878696510255,0.001089698620364898,V,bf
661427779128,2456952.7841767,11.047753790952566,0.0007499948265611427,V,bf
661427779128,2456966.7509221,11.076902392933157,0.0011494278142151464,V,bf
661427779128,2456970.7321132,11.017228626819463,0.0011698479139248272,V,bf
661427779128,2456976.7375173,11.067786986679181,0.0007359130064076376,V,bf
661427779128,2456983.76577,11.088079583847295,0.000949207979904574,V,bf
661427779128,2456991.6714015,11.05285953092924,0.0006120559022023276,V,bf
661427779128,2456993.7002154,11.063242220108496,0.0008662575812267286,V,bf
661427779128,2457002.7015631,11.085028776468334,0.0010254941921905012,V,bf
661427779128,2457005.6909469,11.0796522162139,0.0009163540680605471,V,bf
661427779128,2456999.6949295,11.012417363314109,0.0013002254383527147,V,bf
661427779128,2457004.6850855,11.028543191961122,0.0009751472032817166,V,bf
661427779128,2457006.6943826,11.013242472495266,0.0010378321747217365,V,bf
661427779128,2457019.6752334,11.079037904077513,0.000867968232396502,V,bf
661427779128,2457021.6644163,11.056633179221203,0.0004461745148207707,V,bf
661427779128,2457038.6522097,11.07966999000193,0.0008291354014318275,V,bf
661427779128,2457036.647769,11.070402567209019,0.0007496875713534848,V,bf
661427779128,2457043.6886691,11.070075711099676,0.0007543829511795921,V,bf
661427779128,2457040.6458207,11.03883395821671,0.0007671017214910812,V,bf
661427779128,2457046.6814764,11.052243191680603,0.0008047154832344997,V,bf
661427779128,2457052.637307,11.05236271768576,0.0007436530630426354,V,bf
661427779128,2457049.6326862,11.000329200294413,0.0011883829762894384,V,bf
661427779128,2457060.6190775,11.077784156373749,0.000981693840253867,V,bf
661427779128,2457064.7549683,11.007110734693004,0.0012626098838909498,V,bf
661427779128,2457740.7157478,11.04175900223457,0.0007715392972330907,V,bf
661427779128,2457071.5892734,11.036874189783685,0.0007762381063070059,V,bf
661427779128,2457068.5948961,11.010077371958392,0.0010843369937658593,V,bf
661427779128,2457076.5896231,11.073346883286073,0.0008568712139659918,V,bf
661427779128,2457079.5874613,11.073006935235544,0.0009804856294795081,V,bf
661427779128,2457139.5235006,11.12303862720578,0.0014860721096886225,V,bf
661427779128,2457115.5819555,11.09729852530492,0.0015304827725551523,V,bf
661427779128,2457121.5472558,11.012608031887378,0.0010213900043438383,V,bf
661427779128,2457145.5247148,11.007324772801958,0.0016509928876731578,V,bf
661427779128,2457166.4518469,11.042505979091521,0.0010177102044823577,V,bf
661427779128,2457229.9363455,11.054666563518875,0.0005605952372776373,V,bf
661427779128,2457247.9042431,11.09440447302665,0.001044243299270089,V,bf
661427779128,2457170.4570564,11.109269812101484,0.0014130956798615933,V,bf
661427779128,2457256.9045813,11.020189146930239,0.0010010316426073789,V,bf
661427779128,2457278.9022622,11.06009588432437,0.0006147007587136638,V,bf
661427779128,2457267.854841,11.081075941747349,0.001039969867798426,V,bf
661427779128,2457269.9019427,11.121565486443545,0.0014907016739297743,V,bf
661427779128,2457266.8562005,11.084360961317817,0.00153824355260622,V,bf
661427779128,2457282.876004,11.02639053620547,0.0009358131297740932,V,bf
661427779128,2457283.8191696,11.1147558583468,0.0013112724133447036,V,bf
661427779128,2457287.8692446,11.019623232158771,0.0009726890807444437,V,bf
661427779128,2457288.7988218,11.118046609836751,0.001320142351997453,V,bf
661427779128,2457295.8089058,11.136300728217472,0.0016943729913323994,V,bf
661427779128,2457305.84811,11.125164655239573,0.0013838687371391324,V,bf
661427779128,2457327.7510394,11.066918119713913,0.0006899824203005547,V,bf
661427779128,2457339.8269244,11.070203715042792,0.0006442521676730289,V,bf
661427779128,2457312.8295734,11.123643095554154,0.0013394396496976414,V,bf
661427779128,2457373.5620272,11.040886091545957,0.0007611638399743326,V,bf
661427779128,2457376.6331444,11.101126501783813,0.0011193095922489673,V,bf
661427779128,2457345.7675736,11.083289508994323,0.0008868719920482767,V,bf
661427779128,2457381.6110886,11.128213668310545,0.0016624400249086525,V,bf
661427779128,2457360.633603,11.124897100435135,0.0013885077664891627,V,bf
661427779128,2457387.7768267,11.07152775927307,0.0008383048160733789,V,bf
661427779128,2457384.7721712,11.142976226041359,0.001675534705422493,V,bf
661427779128,2457389.7696082,11.123386750497936,0.0013498447521888095,V,bf
661427779128,2457401.8028534,11.121453435625753,0.0013199850785738894,V,bf
661427779128,2457400.834209,11.06400079677908,0.000834642045834073,V,bf
661427779128,2457396.785118,11.13262390278286,0.0014243144965015368,V,bf
661427779128,2457403.7528152,11.136513613404631,0.0014442339357025307,V,bf
661427779128,2457407.8131643,11.038507366712363,0.0007966823683364691,V,bf
661427779128,2457404.5790376,11.022884799867212,0.001010080472390173,V,bf
661427779128,2457406.5854155,11.056385396552546,0.0005367190253988662,V,bf
661427779128,2457410.6950351,11.133219012333948,0.0018657004645760966,V,bf
661427779128,2457415.6695633,11.16895882818847,0.0018223928152894368,V,bf
661427779128,2457405.8059563,11.104162113915699,0.0011315693678283598,V,bf
661427779128,2457418.7410257,11.08315345113457,0.000883174075673586,V,bf
661427779128,2457461.6678139,11.09434419039385,0.000994099382018648,V,bf
661427779128,2457477.6230135,11.153573629435504,0.001634651467795834,V,bf
661427779128,2457471.5602853,11.05095983652972,0.0010561003248989501,V,bf
661427779128,2457485.5836101,11.071485220139472,0.0007299338796124477,V,bf
661427779128,2457479.5689779,11.111590716182482,0.0012293385293717413,V,bf
661427779128,2457617.8991757,11.05504169038368,0.0009077051515043601,V,bf
661427779128,2457635.891601,11.081012018917917,0.0008246605912981391,V,bf
661427779128,2457621.8902041,11.093641916051917,0.0012168474367815689,V,bf
661427779128,2457623.9053185,11.066709751871608,0.0012479691108361073,V,bf
661427779128,2457696.7536922,11.034875459672215,0.0008015129983647357,V,bf
661427779128,2457700.6742119,11.053937113761352,0.0007684595967802516,V,bf
661427779128,2457701.7672935,11.048394894960651,0.0006415632128383499,V,bf
661427779128,2457708.6549725,11.008816033795616,0.0014628820501731117,V,bf
661427779128,2457721.7254997,11.082200868403223,0.000883328344407179,V,bf
661427779128,2457714.8115245,11.07173780083193,0.0008592145244766966,V,bf
661427779128,2457725.7417346,11.007126559045474,0.0011109869713743245,V,bf
661427779128,2457729.7298516,11.028363606855898,0.0009153088756489854,V,bf
661427779128,2457738.7487738,11.061862784051637,0.0008594713815929066,V,bf
661427779128,2457752.6737481,11.090736985083483,0.0010009781293856418,V,bf
661427779128,2457742.6529154,11.053287958743269,0.0005468474298163669,V,bf
661427779128,2457755.7614568,11.067539404425759,0.0006423675071731252,V,bf
661427779128,2457757.637909,11.056068125691802,0.00039764959202881305,V,bf
661427779128,2457760.7097133,11.038420236424717,0.0010553140193425889,V,bf
661427779128,2457761.5789471,11.058116865756338,0.0006472798162493723,V,bf
661427779128,2457770.7918043,11.03125333659458,0.0012916224149896447,V,bf
661427779128,2457771.7916586,11.047007970279934,0.001022205125293684,V,bf
661427779128,2457772.8131428,11.033252302089018,0.0009491225423359127,V,bf
661427779128,2457795.6099693,11.054438553060384,0.0011699614496504852,V,bf
661427779128,2457804.7166355,11.044163918137485,0.0007166706878743155,V,bf
661427779128,2457806.605969,11.021146925316598,0.0009271394787367967,V,bf
661427779128,2457808.6517456,11.03562697886952,0.0007560967787693235,V,bf
661427779128,2457811.6485266,11.022693686190587,0.0011047702138742594,V,bf
661427779128,2457827.6639598,11.033168665858227,0.0012136857683038044,V,bf
661427779128,2457821.6826643,11.059136411657942,0.0010570157324927838,V,bf
661427779128,2457830.5501555,11.038249863065522,0.0007288778516073278,V,bf
661427779128,2457824.5311621,11.037307919622638,0.0009957054135847857,V,bf
661427779128,2457838.5077637,11.046819738484198,0.000650235829854235,V,bf
661427779128,2457835.644928,11.01283148114366,0.0010325653812408582,V,bf
661427779128,2457855.5858405,11.021608119179396,0.0013976190673128778,V,bf
661427779128,2457846.6127621,11.006367818689295,0.0012245588924552472,V,bf
661427779128,2457848.6073631,11.030137960328021,0.0010016270197612319,V,bf
661427779128,2457864.5598409,11.030855888605927,0.0009319417634262242,V,bf
661427779128,2457999.8594034,11.067421604006052,0.0007657055144980661,V,bf
661427779128,2457983.9050326,11.042494787642799,0.0007733179691149832,V,bf
661427779128,2457994.869377,11.038130566667672,0.0007320067119297768,V,bf
661427779128,2458004.8436451,11.060539335665593,0.0017703201100695478,V,bf
661427779128,2458011.8427575,11.057161567183499,0.00041821535243994837,V,bf
661427779128,2458016.8144736,11.058659591737278,0.0005221403865416846,V,bf
661427779128,2458007.832418,11.025985301548872,0.001023059335292173,V,bf
661427779128,2458013.8554872,11.046326410292139,0.0006359199281641667,V,bf
661427779128,2458018.829278,11.042568675977481,0.000756559400492546,V,bf
661427779128,2458028.7780599,11.050293464131043,0.000774628243067979,V,bf
661427779128,2458080.7126729,11.031633731318477,0.0008039264997928925,V,bf
661427779128,2458034.8509681,11.049468261733143,0.0008439230008179847,V,bf
661427779128,2458085.6291051,11.056360373872558,0.00053022734808739,V,bf
661427779128,2458086.6861902,11.029844862754587,0.0009792943249794432,V,bf
661427779128,2458088.8470303,11.048838463873699,0.0005966060644686491,V,bf
661427779128,2458096.7341731,11.02266959628352,0.0009676199165761331,V,bf
661427779128,2458092.6557526,11.04149957798905,0.001203196262715577,V,bf
661427779128,2458102.6803619,11.048627382797935,0.0006122528555330915,V,bf
661427779128,2458109.6238798,11.055075058072816,0.0006462246080934667,V,bf
661427779128,2458118.7317463,11.048615300557252,0.001436970476735755,V,bf
661427779128,2458175.699905,11.05296234970515,0.0008308812886830499,V,bf
661427779128,2458165.6694765,11.023709282934018,0.0009454066793826578,V,bf
661427779128,2458179.640191,11.07161172003849,0.001910571375042255,V,bf
661427779128,2458183.6814389,11.072123535902165,0.0011440593162550428,V,bf
661427779128,2458235.5404242,11.098370376858352,0.0015528112873084167,V,bf
661427779128,2458189.6430788,11.03112691981919,0.0009000672242057196,V,bf
661427779128,2458329.9358576,11.06056845959657,0.0008645883610039315,V,bf
661427779128,2458337.9307704,11.107608722362677,0.001216096413393793,V,bf
661427779128,2458331.9288202,11.039383219865007,0.0009308581697512709,V,bf
661427779128,2458343.9199377,11.08733527079595,0.0011763094410360637,V,bf
661427779128,2458356.882942,11.08446207583535,0.0021903031629960917,V,bf
661427779128,2458360.8726095,11.081999092034746,0.0009847658257842277,V,bf
661427779128,2458367.8528107,11.060438041023836,0.00043237498313206205,V,bf
661427779128,2458359.8763077,11.028309030215755,0.001083036901183587,V,bf
661427779128,2458368.8492022,11.084557248380833,0.0008745939400616303,V,bf
661427779128,2458365.8913448,11.101466864205804,0.0011282833670238856,V,bf
661427779128,2458371.8426152,11.050818662016038,0.0005246933945047549,V,bf
661427779128,2458385.8024467,11.057536151200281,0.0008529448438059598,V,bf
661427779128,2459999.444078,11.709005498472461,0.0010303087166865373,g,bn
661427779128,2459999.6081945,11.706283969848474,0.0009271174061613053,g,bk
661427779128,2459999.6094349,11.727399505544586,0.0012331786077694898,g,bk
661427779128,2460000.5984873,11.70586574861825,0.0008924528292087905,g,bk
661427779128,2460001.6805264,11.69866262147229,0.0010964029091405413,g,bG
661427779128,2460004.6203693,11.7403858403475,0.0013903266817833042,g,bk
661427779128,2460005.6770782,11.637966290399122,0.0014572798231501597,g,bk
661427779128,2460007.6848692,11.690838122948435,0.0019919155335742264,g,bG
661427779128,2460009.6616534,11.744956870334377,0.002285384352195875,g,bk
661427779128,2460011.6695277,11.696593305704965,0.003182321552763365,g,bG
661427779128,2460011.6682295,11.705664324153975,0.002456348206264189,g,bG
661427779128,2460012.6619355,11.609522455953181,0.002014410519454986,g,bk
661427779128,2456924.8153638,11.036660353611937,0.0008339307174879118,V,be
661427779128,2460014.6603179,11.738935536065844,0.0018553349900228735,g,bk
661427779128,2460021.6428152,11.73531079131116,0.0013489064508235668,g,bk
661427779128,2460027.5641615,11.708115924407974,0.0009644511348538312,g,bk
661427779128,2460028.6034911,11.735839741410292,0.0014076224386026738,g,bG
661427779128,2460029.5598201,11.723432960230353,0.0012046125528856627,g,bk
661427779128,2460031.5149733,11.71196190276812,0.0012285592344144123,g,bk
661427779128,2460032.4965789,11.735780391920228,0.001419924669069445,g,bk
661427779128,2460035.5777586,11.76808608552875,0.0019869279140211356,g,bk
661427779128,2460036.5504652,11.692736312959564,0.0008854162415209774,g,bk
661427779128,2460038.3797496,11.672985208294193,0.0019512563034628145,g,bn
661427779128,2458528.5902534,11.712805898905456,0.0013476560303674156,g,bG
661427779128,2458726.8665064,11.691084451437506,0.0008128403769480152,g,bG
661427779128,2459240.5767999,11.672573586360265,0.0014416303670210548,g,bG
661427779128,2459494.7944528,11.697395639388242,0.0028692342659513586,g,bG
661427779128,2459348.4787153,11.692771644719798,0.0010469029990470922,g,bG
661427779128,2459836.7988839,11.686059470329173,0.00145115796348515,g,bG
661427779128,2459605.7773074,11.709035295638897,0.001568074462834736,g,bG
661427779128,2459934.635386,11.68070363726913,0.0007263737287731414,g,bG
661427779128,2459620.6164207,11.656430553945324,0.0013279012149544577,g,bG
661427779128,2459503.7482161,11.646503160632465,0.0019788664282622,g,bG
661427779128,2459688.5482677,11.698212069722025,0.001698190202554634,g,bG
661427779128,2458701.9330979,11.684680024674687,0.0011538657985015943,g,bG
661427779128,2459633.5858651,11.705230421889244,0.001188096891192013,g,bG
661427779128,2459645.6712745,11.683576795761963,0.0007764767431450463,g,bG
661427779128,2460003.5288937,11.695939799070004,0.000866566871285157,g,bG
661427779128,2460023.6335469,11.738956773601583,0.0016541228979004734,g,bG
661427779128,2459840.7784793,11.722103374244362,0.0013506522227560375,g,bG
661427779128,2459550.5843462,11.683961507056136,0.0008973721824974452,g,bG
661427779128,2459621.6192808,11.697747518886878,0.0013378430266867334,g,bG
661427779128,2459626.6905361,11.707543788521528,0.0025564465049369386,g,bG
661427779128,2459653.6469595,11.650336212808236,0.0018302348118867488,g,bG
661427779128,2459832.8509034,11.721562060981858,0.0020036315893545305,g,bG
661427779128,2460019.6387682,11.704879867147014,0.001036589441211814,g,bG
661427779128,2458563.6199573,11.689904957533319,0.0024968130331587,g,bG
661427779128,2458697.9368654,11.695940058290377,0.002188410809705928,g,bG
661427779128,2458817.6740692,11.747760643288244,0.0015727955162279507,g,bG
661427779128,2459320.4982108,11.663157487374171,0.0013973643710720146,g,bG
661427779128,2458871.7733076,11.697523658355173,0.0012963709140571685,g,bG
661427779128,2459251.7438626,11.664222420401964,0.001263829504891169,g,bG
661427779128,2459648.5867165,11.719268652276767,0.001267938306474851,g,bG
661427779128,2460018.6422418,11.711475718847353,0.0012956462133332475,g,bG
661427779128,2458924.6405435,11.69245530122269,0.0009192468587317688,g,bG
661427779128,2459474.8695969,11.669550974706251,0.0016686114307885903,g,bG
661427779128,2459490.7499081,11.664352844675204,0.001398216400728852,g,bG
661427779128,2458698.9215065,11.712742341464132,0.0012350938435771073,g,bG
661427779128,2459624.6209729,11.716944914492295,0.0020191973541055226,g,bG
661427779128,2459617.7414998,11.656069404745303,0.0014774101967445978,g,bG
661427779128,2459228.8081314,11.61403506443616,0.001699017933154995,g,bG
661427779128,2459703.5031866,11.703056911487888,0.0010875038665870398,g,bG
661427779128,2460017.6445209,11.677153462181401,0.0010244831907074235,g,bG
661427779128,2458568.6082219,11.715586007145887,0.001385466386106572,g,bG
661427779128,2460038.5469383,11.698741938972361,0.0034236729033270993,g,bG
661427779128,2460039.5883685,11.735262665379269,0.0022648424969602112,g,bk
661427779128,2460040.5322625,11.74270291410271,0.002262064606763892,g,bk
661427779128,2460040.5845773,11.722897313565458,0.0031292438720748107,g,bG
661427779128,2459937.6806081,11.696881369912468,0.0009684725664982931,g,bG
661427779128,2460016.6475127,11.732456644767147,0.0017516825877736356,g,bG
661427779128,2458481.7167422,11.683273223756254,0.0014091469422158223,g,bG
661427779128,2458409.7112319,11.700477642795876,0.0010127688718922002,g,bG
661427779128,2459359.4492783,11.620631406469059,0.003167135664316314,g,bG
661427779128,2460031.5137214,11.710785372138641,0.0011043506898891083,g,bk
661427779128,2460043.5789829,11.713202450968518,0.001899905089957568,g,bk
661427779128,2460042.5793263,11.746952494629399,0.0025392154928929457,g,bG
661427779128,2460047.5682343,11.753267053994925,0.001516599901625334,g,bk
661427779128,2460050.5644361,11.684331098155027,0.000823083937763592,g,bG
661427779128,2460052.5491684,11.70864291845124,0.0013952168274551176,g,bG
661427779128,2460049.5627606,11.737238169508185,0.0014113133730078034,g,bk
661427779128,2460046.5698259,11.710883318263214,0.0012053680929174342,g,bG
661427779128,2460048.5625964,11.678253877588666,0.0008447328593531244,g,bG
661427779128,2460045.5755366,11.701989231363594,0.0010985472009941077,g,bG
661427779128,2460051.5581937,11.7196100399639,0.001321901377691428,g,bG
661427779128,2460054.5097511,11.68745986622611,0.0006313219487335976,g,bk
661427779128,2460056.5326751,11.70400459443959,0.0009737628560056919,g,bk
661427779128,2460057.5271536,11.711273222452531,0.001038106494646278,g,bk
661427779128,2460059.4914863,11.747717326663237,0.0015139167232336782,g,bk
661427779128,2460059.521602,11.70542832418075,0.0013321871602323158,g,bG
661427779128,2460062.5285368,11.70383302101241,0.001187850264071262,g,bk
661427779128,2460061.5206423,11.739242619923164,0.0014741928893198994,g,bk
661427779128,2460066.4979047,11.723903951237366,0.0015571069494755647,g,bG
661427779128,2460068.5082556,11.734202116733956,0.0018697051858181687,g,bG
661427779128,2460069.5096753,11.677529703799745,0.0018604238279627135,g,bG
661427779128,2458107.7246073,11.06220269611516,0.0006105618764768879,V,bf
661427779128,2460076.4678679,11.706853067391078,0.001283033946474308,g,bG
661427779128,2460077.4674036,11.676240718457894,0.0012587680832278649,g,bG
661427779128,2460080.4505442,11.735937083031127,0.005327298806173372,g,bG
661427779128,2460081.4502008,11.670863789459156,0.0021827890392243153,g,bk
661427779128,2460072.5026641,11.652292427603774,0.0017295286050997346,g,bG
661427779128,2460073.4954847,11.75019132759994,0.0014640476999455785,g,bk
661427779128,2460074.4964967,11.683696311976917,0.0010446152266725306,g,bG
661427779128,2460149.914465,11.67828034214878,0.0016665875207098847,g,bG
661427779128,2460150.6903027,11.854430174110815,0.0027576458260717687,g,bo
661427779128,2460158.9130016,11.628976777572186,0.002747039385455815,g,bG
661427779128,2460160.6779138,12.011680277277856,0.004492160456767342,g,bo
661427779128,2460164.6375477,11.92350093892366,0.003018746647288916,g,bo
661427779128,2460167.6811895,11.714222977680656,0.002358782338066337,g,bn
661427779128,2460173.635067,11.807867594900834,0.001898191654159322,g,bo
661427779128,2460200.5352808,11.989419559933074,0.003395565583648194,g,bo
661427779128,2460200.5560308,11.800510440121169,0.0018500915065750951,g,bn
661427779128,2460210.497539,11.871435025183983,0.002414014971849241,g,bo
661427779128,2460215.5272815,11.560519738105166,0.001680026240952464,g,bo
661427779128,2460235.542658,11.782206988641438,0.0016885263365833667,g,bo
661427779128,2460243.6731283,11.793140521360463,0.002664778420254484,g,bG
661427779128,2460242.6662146,11.66170260220133,0.001322595961642234,g,bk
661427779128,2460244.6956592,11.686804853582903,0.0019721643254606513,g,bk
661427779128,2460239.6740976,11.72553093634582,0.0012983089119733256,g,bk
661427779128,2460245.7322269,11.740887488940919,0.0021018760354166947,g,bk
661427779128,2460247.7188566,11.673266114732746,0.002952051651645509,g,bk
661427779128,2460260.3683412,11.922486582428775,0.0027681921607191156,g,bo
661427779128,2460263.6124667,11.716105916786754,0.0011177129832914546,g,bk
661427779128,2460266.3610392,11.918777135943541,0.0028383399047409823,g,bo
661427779128,2460264.815428,11.661899983475571,0.000939154509676905,g,bk
661427779128,2460273.8318328,11.704489086943822,0.0008981793934201914,g,bk
661427779128,2460282.6220275,11.742573068984738,0.001587270971333622,g,bk
661427779128,2460272.5922267,11.837992074684907,0.002817996852074224,g,bk
661427779128,2460267.5925148,11.82173682781961,0.0022584975605084478,g,bk
661427779128,2459701.5137729,11.682751050089095,0.0006062659534631119,g,bk
661427779128,2459601.7422398,11.665698530703883,0.0016427341789179042,g,bk
661427779128,2460283.6080366,11.683620075970044,0.0006306485968637047,g,bk
661427779128,2460270.6119683,11.722645446705243,0.0016621461643236985,g,bG
661427779128,2460285.7874871,11.687885008557084,0.0012037678379344563,g,bk
661427779128,2459833.8636998,11.71372019958806,0.0019219599376015478,g,bk
661427779128,2459618.7183597,11.62727400697091,0.001480326392591608,g,bk
661427779128,2459599.5710858,11.667768382262471,0.0013300426484920355,g,bk
661427779128,2459625.5650975,11.624602148449998,0.0019831783096288078,g,bk
661427779128,2459837.7835116,11.741018262130678,0.0016377879190872379,g,bk
661427779128,2459700.5181655,11.680239869070936,0.0006111318386780959,g,bk
661427779128,2459835.7831565,11.721494649286676,0.0020439619249262788,g,bk
661427779128,2459841.8268811,11.689613605258488,0.000987215173125388,g,bk
661427779128,2460268.6237573,11.67375481974219,0.000946237556840808,g,bk
661427779128,2460269.613343,11.737895092784402,0.0015911148826608672,g,bk
661427779128,2460271.6109467,11.676366099011757,0.0012147865300552504,g,bk
661427779128,2460274.8478709,11.71316868933988,0.0013752414784874976,g,bk
661427779128,2460276.6442535,11.719333220020548,0.0022436364048545416,g,bk
661427779128,2460279.7587479,11.83216990641334,0.003213954802105481,g,bk
661427779128,2460257.5019852,11.819705382445658,0.001682105894379889,g,bn
661427779128,2459945.5736352,11.747525141706053,0.001141293072623463,g,bn
661427779128,2460258.4803378,11.816688181822377,0.002040055834002191,g,bo
661427779128,2460287.8218154,11.748187993869792,0.001518578579918634,g,bk
661427779128,2460289.4005991,11.997076899252168,0.0034872325236835083,g,bo
661427779128,2460078.4578606,11.70458665312829,0.002392646565164488,g,bG
661427779128,2460216.8817576,11.720412803076412,0.004790960406046305,g,bk
661427779128,2460219.7432068,11.777130308869811,0.002423713162745996,g,bk
661427779128,2460223.7333916,11.6730136337969,0.0008417634158936339,g,bk
661427779128,2460230.7007582,11.644727810223692,0.001129330930917917,g,bk
661427779128,2460231.7074259,11.811668675784492,0.0020782902024742097,g,bk
661427779128,2460232.8628385,11.746673033577675,0.0019006983287470558,g,bk
661427779128,2460290.4708511,11.75306491322684,0.0011074002205563836,g,bn
661427779128,2460290.6315047,11.689916791217223,0.0010805501216731694,g,bk
661427779128,2460291.7860727,11.839423247369949,0.0022993702567533332,g,bk
661427779128,2460022.5808997,11.706873014156415,0.000949576730553899,g,bk
661427779128,2460025.6308751,11.711475140523433,0.0011382203478177816,g,bk
661427779128,2460024.6020087,11.713644253615936,0.001039812256172217,g,bk
661427779128,2460218.7366644,11.66440796520796,0.0015240073083056306,g,bk
661427779128,2460065.5105709,11.686280209637285,0.0013220964578342853,g,bk
661427779128,2460278.7947475,11.675225597152334,0.002269516865515772,g,bk
661427779128,2460251.7605565,11.756599126836944,0.001686106923537976,g,bk
661427779128,2460261.8389209,11.704618960531256,0.0009447878111025796,g,bk
661427779128,2460254.6709271,11.665102454111917,0.00093600504657682,g,bk
661427779128,2460256.8544896,11.700089655123605,0.0008303782595542044,g,bk
661427779128,2460261.6546705,11.647143384464636,0.0011745121376462325,g,bG
661427779128,2460228.7865135,11.646446564069603,0.0011793660096023303,g,bG
661427779128,2460227.7147896,11.674871833991517,0.000977666295981907,g,bG
661427779128,2460139.9427616,11.68174535301753,0.0017906833881362891,g,bG
661427779128,2460225.7290961,11.674480881639761,0.000847134536549861,g,bG
661427779128,2460142.945758,11.641745568709466,0.002369915652555053,g,bG
661427779128,2460250.6807318,11.696231132320635,0.0014452432764432213,g,bG
661427779128,2460293.5901059,11.742880590870417,0.0013794428245418539,g,bk
661427779128,2460185.6054519,11.75069509281833,0.0017240964342685342,g,bn
661427779128,2460206.5898756,11.708570254100405,0.0007000289073968744,g,bn
661427779128,2460017.4338572,11.730174351352062,0.0017373821982103704,g,bn
661427779128,2460191.6156254,11.782555177680152,0.001640367377137364,g,bn
661427779128,2460222.5615339,12.009903823565754,0.0038757464428180203,g,bo
661427779128,2460185.5829178,11.860574386914163,0.003009356908626786,g,bo
661427779128,2460191.6078127,11.790642556881732,0.0020419003677464077,g,bo
661427779128,2460183.5933683,11.906128159915468,0.00266306280400542,g,bo
661427779128,2460206.5672028,11.77775610421829,0.001696200253434283,g,bo
661427779128,2460253.4074646,11.897038959757362,0.002676155447199404,g,bo
661427779128,2460221.4958807,11.952251807247078,0.0035180471706628925,g,bo
661427779128,2460252.6063133,11.78126110768998,0.001945680048635274,g,bo
661427779128,2460168.6731,11.866986925732999,0.0025856154743312777,g,bo
661427779128,2460233.4768892,11.80055872798114,0.0015189940772445181,g,bn
661427779128,2460221.5035148,11.826981594246854,0.0021145908996318377,g,bn
661427779128,2460253.4711754,11.7936764516322,0.00146052397725269,g,bn
661427779128,2460261.3825261,11.710825384272617,0.0006636364691061984,g,bn
661427779128,2460295.5430587,11.751742567747884,0.0010421221947802164,g,bn
661427779128,2460295.5404879,11.714706694741102,0.0012551203223955603,g,bk
661427779128,2460296.6288035,11.874881964355561,0.0026147558230366925,g,bk
661427779128,2460297.5989537,11.690992566131937,0.0007453671378989818,g,bk
661427779128,2460298.6412381,11.799933386748808,0.002037976970927179,g,bk
661427779128,2460301.562985,11.756269040012148,0.0019631593251148494,g,bk
661427779128,2460302.5741959,11.669950777388925,0.0014431426142401187,g,bk
661427779128,2460303.5785128,11.827989077166535,0.002726253368726984,g,bk
661427779128,2460304.4549134,11.723087641004975,0.002178857674754911,g,bn
661427779128,2460309.8301773,11.697207027423012,0.0012021137757414525,g,bk
661427779128,2460310.6890546,11.804332079969944,0.0021060359710048876,g,bk
661427779128,2460312.3581724,11.823858644868594,0.0017107991753385527,g,bn
661427779128,2460312.5392369,11.714128814147779,0.0015385723865857133,g,bG
661427779128,2460278.5608826,11.614718223339375,0.0014762980171457813,g,bG
661427779128,2460277.7612589,11.826932946643689,0.002840893860691273,g,bG
661427779128,2460314.3275667,12.055355402471404,0.0038090734487618173,g,bo
661427779128,2460315.3851038,11.806803791899004,0.001556863330165454,g,bn
661427779128,2460314.6178104,11.691087537509206,0.0006196122991427952,g,bk
661427779128,2460316.7382465,11.69803618439927,0.0007460416919339789,g,bk
661427779128,2460317.7838837,11.70639826985661,0.0009585083652643736,g,bk
661427779128,2460321.374765,11.94538463946773,0.0029807240424942105,g,bo
661427779128,2460321.7691712,11.63240776904227,0.0013691288688230739,g,bG
661427779128,2460322.4233978,12.163367693406064,0.004681184026247265,g,bo
661427779128,2460322.4909441,11.835948016828315,0.0018129034802011946,g,bn
661427779128,2460322.7901622,11.750263445419781,0.0014964962933852867,g,bk
661427779128,2460323.3782978,11.989313753363529,0.0033379591747991957,g,bo
661427779128,2460324.7822382,11.698486429324703,0.000977721726563593,g,bk
661427779128,2460325.7911101,11.792843104508092,0.0022569450050296098,g,bG
661427779128,2460325.29971,11.940251619557,0.0030276513576168707,g,bo
661427779128,2460279.7599766,11.7901445461615,0.0024784541302281557,g,bk
661427779128,2460283.6067963,11.682248467947407,0.000641765505156841,g,bk
661427779128,2460326.7864126,11.667785134737887,0.0009206484150600626,g,bk
661427779128,2460327.7853767,11.778247046188815,0.0017780594350469666,g,bk
661427779128,2460328.788733,11.70007421992108,0.0010132247865818464,g,bk
661427779128,2460329.5933854,11.800254072833967,0.0021072134985401533,g,bk
661427779128,2460329.7820325,11.749297883714156,0.001774651898165609,g,bG
661427779128,2460330.5367716,11.712665744432186,0.0011726560700797283,g,bk
661427779128,2460331.7539209,11.61985398719833,0.0016900486254895297,g,bG
661427779128,2460332.760971,11.810288811775742,0.0027024853432452934,g,bG
661427779128,2460335.5912511,11.690874927998012,0.0014373715529788754,g,bk
661427779128,2460333.7808278,11.654369763231717,0.00231835111889167,g,bG
661427779128,2460337.5714163,11.777803173443457,0.0019993650699665594,g,bk
661427779128,2460338.576457,11.680397627691741,0.0010969569254129594,g,bG
661427779128,2460339.5798313,11.777860943893561,0.0025352472860636255,g,bG
661427779128,2460340.5794846,11.670343915079657,0.0008389856190464292,g,bG
661427779128,2460371.4503031,11.71842978572753,0.0011573486110923342,g,bn
661427779128,2460371.6685403,11.722738792258848,0.0013955724023029012,g,bk
661427779128,2460372.4305775,11.757810355374925,0.0027521842388853494,g,bn
661427779128,2460375.4239873,11.76351091579672,0.001280737352810254,g,bn
661427779128,2460372.6741115,11.721617096987194,0.0016796173053739893,g,bG
661427779128,2460379.3209172,11.77715888746391,0.001276693113336178,g,bn
661427779128,2460345.2757065,11.939065312531504,0.0031331561979736572,g,bo
661427779128,2460380.6532438,11.79983214311086,0.0019441591038811153,g,bk
661427779128,2460341.3648393,12.212659693959562,0.005141054680864599,g,bo
661427779128,2460374.6621211,11.682689194295111,0.0007695892060406806,g,bk
661427779128,2460385.6237918,11.567523944221811,0.0016708855438163116,g,bk
661427779128,2460346.271237,12.059444163184569,0.004414121868043942,g,bo
661427779128,2460370.6797513,11.793373046368602,0.0024704622166925,g,bG
661427779128,2460373.6751992,11.78732897041832,0.0022489760032015737,g,bG
661427779128,2460370.4515381,11.808824008906928,0.0021231765747731436,g,bn
661427779128,2460378.3258446,11.681084105198838,0.0010325466448123514,g,bn
661427779128,2460380.3203442,11.729904779567985,0.0007927882858878217,g,bn
661427779128,2460381.3156165,11.795683225534377,0.0015451438719331718,g,bn
661427779128,2460388.6221481,11.677528174882967,0.0009102211691666194,g,bG
661427779128,2460390.6258542,11.729781265814502,0.0017393394336681636,g,bG
661427779128,2460388.2592007,11.742803864352103,0.0022315876370710315,g,bn
661427779128,2460389.2799426,11.853043841875419,0.0035690154219779127,g,bn
661427779128,2460375.6645967,11.767013322234376,0.0020344448251065884,g,bG
661427779128,2460376.6570385,11.702585417569564,0.0009856521002788354,g,bk
661427779128,2460377.6527136,11.768823003338117,0.0016901667982663943,g,bk
661427779128,2460381.64128,11.672728560582739,0.0007954210696324691,g,bk
661427779128,2460403.5711963,11.749028015134344,0.0015065804715714407,g,bk
661427779128,2460404.3413636,11.786697336221316,0.0014861977993252515,g,bn
661427779128,2460404.5704564,11.799461006649306,0.0020131894383503567,g,bk
661427779128,2460405.3413478,11.789762564624663,0.00148994151610522,g,bn
661427779128,2460408.5561225,11.789505048345337,0.0018914405147013567,g,bk
661427779128,2460402.3520447,11.766430763608046,0.0012599232084239977,g,bn
661427779128,2460403.3638158,11.83615128599541,0.0018995877926712553,g,bn
661427779128,2460402.579536,11.751764253692185,0.0017287239779726173,g,bG
661427779128,2460407.5641977,11.713937314784392,0.0010667845647664893,g,bk
661427779128,2460395.528083,11.705031149791512,0.0014843700124935009,g,bk
661427779128,2460400.5774203,11.686705362432917,0.0006650248303690726,g,bk
661427779128,2460401.5803157,11.77500399204291,0.002095062971178074,g,bk
661427779128,2460405.5658495,11.712177619081103,0.0010357793555664425,g,bk
661427779128,2460406.5686696,11.811576476701116,0.002329794196892127,g,bG
661427779128,2460412.241262,11.741369015564407,0.001019619803520093,g,bn
661427779128,2460413.2638992,11.8172831473235,0.0016624242870420746,g,bn
661427779128,2460410.5543108,11.712223815910004,0.001060513862328998,g,bk
661427779128,2460409.5589891,11.793707319987014,0.0022149658731490476,g,bG
661427779128,2460411.5520794,11.737621033964542,0.001605293000393845,g,bG
661427779128,2460414.2170047,11.721625252867883,0.000945160721177664,g,bn
661427779128,2460416.5402757,11.756547265382451,0.0018408456519771004,g,bk
661427779128,2460419.5291256,11.719682081457687,0.0015445682070356656,g,bG
661427779128,2460418.2552572,11.806789478217123,0.0018778514035377586,g,bn
661427779128,2460420.2990938,11.777153058686412,0.0017285967923005533,g,bn
661427779128,2460417.5339453,11.69526694342013,0.0011031479180733342,g,bk
661427779128,2460419.280636,11.714584948589092,0.0009537717777843139,g,bn
661427779128,2460421.3160943,11.731517487125632,0.0015263232648204724,g,bn
661427779128,2460423.5356794,11.772798115478153,0.0022195972207635175,g,bk
661427779128,2460425.2843015,11.79690711825736,0.002358950634902842,g,bn
661427779128,2460425.5060446,11.79778975458633,0.0022715022189934778,g,bk
661427779128,2460429.2253539,11.765739749996222,0.0012992291715308395,g,bn
661427779128,2460432.2604663,12.22119417564166,0.0052806828541508396,g,bo
661427779128,2460437.2672524,11.792285248040475,0.0015411035909908186,g,bn
661427779128,2460437.4577118,11.748945382582228,0.002034637499403445,g,bG
661427779128,2460439.4719261,11.757517001490935,0.001828768743217221,g,bk
661427779128,2460441.4887936,11.670099044023644,0.001046901762986508,g,bG
661427779128,2460442.1992366,11.797810925107592,0.0020309340226540786,g,bn
661427779128,2460444.2171406,11.926259111827914,0.002897088387807714,g,bo
661427779128,2460445.2414885,11.726067050831322,0.0013605697480050508,g,bn
661427779128,2460447.4781193,11.739907555694813,0.0019388055516809553,g,bG
661427779128,2460449.456979,11.778954801885664,0.002165831075971943,g,bk
661427779128,2460450.4630061,11.651003938869582,0.0014840921683411026,g,bG
661427779128,2460454.4538147,11.797510080450186,0.004204915784359996,g,bG
575526675969,2459249.5482715,17.0164914190117,0.1222803190685691,g,bG
575526675969,2458905.5834449,16.942378223779464,0.06626898283347478,g,bF
575526675969,2459310.5183286,16.686085367332637,0.1006630226910313,g,bG
575526675969,2459287.6515271,17.009942630391002,0.1144344075197329,g,bk
575526675969,2459230.7317903,16.842798302445214,0.07021384584525538,g,bF
575526675969,2458537.7005039,16.429713991855216,0.1200208625338569,g,bG
575526675969,2458432.8162455,16.776097667107358,0.05139341899255752,g,bF
575526675969,2458981.2591996,16.845602635742658,0.0794713362836702,g,bn
575526675969,2458785.7991587,16.78624179282336,0.06743244101797666,g,bF
575526675969,2458154.3523012,17.11791552912407,0.0784054442501108,g,bn
575526675969,2459235.8189052,16.822167039872575,0.07763940926514286,g,bF
575526675969,2458457.5979264,17.0352852166254,0.09249029574199799,g,bk
575526675969,2459277.4349855,16.95190155694212,0.15104726148157005,g,bn
575526675969,2458606.2907542,16.92506149452578,0.05996491062145451,g,bn
575526675969,2459247.3611324,16.90613246843704,0.09983192917875594,g,bn
575526675969,2458560.3442333,16.9746022759299,0.17647484564403532,g,bn
575526675969,2459250.7520769,17.26158065721571,0.15609350502312058,g,bk
575526675969,2458549.6552216,16.855751482602667,0.07378274551794495,g,bG
575526675969,2458409.4410289,16.87995435853377,0.10738565878666205,g,bo
575526675969,2458443.7797794,17.116703976777323,0.18667266548875466,g,bk
575526675969,2459255.6064067,17.194296056808387,0.12869132930020102,g,bG
575526675969,2458483.6905226,16.878813413138136,0.07346242810436641,g,bk
575526675969,2458462.7875048,16.761341435892568,0.08577984310591341,g,bG
575526675969,2458444.6094284,17.05671624523548,0.18369645602651316,g,bk
575526675969,2458551.6577929,16.925494220824387,0.08873363843275033,g,bG
575526675969,2458810.7804657,17.008760150313197,0.08084224163681464,g,bG
575526675969,2458532.583556,16.67474349022487,0.17552046480497469,g,bG
575526675969,2458492.5083455,17.253896904603756,0.1094983563321748,g,bn
575526675969,2459280.6682728,16.66325754243168,0.08459512403078351,g,bG
575526675969,2458224.2711279,16.75175043506235,0.05721240174551434,g,bn
575526675969,2459202.3878534,16.964555162139256,0.05122357234826928,g,bo
575526675969,2459222.3085693,17.071459913281245,0.0799428861011415,g,bn
575526675969,2458184.3106648,16.84340442187044,0.05418627549279812,g,bo
575526675969,2458893.536341,16.721483190716683,0.0810926553070049,g,bG
575526675969,2459181.8496371,17.046555261875632,0.1162511364412343,g,bk
575526675969,2458834.6320708,16.690756312791926,0.07088087338616984,g,bk
575526675969,2458760.580224,17.092035242788207,0.0879323638805278,g,bn
575526675969,2459217.3977365,17.019683016141865,0.12127898494759612,g,bn
575526675969,2458843.6601709,17.17268860904393,0.08752438629420972,g,bk
575526675969,2458911.5180111,16.76703228090681,0.11923137279149804,g,bk
575526675969,2458840.3167837,16.827893704124747,0.07032761108328447,g,bo
575526675969,2458398.6098133,17.03960439146908,0.0606209461592329,g,bn
575526675969,2459062.664694,17.06695156158973,0.08544382072986378,g,bo
575526675969,2458075.8332793,17.085944192170743,0.06678547465573417,g,bk
575526675969,2458129.635008,16.790521005657364,0.06084962016846952,g,bk
575526675969,2458452.7267124,16.924204065897857,0.10019547857466254,g,bG
575526675969,2459102.5646907,17.063024063660116,0.16919690948115598,g,bo
575526675969,2458765.7387771,16.872041192969608,0.18574225642856293,g,bG
575526675969,2458516.7447218,16.877013250275663,0.07002089356462121,g,bF
575526675969,2458855.8077213,17.24739654966616,0.17279976824460266,g,bG
575526675969,2459198.7760293,16.69475048053311,0.07600258194818264,g,bG
575526675969,2458107.5387707,17.123793934363512,0.06416949812029098,g,bn
575526675969,2459205.5532883,16.63077874776421,0.08344165015529,g,bF
575526675969,2458523.6289878,16.780325987433596,0.07000563468549738,g,bG
575526675969,2458211.5474004,17.41045164963214,0.17620612188559895,g,bk
575526675969,2458567.6084642,16.737111854594435,0.11003529297544758,g,bG
575526675969,2458227.5404431,16.99887231350376,0.08397030944444735,g,bk
575526675969,2458586.5236448,17.183321669666803,0.12676670813747773,g,bG
575526675969,2459219.4840863,17.420105019700877,0.19508144931844293,g,bn
575526675969,2458195.3182101,17.004339205277564,0.05640628230138717,g,bn
575526675969,2459314.556999,16.758318890977016,0.08990900937481969,g,bk
575526675969,2458514.4749435,17.02884453471661,0.07622487112631571,g,bn
575526675969,2458429.8220113,16.72479380372281,0.05518999396536525,g,bG
575526675969,2458538.7001456,17.044811480829868,0.1771241941396004,g,bG
575526675969,2458781.8443856,17.47581678256244,0.1759057170612901,g,bk
575526675969,2459222.7737781,16.843655299316648,0.10366352408307765,g,bG
575526675969,2459192.5725157,16.701153931538624,0.06270256841150727,g,bG
575526675969,2458469.7867387,16.900652919527662,0.051447559966376184,g,bF
575526675969,2458247.4720772,16.781394972226767,0.13075230846432315,g,bk
575526675969,2458986.2361745,17.008600372442114,0.08157961150974853,g,bo
575526675969,2458463.2890901,16.82422928420721,0.07120996992686966,g,bo
575526675969,2459220.652838,17.164287163804694,0.1292680215249262,g,bk
575526675969,2458487.6909781,17.06312743439798,0.0771381484985149,g,bk
575526675969,2459247.6971618,17.295683809776943,0.15822113063068524,g,bk
575526675969,2459258.6191442,16.916252776458215,0.0862766680316153,g,bk
575526675969,2459234.8200153,16.820082391402718,0.07108273826439543,g,bF
575526675969,2458087.5651133,16.908379653211227,0.052463849817643446,g,bo
575526675969,2458861.8148079,16.389397227233317,0.19362285320272185,g,bG
575526675969,2459250.435681,16.872559524110862,0.06536156836272058,g,bn
575526675969,2459190.8147709,16.708929454042913,0.1298379361965798,g,bG
575526675969,2459342.4953044,16.79341568259034,0.08894678994013948,g,bk
575526675969,2458822.7168278,16.95436587735131,0.09712183620809012,g,bG
575526675969,2459249.789538,17.094526066775252,0.16635617895197774,g,bF
575526675969,2458375.8080289,16.847054953821925,0.07627861004005883,g,bk
575526675969,2458613.4851741,17.007791527295993,0.11104702235885919,g,bk
575526675969,2458906.5776144,16.74157860172331,0.05231191950222526,g,bG
575526675969,2459198.3082717,16.73420423734119,0.07592359378364953,g,bn
575526675969,2458776.7479038,16.95872460225366,0.13322093202495572,g,bk
575526675969,2458570.5265133,16.799900661673256,0.06570139062603,g,bk
575526675969,2459249.527451,17.166209780522216,0.1845748921890662,g,bn
575526675969,2458222.2838328,17.086615804833208,0.05802201328045405,g,bn
575526675969,2458452.3892975,17.03605827641111,0.07735328873319022,g,bn
575526675969,2458550.6612825,16.698156258745158,0.07494874153247365,g,bk
575526675969,2459240.5578032,16.78287675002443,0.16661258935926052,g,bF
575526675969,2458467.2878986,16.860858604614556,0.1804235271316676,g,bo
575526675969,2458482.3301358,16.898077791723193,0.07304989701754873,g,bo
575526675969,2458467.5887736,16.884693046413698,0.09549627365868012,g,bk
575526675969,2458714.9040835,16.920175849044337,0.16037382654703555,g,bF
575526675969,2458479.5981345,16.86806549470792,0.15019932257522678,g,bk
575526675969,2458767.5200352,16.809250524565748,0.10826341739279405,g,bn
575526675969,2458604.2724888,16.974303213252206,0.07406655003245834,g,bn
575526675969,2459186.3689047,16.82587284554276,0.13538087468634027,g,bn
575526675969,2458547.6688537,16.68000774173336,0.07423449943831567,g,bG
575526675969,2458410.8105092,16.806452484198296,0.06306275408752995,g,bF
575526675969,2458198.3052564,17.037042978952073,0.05600574006355657,g,bo
575526675969,2458153.5817159,16.95262161606581,0.06989349325907175,g,bk
575526675969,2459100.5601519,16.98357030552554,0.19493825442328508,g,bo
575526675969,2458752.883852,17.187414699732365,0.11657505473304779,g,bG
575526675969,2458134.6488655,17.008715842599873,0.06578816272316648,g,bk
575526675969,2458559.3484612,16.891890700471176,0.11505692575464366,g,bn
575526675969,2459151.7142028,16.49671489602181,0.1408483450914305,g,bG
575526675969,2458067.8124198,16.838671476947752,0.07212053572706704,g,bk
575526675969,2459231.782786,16.570583026939666,0.07732256659471044,g,bk
575526675969,2458588.5110273,16.31088455567448,0.08738384827521765,g,bk
575526675969,2458698.6745256,17.002299703781787,0.08948798668163266,g,bo
575526675969,2458199.2697881,17.058765042574148,0.06075612353942616,g,bn
575526675969,2458769.5896132,16.526841708599754,0.12635698153054434,g,bn
575526675969,2459278.6746866,16.98604756586677,0.14227105512426605,g,bk
575526675969,2458553.6120978,17.338462618974372,0.13192067708534835,g,bk
575526675969,2458556.6735598,16.761494896187166,0.05783375539539075,g,bF
575526675969,2459268.5257705,16.60851650217098,0.13972651659695212,g,bF
575526675969,2458842.615312,16.97666205486901,0.13514575579351404,g,bG
575526675969,2459318.5617312,17.00106994740966,0.11011120922185269,g,bk
575526675969,2458903.5354414,16.877046277020874,0.09026254963567287,g,bk
575526675969,2458392.8636457,16.857568096846418,0.10950593590392688,g,bk
575526675969,2459192.2994727,17.053636761778687,0.10170529199549673,g,bo
575526675969,2458465.562847,16.56540316067111,0.07689005070601904,g,bG
575526675969,2459198.7716988,16.829541177289855,0.04212382757804318,g,bF
575526675969,2458197.6189524,16.907652557777993,0.059765231699372076,g,bk
575526675969,2459223.3119425,17.07074418096735,0.07342078491976575,g,bn
575526675969,2459235.4363957,17.07301764749506,0.08787894116159935,g,bn
575526675969,2459188.5671517,16.9177666253991,0.0960043929061478,g,bF
575526675969,2458704.6773887,17.239760707519356,0.14105196809403014,g,bn
575526675969,2459208.698772,16.669349673644046,0.09967403434445836,g,bk
575526675969,2458086.5761634,16.934991424311622,0.05025766221642953,g,bn
575526675969,2458512.5841698,16.745713985073493,0.07082807448244116,g,bG
575526675969,2459149.7865052,16.6976576968994,0.10240091562384909,g,bG
575526675969,2459200.4387248,16.736179430008466,0.0754167625085342,g,bo
575526675969,2458894.7231741,16.70465661702464,0.10841955705175549,g,bG
575526675969,2458864.4271765,17.290326870323728,0.12685723462835768,g,bo
575526675969,2458791.6779035,17.02401194636989,0.11874216695653099,g,bF
575526675969,2459201.6209662,16.917262636139277,0.1229585220441789,g,bG
575526675969,2458408.4720064,16.909986999503634,0.0968200446167576,g,bn
575526675969,2458708.64127,16.848953174857222,0.1421271974304836,g,bo
575526675969,2459092.6037525,16.620324455417784,0.1469856785561841,g,bo
575526675969,2459212.8223535,16.72580016960933,0.1678146537731882,g,bF
575526675969,2458402.6157778,17.1791262030772,0.09085413284254425,g,bo
575526675969,2459226.4142161,16.878182241613974,0.05882216202372014,g,bo
575526675969,2458909.6689094,16.930775205442675,0.12555861614885228,g,bG
575526675969,2458584.500666,17.14345249137853,0.11785921273568609,g,bk
575526675969,2458843.8285526,16.577733897616717,0.05894474117838428,g,bF
575526675969,2458824.6531724,16.99710874777911,0.07566679025924775,g,bk
575526675969,2459174.5813727,16.54006955191875,0.1283670121846778,g,bG
575526675969,2458158.6417891,16.9206598271529,0.06528633932709406,g,bk
575526675969,2458583.5262469,16.72520759697327,0.055751109899677506,g,bF
575526675969,2459230.7416856,16.776934288517644,0.07714103825994259,g,bk
575526675969,2459146.6968065,16.50981986750707,0.08210842477690244,g,bF
575526675969,2458576.570568,16.65281180445525,0.06320007016024712,g,bG
575526675969,2458506.6578693,17.222533497022482,0.19488416610006,g,bk
575526675969,2458928.388291,17.12344509523291,0.10182361587118832,g,bo
575526675969,2458228.2534036,16.786909206683234,0.0564602125002227,g,bn
575526675969,2459165.6298891,16.962129881879438,0.1237657824975953,g,bG
575526675969,2458538.5365432,16.779461919892185,0.07668259104507882,g,bF
575526675969,2458068.8562637,16.787954765622313,0.10683732038857523,g,bk
575526675969,2458107.4957686,16.902508839184264,0.05410604358078731,g,bo
575526675969,2459283.6550359,16.94611325065521,0.10325673160681864,g,bk
575526675969,2458377.8992827,16.955609327587233,0.07711196032064006,g,bk
575526675969,2459226.5672035,16.800595548361677,0.06745615073869372,g,bF
575526675969,2459129.5332101,16.95177362691133,0.1646790120089664,g,bn
575526675969,2458711.9108766,16.7211520277779,0.17154722474917794,g,bF
575526675969,2458438.3889129,17.027909377758338,0.1219523368628795,g,bo
575526675969,2458139.6578247,16.998160401227945,0.06425192996901019,g,bk
575526675969,2458161.6209095,17.13295540822096,0.06769048847962753,g,bk
575526675969,2458834.8301136,16.66873421253049,0.1387869559489281,g,bG
575526675969,2458164.5934399,16.878648313506723,0.06781863193939712,g,bk
575526675969,2459215.5646606,16.741341670090137,0.12186722845258896,g,bG
575526675969,2458396.8566219,16.979413701920564,0.10248304673633371,g,bF
575526675969,2458114.4908539,17.053722840690483,0.07704292104535494,g,bo
575526675969,2458451.7700517,16.914280501917276,0.08087137302838104,g,bk
575526675969,2458816.8003618,16.850549094073937,0.09089764595222212,g,bG
575526675969,2458435.6710678,16.715344915530686,0.06549867612167783,g,bG
575526675969,2458125.5737083,16.945506937156416,0.10065312751158663,g,bn
575526675969,2459207.8436917,17.026323416266177,0.10812700961867516,g,bk
575526675969,2458581.5177209,17.455890446795987,0.14109467022326638,g,bk
575526675969,2458537.4311683,16.78605244955056,0.13747975814798716,g,bo
575526675969,2458552.6801003,16.685792533014194,0.05709344861081423,g,bF
575526675969,2458772.8022817,16.68655860942298,0.12611991650499543,g,bG
575526675969,2458388.6085092,17.032542761599885,0.16896544518338438,g,bo
575526675969,2459206.5945646,16.710034018919956,0.10996177896489151,g,bG
575526675969,2458438.7229259,16.922939950506443,0.09550075249122955,g,bG
575526675969,2458700.9211587,16.975422388721878,0.10101849656306353,g,bk
575526675969,2458870.790599,16.764118153079956,0.11431660236293974,g,bG
575526675969,2458583.5047217,16.971011933047198,0.0729107840473398,g,bk
575526675969,2458709.916798,16.754825480902774,0.16376162030631367,g,bF
575526675969,2458202.5581708,17.190076127912725,0.1335341799356587,g,bk
575526675969,2458211.2376512,16.898988969761316,0.044101643048010446,g,bo
575526675969,2458544.662367,17.0170462862083,0.08541982108910369,g,bk
575526675969,2458071.8435868,16.88283817628557,0.0629169184555494,g,bk
575526675969,2458196.299915,16.887908433178882,0.0564720171084758,g,bo
575526675969,2458194.3188702,17.003331359236476,0.09455943434999527,g,bn
575526675969,2458848.8203955,16.774995733592956,0.07263189883823298,g,bF
575526675969,2459096.6079582,16.170602599392627,0.112387119486594,g,bn
575526675969,2459233.6435476,17.07488553771082,0.0813897727999417,g,bk
575526675969,2458444.7760834,16.34222202645871,0.09783231446375515,g,bF
575526675969,2459248.5988035,16.81505906552413,0.037354735998232226,g,bF
575526675969,2459282.6473728,16.81099373782891,0.0993090693623288,g,bG
575526675969,2459192.8304094,16.896924658783792,0.06469356568920903,g,bF
575526675969,2458715.9015559,16.612427692714316,0.17639651503664172,g,bF
575526675969,2458532.5527275,16.9182979318774,0.13878813786074423,g,bF
575526675969,2459228.344943,16.93997189352882,0.07581365165710664,g,bn
575526675969,2458880.7848706,16.87077937781616,0.10926723940713023,g,bF
575526675969,2458441.6503203,17.105775415412992,0.11016053220437066,g,bF
575526675969,2458096.5579117,16.873973542125892,0.06413555217704386,g,bo
575526675969,2459248.4004722,16.797495692684542,0.12208703707461115,g,bn
575526675969,2458491.8023301,17.013982314672937,0.09889750674780487,g,bG
575526675969,2458185.4991251,16.993199985109136,0.19663140099682752,g,bk
575526675969,2458817.812638,16.753900487899475,0.0732984491707097,g,bF
575526675969,2458166.3809461,16.97437435072589,0.07158517537218338,g,bo
575526675969,2459235.7015739,16.926371582065933,0.09945823518998079,g,bk
575526675969,2458160.6257549,16.844553574942676,0.07795183878866968,g,bk
575526675969,2458540.6944622,16.936227896271028,0.12900736451830416,g,bG
575526675969,2458419.5714582,16.913927506833268,0.16115438766165985,g,bn
575526675969,2458603.2873247,16.775680549834128,0.06684042301977171,g,bo
575526675969,2458218.3056833,16.895121657903186,0.07310079194402926,g,bo
575526675969,2458185.329069,17.08118835745404,0.042120393898741434,g,bn
575526675969,2458431.782606,17.102988339947796,0.0787078413130045,g,bk
575526675969,2458170.6121794,17.376518883603065,0.10703276351553224,g,bk
575526675969,2458473.8147227,16.44638936036591,0.09337963790727848,g,bG
575526675969,2459159.7986972,17.291005216500793,0.18297145679109572,g,bk
575526675969,2459210.4563724,17.29290538162662,0.17679568125685796,g,bn
575526675969,2459234.7132551,16.797692796078227,0.09283658262450518,g,bG
575526675969,2458907.6261336,16.87987286734081,0.09452763555118486,g,bG
575526675969,2458506.628808,16.680136651826725,0.1089788789316867,g,bF
575526675969,2458206.5146333,17.099865629122096,0.161562953248068,g,bk
575526675969,2458722.9106987,16.917327826120456,0.07221594720611663,g,bF
575526675969,2458749.8683603,16.705770048093015,0.07953319453703463,g,bG
575526675969,2458040.8845987,16.848930722739077,0.184322948361386,g,bk
575526675969,2458497.6937622,16.93293854875731,0.09100548992836752,g,bG
575526675969,2458713.8840755,16.920964517301776,0.17783409841324643,g,bk
575526675969,2459110.553489,16.85697109469595,0.07521907740757133,g,bn
575526675969,2459195.3793984,16.52858590732421,0.12993518193514236,g,bo
575526675969,2458565.6149706,16.452390631466148,0.1606593695914604,g,bG
575526675969,2459222.3350932,16.75244182579113,0.059974808588972445,g,bo
575526675969,2458396.5328583,16.86888923272565,0.05278394517264512,g,bo
575526675969,2458425.8049044,16.74120633117691,0.04635452930705877,g,bF
575526675969,2458985.2309254,17.058132540031693,0.09239492073411053,g,bo
575526675969,2458713.6779031,16.310307524751643,0.2067591336819896,g,bo
575526675969,2458464.7574288,16.94803266336082,0.07807156279681057,g,bG
575526675969,2458197.3083079,16.820762366625097,0.07132451238758267,g,bo
575526675969,2458806.8017283,16.9691793331091,0.11802284568498918,g,bk
575526675969,2459149.6908345,16.566967221881246,0.09520842121589354,g,bF
575526675969,2459183.7101446,16.438771863190297,0.14034288751840446,g,bF
575526675969,2458372.8275075,16.748173513393066,0.07589242668441545,g,bk
575526675969,2458553.6331125,16.67451176316385,0.05173403995345555,g,bF
575526675969,2458512.6153776,16.86829931528139,0.05327567491165902,g,bF
575526675969,2458542.3473834,17.055726066481384,0.06311490928932163,g,bn
575526675969,2458458.6107275,17.061453593290473,0.09192640329987208,g,bk
575526675969,2458793.4084381,17.06531289268885,0.1029727041223259,g,bo
575526675969,2458500.7048935,16.630662296582898,0.13978349391697972,g,bk
575526675969,2459285.6128031,16.9639005687007,0.10922346676989768,g,bG
575526675969,2459225.7908007,16.829680737309303,0.05872859736149411,g,bk
575526675969,2458480.7383413,17.124588495161028,0.10329107507868787,g,bk
575526675969,2459116.5561692,16.930208197213734,0.06094561139722439,g,bo
575526675969,2458525.6194197,16.842204688425234,0.08615606659429273,g,bG
575526675969,2458552.6569438,16.560671106084502,0.07027610105098184,g,bG
575526675969,2458908.6254582,17.077467504281653,0.11270239787217114,g,bk
575526675969,2458546.6740167,17.02532057921994,0.10004510652120187,g,bG
575526675969,2458619.450513,16.743389423104862,0.11336420185301489,g,bk
575526675969,2459146.663231,17.165257545944574,0.1627361267068637,g,bk
575526675969,2458465.3090759,17.039775286683415,0.08343676732252857,g,bn
575526675969,2459201.6638602,17.30967636717549,0.13319864348414664,g,bk
575526675969,2458615.2625279,17.01449777299738,0.14353972123594075,g,bn
575526675969,2458627.2026069,17.099007389979587,0.10151053076869399,g,bo
575526675969,2458550.689705,17.04391504648251,0.07515765367468247,g,bF
575526675969,2458808.7789439,17.147169530511317,0.14290613086687948,g,bk
575526675969,2458195.6241729,16.685975285424266,0.0571279973173128,g,bk
575526675969,2458807.7974553,16.829604871246634,0.09411920331486733,g,bk
575526675969,2458929.3651337,17.108491249065946,0.09433787317071778,g,bo
575526675969,2458764.7682002,16.878165698092836,0.10684823815845869,g,bF
575526675969,2458449.741493,16.760934337039057,0.10896446514645307,g,bG
575526675969,2459214.3572094,16.886483204612816,0.2002642089584237,g,bo
575526675969,2458925.5749186,17.044177040528385,0.1065716593055401,g,bG
575526675969,2458833.6617388,17.01588941763613,0.14522692284201053,g,bk
575526675969,2458815.6515762,16.925130591183233,0.09999031122583525,g,bG
575526675969,2458198.3200691,16.981497244537287,0.05166315694847392,g,bn
575526675969,2458511.592516,16.716740567978874,0.06200188147035954,g,bG
575526675969,2459174.5546704,16.816921086857867,0.07517002602062356,g,bo
575526675969,2459315.5559622,17.001636510894375,0.10431441307466549,g,bk
575526675969,2458743.7955845,16.874271989218467,0.16663486695513563,g,bk
575526675969,2458503.7978816,16.479206054429913,0.2152199031996607,g,bG
575526675969,2458625.2179182,17.146093389926815,0.08807988581632929,g,bn
575526675969,2458469.3372002,16.983332660753717,0.0534482103823018,g,bn
575526675969,2458868.6144922,17.021838952832276,0.08858962614464817,g,bG
575526675969,2458727.6036429,17.06700260224986,0.0804716015000875,g,bo
575526675969,2458568.6394852,16.90632397022856,0.0981244994602379,g,bF
575526675969,2458454.7718196,17.042840547191567,0.07933653809418033,g,bk
575526675969,2458798.8597458,16.83506860215475,0.16020995309562153,g,bF
575526675969,2458468.7094089,16.69004620553556,0.1041093408488806,g,bG
575526675969,2458509.3470466,16.900731635338886,0.05213685500344529,g,bn
575526675969,2458490.694018,17.451359094907527,0.13428636705004723,g,bk
575526675969,2458044.8720694,16.929407520015975,0.07704278903210565,g,bk
575526675969,2458165.3614774,16.83187279639432,0.05899169565253466,g,bo
575526675969,2458229.539021,16.907734109805265,0.09351705688663456,g,bk
575526675969,2459181.4920506,16.585248591978143,0.14335085832149533,g,bo
575526675969,2458535.5467016,16.726220067567503,0.07824346629407306,g,bF
575526675969,2458168.3791676,17.00061060201869,0.06396382758484757,g,bo
575526675969,2458463.5707009,16.916256940707,0.10068212251584292,g,bG
575526675969,2458446.6933133,16.666144437834003,0.17084293793699823,g,bk
575526675969,2458486.7720347,16.893708781560047,0.04873236077579554,g,bF
575526675969,2458596.5289881,16.72633886674495,0.07064791456443505,g,bF
575526675969,2459223.3273003,17.01642410817292,0.06271305783443493,g,bo
575526675969,2459325.4985334,16.81720070762067,0.12221442625872671,g,bG
575526675969,2458543.6910895,16.948762745869757,0.08318613668473952,g,bF
575526675969,2458411.8226269,16.797459588634418,0.05227745853143519,g,bF
575526675969,2458772.5754911,16.5115897662751,0.1195405134877464,g,bo
575526675969,2458411.8106243,16.670296135246783,0.11012074997191723,g,bk
575526675969,2458836.8113005,16.976719684499905,0.08696099611681603,g,bF
575526675969,2458419.7784064,16.732678359891867,0.13932613277078923,g,bk
575526675969,2458742.8271479,16.833679581827795,0.15965331456390483,g,bF
575526675969,2458836.8071523,17.17708291701505,0.13339349977273143,g,bk
575526675969,2458820.6577265,16.986958529869153,0.11772617094415476,g,bG
575526675969,2458205.599537,17.392259990393466,0.2112865629136789,g,bk
575526675969,2458437.6713196,16.810189294233304,0.06428978231317578,g,bF
575526675969,2458111.5023651,17.101593443981734,0.07816606813404095,g,bo
575526675969,2458764.7459403,16.8871597170024,0.13556202538500062,g,bG
575526675969,2458100.5577965,17.031914979736445,0.07924417233464807,g,bo
575526675969,2458795.4020323,16.603494976644182,0.11680952710915579,g,bo
575526675969,2458250.4669541,17.281891728744228,0.11149455165334922,g,bk
575526675969,2458723.9110312,17.19767557335142,0.13205482519166786,g,bG
575526675969,2458559.6254679,16.789490710968213,0.16024504020350164,g,bk
575526675969,2459143.4344636,16.94330166901355,0.05471875214330475,g,bo
575526675969,2458567.3768417,17.22008638995454,0.20293277964797315,g,bn
575526675969,2458104.5184686,16.89297609566744,0.06034958088948204,g,bo
575526675969,2458100.5709331,16.99375712515835,0.0635241056658026,g,bn
575526675969,2458504.4263222,16.912521542260265,0.21336370939842797,g,bn
575526675969,2458395.6012924,16.975042541844182,0.07078517251497655,g,bn
575526675969,2458160.3807971,16.968815785075147,0.045907226238405395,g,bn
575526675969,2459323.55221,17.235988480755687,0.2023577567664245,g,bG
575526675969,2458860.4433768,16.924586490826304,0.19325419319219145,g,bo
575526675969,2458256.1970564,17.315177514171065,0.21049522172950255,g,bo
575526675969,2458520.6632085,16.998341248096946,0.07172218279596686,g,bG
575526675969,2458606.2487629,17.11268773929643,0.12126834323157747,g,bo
575526675969,2459266.6438462,17.281484648359704,0.1618026814098824,g,bk
575526675969,2458483.3883912,17.195637784463514,0.07312055955973079,g,bn
575526675969,2459229.7593908,16.924204612034256,0.09272246679327595,g,bG
575526675969,2459054.6656821,17.074302702611867,0.12257496827743085,g,bo
575526675969,2459212.4546959,16.835968113986613,0.19531085723415847,g,bo
575526675969,2458852.6033977,16.868553725486787,0.07143301846291142,g,bG
575526675969,2459186.852365,16.71447108984702,0.16848252336134056,g,bk
575526675969,2459202.8421968,16.794608902888204,0.08601995293173044,g,bk
575526675969,2458489.6988168,16.842499016255143,0.06876173403254514,g,bk
575526675969,2458884.7522479,17.03548506016205,0.14648898210494768,g,bG
575526675969,2458849.8072229,16.868578193192786,0.08640793832164893,g,bG
575526675969,2459147.7473154,16.820046225975098,0.11173066786177582,g,bF
575526675969,2458811.7893613,16.914549416690047,0.09261585220309139,g,bG
575526675969,2459208.4268934,16.890333236651074,0.10102878949884854,g,bo
575526675969,2458541.6859633,16.71405060289143,0.09276723927788443,g,bG
575526675969,2458740.8338058,16.70167086207313,0.19985680219955035,g,bF
575526675969,2458562.6017583,16.813414044211335,0.18023482331068577,g,bG
575526675969,2458536.5341586,16.922695008817634,0.11556917588151469,g,bF
575526675969,2458514.7660559,16.596554274750943,0.09663238172971156,g,bG
575526675969,2458512.5205078,17.166900424110253,0.09222346132655651,g,bn
575526675969,2458849.4289438,16.98537962177869,0.08126842243776691,g,bo
575526675969,2458255.4539034,17.210416507155077,0.17176839770312263,g,bk
575526675969,2458725.8648673,16.877514906391575,0.06644435809283677,g,bF
575526675969,2458201.6211271,17.238130518836126,0.1192207760343489,g,bk
575526675969,2458782.8480724,16.462174638137146,0.10918069793368211,g,bk
575526675969,2458879.7670471,16.795138221146168,0.09509877538058095,g,bG
575526675969,2459277.419125,16.55959696806864,0.10713212405373672,g,bo
575526675969,2458857.5667197,17.022236359282505,0.17208730237698794,g,bF
575526675969,2458509.4141788,16.768357921361748,0.08932690167467791,g,bo
575526675969,2458883.7534983,17.10267687402182,0.1231429315684974,g,bG
575526675969,2459308.2573528,16.98865263042055,0.09569660860530335,g,bn
575526675969,2459254.7704299,16.81826271819331,0.08419102506780946,g,bF
575526675969,2458923.3998456,17.222324925419827,0.1953765949924393,g,bo
575526675969,2458864.8055927,16.81005774322128,0.11886053616915063,g,bG
575526675969,2458081.8300155,16.977504829858233,0.057705013314766525,g,bk
575526675969,2458380.7999514,16.775549597581506,0.0625324020385405,g,bk
575526675969,2458460.5931424,16.88212102575829,0.06495555616407794,g,bk
575526675969,2458755.7634178,16.745099413739155,0.09496462119794791,g,bG
575526675969,2458827.6482494,16.715654240206927,0.16664643664877893,g,bG
575526675969,2459137.4834785,16.724929188826373,0.07064285490870843,g,bn
575526675969,2458510.4703025,16.820172911692268,0.09387470281130618,g,bo
575526675969,2458801.7888178,16.655196979571077,0.11267078858009306,g,bF
575526675969,2459170.8532747,16.949086641415796,0.12271312390647618,g,bG
575526675969,2458754.8663911,16.97023874550648,0.06894963364915473,g,bF
575526675969,2459199.4551516,16.871284964685927,0.05258916912403418,g,bo
575526675969,2458045.8688649,16.89728119674793,0.07348234079678166,g,bk
575526675969,2458532.3665684,17.135506762159558,0.2003713632163525,g,bo
575526675969,2458123.5115756,17.226580650233046,0.14457142577730983,g,bo
575526675969,2458805.7862817,16.995991968946647,0.14379557405154839,g,bF
575526675969,2459224.5811366,16.789429192691458,0.06609351707599496,g,bF
575526675969,2459200.3528492,17.008370824614754,0.04653926035826469,g,bn
575526675969,2458897.7432235,16.902872591749517,0.07588030225495672,g,bF
575526675969,2459270.6331927,16.25530081149619,0.11673798739749235,g,bG
575526675969,2459207.5772137,16.908680393154967,0.12971562389254088,g,bF
575526675969,2459186.6068122,16.675828710603167,0.11726336075767832,g,bF
575526675969,2458517.7567409,16.672795991482573,0.08512949741865541,g,bG
575526675969,2458869.783695,16.80473314845707,0.09182079839596323,g,bk
575526675969,2458510.5893265,16.989240697279225,0.09336927785386394,g,bG
575526675969,2459334.5014388,16.56321296790332,0.08798992337688828,g,bG
575526675969,2459209.5914048,16.58833104261427,0.11801483716798254,g,bF
575526675969,2458501.828121,16.80193829035708,0.06425239375040696,g,bF
575526675969,2458564.3815934,16.384355434151725,0.1373239443549808,g,bn
575526675969,2458033.859048,16.64782372473647,0.11362942179999423,g,bk
575526675969,2458501.5381836,17.086601228976775,0.0765542434418911,g,bn
575526675969,2459210.8432945,16.74821577779412,0.06955210455689836,g,bF
575526675969,2459216.420286,17.055114030877352,0.10624453917204545,g,bn
575526675969,2458547.6998229,16.822453065577594,0.07055085858476096,g,bF
575526675969,2458741.823426,16.21181404157522,0.09476438176316171,g,bF
575526675969,2458186.6383448,16.885671858580093,0.06596011492680603,g,bk
575526675969,2458478.6152944,17.156955865808946,0.11710504052033702,g,bk
575526675969,2458837.3429824,17.01492816935098,0.06136992661967233,g,bn
575526675969,2458519.331844,16.85470961786297,0.044177628654359334,g,bo
575526675969,2458825.7679328,16.790330370725115,0.08418487649759017,g,bF
575526675969,2458210.5849797,16.782607515838038,0.17257468266398862,g,bk
575526675969,2458153.3301401,16.90341912469073,0.0725470467335521,g,bo
575526675969,2458777.7957281,16.736124813138847,0.09066075571885383,g,bF
575526675969,2458747.5695807,16.743140057838467,0.18835111736996146,g,bo
575526675969,2459254.364541,16.903058060818164,0.06364404209190934,g,bn
575526675969,2459173.61986,17.045263214171925,0.09924874624453156,g,bF
575526675969,2459189.3170566,17.09453223269538,0.07366695066928566,g,bo
575526675969,2458599.2604115,17.084742740345934,0.08513043571414672,g,bo
575526675969,2459279.6928726,16.77559617961596,0.10407743810890187,g,bF
575526675969,2459209.6015968,16.65840661818509,0.14718882883143677,g,bk
575526675969,2458847.5347589,16.935364512528555,0.12300386410638287,g,bF
575526675969,2458883.7807244,16.94718571659847,0.092944026860424,g,bF
575526675969,2459059.6709141,16.907030307444835,0.07162961944213304,g,bo
575526675969,2458512.4945661,17.12132376871398,0.09658536425212678,g,bo
575526675969,2458783.8435455,16.860175178151675,0.08552256854624793,g,bG
575526675969,2458703.9113009,17.362349733278556,0.12972857698997067,g,bk
575526675969,2458492.4588034,16.806622159444757,0.06919708265997193,g,bo
575526675969,2458699.9181507,17.095048462542294,0.12006032804960957,g,bG
575526675969,2458840.7554403,16.76034073828037,0.05585794508980821,g,bF
575526675969,2458849.7850446,16.834088072429022,0.05939489417214262,g,bF
575526675969,2459214.5807864,16.30824719217108,0.10600085657528441,g,bF
575526675969,2458085.5703882,16.740171246169968,0.0973420165813025,g,bo
575526675969,2458153.3129606,17.184794027725655,0.07376435820638215,g,bn
575526675969,2458082.8307071,16.780728188357774,0.04606509756313444,g,bk
575526675969,2458223.5533469,16.874365302061673,0.06511656920097982,g,bk
575526675969,2458499.801478,16.784536244435692,0.06679409132566258,g,bG
575526675969,2459278.6924555,16.87363075462501,0.11734406307536814,g,bF
575526675969,2459236.7684735,16.960032251445195,0.097601769824699,g,bk
575526675969,2458855.6369752,16.709564032583675,0.17621501251444935,g,bk
575526675969,2458710.6443759,16.90393971529514,0.17467289650078216,g,bn
575526675969,2458556.6422886,16.853851469455876,0.09630873597139068,g,bG
575526675969,2458102.5441443,17.144806027538014,0.05914027204646536,g,bn
575526675969,2458472.6562633,16.349367712858974,0.07985832726465653,g,bF
575526675969,2458866.8304013,16.849601910196455,0.1483216516536381,g,bF
575526675969,2459166.7431711,16.648317234823775,0.09655173400300407,g,bG
575526675969,2458222.2543025,16.955553088366212,0.06142325229356144,g,bo
575526675969,2459188.398152,17.21172049007307,0.16495957182289822,g,bn
575526675969,2458761.8695501,16.682462171375775,0.060361517921864914,g,bF
575526675969,2459226.7887196,16.494248185708578,0.0790330452258586,g,bG
575526675969,2458507.7256463,17.08289531828684,0.17338758843712127,g,bF
575526675969,2459203.3810227,16.99980891299582,0.06099538932120611,g,bo
575526675969,2459176.6896808,16.79944224734757,0.09456159714658091,g,bk
575526675969,2458569.6311617,16.645002257980302,0.06312290068590426,g,bF
575526675969,2458542.7124174,16.812380882830908,0.05571360967591259,g,bF
575526675969,2458417.84826,16.34374482875515,0.1131844516241524,g,bk
575526675969,2458693.9315217,17.050396872393886,0.09571606267513337,g,bF
575526675969,2458767.7580742,16.72123558883351,0.14423550212867284,g,bF
575526675969,2458415.8093708,16.83608547781504,0.13903903525378009,g,bF
575526675969,2458804.6625684,16.51067106283606,0.11769506724857456,g,bk
575526675969,2458785.6833725,16.932672107649125,0.08860006961357647,g,bk
575526675969,2458591.3158006,16.721656859811503,0.1939284963422892,g,bn
575526675969,2458528.5902534,16.98168558855192,0.13595417474503532,g,bG
575526675969,2459002.2039993,16.64896614677463,0.16034200044026475,g,bn
575526675969,2458600.5142772,16.81695185758836,0.09180506367755259,g,bG
575526675969,2458347.8863042,16.94266088025159,0.0664446608814315,g,bk
575526675969,2458216.2774652,17.039959780741757,0.0683821532969969,g,bn
575526675969,2458478.4472496,17.064720353704196,0.13091942657558514,g,bo
575526675969,2458796.4030332,16.653409028728984,0.11094476270166938,g,bo
575526675969,2458115.4114892,17.488285032731,0.19590735832898643,g,bo
575526675969,2459174.5583531,16.863672916010444,0.07187830797120282,g,bn
575526675969,2459167.7395737,16.831256205128547,0.0648559740032323,g,bF
575526675969,2458499.6118825,17.011434195322817,0.10534249022042082,g,bk
575526675969,2458168.3644984,17.007774900329235,0.05151159284451961,g,bn
575526675969,2458482.7316418,17.021501703218416,0.10060986044292783,g,bG
575526675969,2458103.5363239,17.178782517443526,0.07501935477699663,g,bn
575526675969,2458492.7132287,16.887713082509386,0.05903771974434425,g,bF
575526675969,2459184.4219656,16.84345609660561,0.11835089761315663,g,bn
575526675969,2458498.7987772,17.045972603508798,0.07825815636012728,g,bF
575526675969,2458579.5251161,17.06475192286037,0.11797902457803443,g,bG
575526675969,2459224.5672715,16.873488502331615,0.09471936858404288,g,bG
575526675969,2458813.7033206,16.787101070462032,0.08727985869131102,g,bG
575526675969,2458070.8429115,17.19190176219068,0.0865905439870213,g,bk
575526675969,2459137.4686873,16.846232408485214,0.07875325751088816,g,bo
575526675969,2458448.8013686,16.721684557280724,0.15131274479659904,g,bk
575526675969,2459223.8231306,17.153553916910877,0.11036634248572628,g,bG
575526675969,2458081.5998993,16.528803778482033,0.12943966620330905,g,bn
575526675969,2458495.7139008,16.77415810057088,0.055965772437755815,g,bF
575526675969,2458762.5179392,16.709014795343293,0.052864875804063634,g,bn
575526675969,2459187.6591792,17.02484814000908,0.14592214070266968,g,bF
575526675969,2458913.5907607,17.032225481228664,0.16791042153261077,g,bk
575526675969,2458162.6171619,16.986217968871177,0.0658587628109589,g,bk
575526675969,2458124.6274751,16.988766011793285,0.06752793877056634,g,bk
575526675969,2458825.8554243,16.8631727840755,0.1615658034215432,g,bG
575526675969,2458539.434284,16.996171216503186,0.11229572972761594,g,bn
575526675969,2459571.7555129,16.363152605987054,0.10020607325882865,g,bk
575526675969,2459578.8224697,16.775710263044523,0.08304997926817817,g,bk
575526675969,2459583.6634112,17.03069126663288,0.10526633760334422,g,bk
575526675969,2459579.7395394,16.99267374979805,0.10899724587945532,g,bk
575526675969,2459580.8228061,16.908938180862048,0.07118379915740496,g,bF
575526675969,2459583.6724904,16.841269373933933,0.07009120884079557,g,bF
575526675969,2459586.7327431,17.223500681104262,0.12230095049108351,g,bk
575526675969,2459587.5658966,16.73173337855199,0.05245430037515291,g,bF
575526675969,2459587.6863161,16.931459174142645,0.07235908694634866,g,bG
575526675969,2459586.7100961,16.567835352001406,0.08497246989403133,g,bG
575526675969,2459591.409617,17.0320951660111,0.13174786013122342,g,bo
575526675969,2459592.6301534,17.22003873748449,0.18347867721463598,g,bk
575526675969,2459596.3638584,16.687205541604996,0.1374313834639607,g,bn
575526675969,2459597.7880312,16.295354894984328,0.20898299778213228,g,bG
575526675969,2459598.319048,16.951651579786855,0.21210867127985,g,bn
575526675969,2458163.6121746,16.919843415144605,0.06450580224062553,g,bk
575526675969,2459285.5723357,17.359434978800877,0.136839436425397,g,bk
575526675969,2458186.3273381,16.98400626712724,0.06824845060664779,g,bn
575526675969,2458157.6497494,16.947143822828682,0.06744326530718503,g,bk
575526675969,2458442.753126,16.599988562394344,0.11371380833616201,g,bk
575526675969,2459207.4381467,17.108945422109517,0.11219258821434315,g,bo
575526675969,2458917.638503,16.750671986029253,0.19301417706402882,g,bF
575526675969,2458196.3112375,17.076101894371963,0.05229597447485445,g,bn
575526675969,2459310.5013118,16.913756667368947,0.08250269204367021,g,bk
575526675969,2458537.537138,17.037463423434605,0.0981398346078487,g,bF
575526675969,2458716.9009952,16.00534230663621,0.08792800386247637,g,bG
575526675969,2458823.6109713,16.861355573105094,0.11939772054619419,g,bk
575526675969,2458217.5616011,17.030266278343106,0.06789588516837168,g,bk
575526675969,2458894.5670977,16.864982073583565,0.07434109550575202,g,bF
575526675969,2459188.3258339,17.22315870626671,0.13639954515921576,g,bo
575526675969,2459292.6424512,17.131526276664534,0.15100999699684606,g,bG
575526675969,2459279.6591565,17.102239515320093,0.14072243504430856,g,bG
575526675969,2459324.5612334,16.56826553429137,0.08513698695078499,g,bF
575526675969,2458167.640132,16.914433694801506,0.06173586393121847,g,bk
575526675969,2459265.693981,16.782854273210038,0.09576475980087615,g,bk
575526675969,2459221.3313437,16.887463562433883,0.06204771779614785,g,bn
575526675969,2459333.5191429,16.384706457409404,0.15757009983539086,g,bk
575526675969,2458221.5224644,16.99537947811455,0.07292279548459898,g,bk
575526675969,2458189.6405428,17.08981521444287,0.07436566942925547,g,bk
575526675969,2459584.6722486,16.915258013829092,0.10613773067140059,g,bk
575526675969,2458807.7981591,16.926327807226183,0.10536616417852936,g,bF
575526675969,2458696.9285933,17.011951013120992,0.10405922587951058,g,bG
575526675969,2459191.793527,16.755742893138066,0.0782864846917551,g,bF
575526675969,2458412.7093178,17.0812612400183,0.17862662519916558,g,bG
575526675969,2458525.6001632,16.858987918250364,0.06060950782934778,g,bF
575526675969,2459329.524821,16.47229502237429,0.1348697465003712,g,bk
575526675969,2458585.5271221,16.745512045250525,0.09248122177203283,g,bk
575526675969,2459475.5460457,16.936860137721894,0.21386598929820147,g,bn
575526675969,2458424.4467322,17.260143877245376,0.07048005585662741,g,bn
575526675969,2458195.2998798,16.992109574631755,0.056516976371412286,g,bo
575526675969,2458851.2932956,17.04338358269185,0.11781260959511802,g,bn
575526675969,2458183.508307,16.91894663750221,0.061443843579353626,g,bk
575526675969,2458933.3571186,17.020424761060532,0.08357840602754228,g,bn
575526675969,2459577.8027011,16.96362343025858,0.194163570422001,g,bk
575526675969,2458824.7559558,16.68043316909097,0.09056396772329493,g,bF
575526675969,2458555.5649534,17.189390771472706,0.12724029538381385,g,bk
575526675969,2459223.8471298,16.927197394525187,0.07844579538608844,g,bF
575526675969,2459233.6817166,17.051836840198497,0.12145625039934055,g,bG
575526675969,2458838.7404953,16.862790753341102,0.08993640078536727,g,bG
575526675969,2459147.7551499,17.233547570766056,0.1293489401935875,g,bG
575526675969,2459234.6919403,17.27874851902155,0.12777525363220318,g,bk
575526675969,2459208.7107591,16.523351884831776,0.0907266082071404,g,bG
575526675969,2459313.5243189,17.09990750865121,0.10323458299633921,g,bk
575526675969,2459263.6726021,16.813876296993783,0.0792531044588121,g,bF
575526675969,2459479.8476965,16.324224139975968,0.15573513067799905,g,bG
575526675969,2459466.8012186,16.880336060753223,0.10642718443118342,g,bG
575526675969,2459230.3520075,16.798944268716355,0.10361545189815052,g,bn
575526675969,2459585.7020969,17.131302867022026,0.08850885215898785,g,bG
575526675969,2459263.6345618,17.03457082741791,0.11444772903207745,g,bk
575526675969,2459286.6232071,16.982369454096492,0.10128204825559896,g,bk
575526675969,2458165.3504255,17.15146560346984,0.06080444179053697,g,bn
575526675969,2459121.5346643,17.09894107307391,0.19750919351822904,g,bn
575526675969,2458102.5245127,17.100807512881666,0.06686804442497858,g,bo
575526675969,2458829.7501244,16.41322704818449,0.1632108178859015,g,bk
575526675969,2459465.5832388,17.165602306435876,0.08608895324964555,g,bn
575526675969,2458793.7966823,16.73898775427031,0.06286627868922351,g,bF
575526675969,2458393.7861794,16.936126896550498,0.10324043099188196,g,bk
575526675969,2459447.8777041,16.628551334388177,0.14532446989443779,g,bF
575526675969,2458853.7159899,17.34688514219384,0.19162669975093283,g,bk
575526675969,2459305.5991104,17.11432661893471,0.19470143154558134,g,bk
575526675969,2458879.7941994,16.911963702951674,0.12330527722287031,g,bF
575526675969,2459443.8882145,16.661806285784003,0.071177925737981,g,bF
575526675969,2458851.6440445,16.645472198031236,0.1029347494608219,g,bG
575526675969,2458903.6222589,16.86606773088482,0.06570891529991793,g,bF
575526675969,2458182.2750468,16.933490141255266,0.058482739581028176,g,bo
575526675969,2458518.7095738,16.901599254715602,0.07385479527159063,g,bk
575526675969,2459243.4368372,16.794657320250256,0.17435189701797288,g,bn
575526675969,2458568.2817203,16.73641432296599,0.0495140410868302,g,bo
575526675969,2458498.4340167,17.19293820342584,0.07364104751877293,g,bn
575526675969,2458502.7938348,16.920564736132178,0.18183579571241584,g,bF
575526675969,2458079.8323897,17.105814490932943,0.06971800581398525,g,bk
575526675969,2458136.6426699,16.90349188617313,0.06007452901910838,g,bk
575526675969,2459230.8071009,17.02335109952447,0.12843585753060074,g,bG
575526675969,2458829.7513433,16.137903691844475,0.1681236104777389,g,bk
575526675969,2458924.6735608,16.864675186808363,0.09282100515302213,g,bF
575526675969,2458893.755818,16.631126115879734,0.17173596233866095,g,bF
575526675969,2458875.8027127,17.030014849822802,0.10078880432137474,g,bF
575526675969,2458928.4145695,16.875492060154123,0.07945879320624896,g,bn
575526675969,2459290.5494344,16.921227299618792,0.09366420189598065,g,bG
575526675969,2458575.3327458,17.19306252129283,0.09647730590891779,g,bn
575526675969,2458821.6892122,16.93841470871407,0.12555150328299633,g,bk
575526675969,2458705.9271502,16.85196886191259,0.07836922844360796,g,bF
575526675969,2459114.5220592,16.750720816526588,0.08040729666919585,g,bo
575526675969,2459217.8339052,17.194921031494303,0.1832296606362584,g,bG
575526675969,2459311.5872934,16.88526387149997,0.08672734835391994,g,bG
575526675969,2458730.824997,16.897916196376993,0.14435813028553335,g,bG
575526675969,2459452.8241884,16.86363262862074,0.18536668180471594,g,bk
575526675969,2458515.7180648,16.968072883909922,0.10144951426295376,g,bG
575526675969,2459291.6386179,16.958950170413996,0.13485786396262564,g,bG
575526675969,2458540.7176672,16.745564515937176,0.07242286117850108,g,bF
575526675969,2459343.494458,17.08854321585148,0.11438071299107486,g,bk
575526675969,2459292.3196117,16.851763375191858,0.07565137680971197,g,bn
575526675969,2458412.7398462,17.03892563990154,0.11900719964341641,g,bF
575526675969,2459430.8957317,17.164779030368273,0.1714306435211973,g,bG
575526675969,2458802.852042,16.7840675205671,0.1785900061448887,g,bG
575526675969,2458471.6133599,17.06788548739423,0.159219534528687,g,bk
575526675969,2458083.8313957,17.23005395860538,0.09307858579545415,g,bk
575526675969,2458862.6365463,16.715249593056697,0.08247566673274812,g,bG
575526675969,2459203.8451455,17.054355735855374,0.1390010045536982,g,bG
575526675969,2459194.3175153,16.81961703091844,0.062388143121733554,g,bn
575526675969,2459210.4639616,16.766056522904044,0.18394877985194927,g,bo
575526675969,2459203.3996291,17.04875881257746,0.05846934274504967,g,bn
575526675969,2458528.4401158,16.848133655664434,0.07044288468825252,g,bn
575526675969,2459238.5675146,16.970288566180344,0.08979692006359201,g,bn
575526675969,2458763.7479004,16.623566939848796,0.08588119984313125,g,bk
575526675969,2458854.7668552,17.110647083647585,0.13781567346079213,g,bk
575526675969,2459245.3316817,16.536037953212915,0.09094498374703318,g,bn
575526675969,2459236.5153579,16.863777358283635,0.06421197756403234,g,bn
575526675969,2458894.5349525,16.814038018986423,0.08751792739007926,g,bk
575526675969,2458439.6372857,16.876505846436515,0.09863836027655011,g,bG
575526675969,2458703.9349937,16.867070142662268,0.13165268702644653,g,bF
575526675969,2458167.3619948,16.957952195141747,0.06562855180471058,g,bn
575526675969,2458763.8861378,17.161200811598608,0.13059879153042864,g,bF
575526675969,2458023.8962547,17.01991331948256,0.1247129280982627,g,bk
575526675969,2458861.6439199,16.854910599902375,0.157578270034711,g,bk
575526675969,2458041.8814104,16.868254874178504,0.1259152936132595,g,bk
575526675969,2459530.3905997,17.209497934566247,0.18450205141815407,g,bn
575526675969,2458842.4275133,16.875186046120533,0.0509690086897216,g,bn
575526675969,2458539.6918044,16.737351904465797,0.10094750282120625,g,bG
575526675969,2458866.6154133,16.90723983009599,0.09285907803316228,g,bG
575526675969,2459605.3188281,16.891144929205723,0.07312519195262886,g,bn
575526675969,2459606.6330364,16.927458737184203,0.09729663522745409,g,bk
575526675969,2459605.7773074,16.61944064103776,0.14019675510946752,g,bG
575526675969,2458173.5907145,16.750065098677695,0.09894909362693138,g,bk
575526675969,2459436.886145,16.726213625607674,0.12780887908468117,g,bG
575526675969,2458825.3729334,16.31045463964362,0.09451433583282715,g,bo
575526675969,2458611.4797891,16.846270672212345,0.10164534220467207,g,bk
575526675969,2458839.7654933,16.918471687232504,0.12023078845993838,g,bG
575526675969,2458823.8581843,16.416370626981735,0.1768029211682148,g,bG
575526675969,2458459.7133127,17.167588868474976,0.10156086383174112,g,bk
575526675969,2458492.670662,16.895636776130452,0.074434396292358,g,bG
575526675969,2458823.4294711,17.028267430611038,0.07961556292207002,g,bo
575526675969,2459256.7350375,16.794744305356485,0.07663591557895652,g,bF
575526675969,2458831.8090407,16.688280257557004,0.1611876888427072,g,bG
575526675969,2459563.2959558,16.90170913070599,0.19915257382451929,g,bn
575526675969,2459348.4787153,16.94716058109464,0.12225895493301331,g,bG
575526675969,2458187.3444011,16.784942218475848,0.1203938581123886,g,bn
575526675969,2459224.3303991,17.033565404271823,0.08982597439938186,g,bn
575526675969,2459609.7160009,16.779751878576995,0.05020708081389606,g,bF
575526675969,2458568.6082219,16.725466059651175,0.11529786802689135,g,bG
575526675969,2458516.6847993,16.879918071044642,0.07668180924518937,g,bk
575526675969,2458761.524269,17.16539146949295,0.08066250936772439,g,bn
575526675969,2458539.404909,16.892734322015464,0.08211802904229136,g,bo
575526675969,2458156.3917319,17.077994004814123,0.04947626610516635,g,bn
575526675969,2458577.6316599,16.668639040168514,0.08531039948198108,g,bF
575526675969,2458087.5731666,16.91255040835999,0.05017889135005965,g,bn
575526675969,2458513.7664288,16.597330327717728,0.09502606360555364,g,bG
575526675969,2459608.7728958,16.968199901754563,0.11516087503871768,g,bk
575526675969,2459251.4023203,17.046311360601056,0.07355504102816159,g,bn
575526675969,2459611.7224276,16.89653275319076,0.12043518748781364,g,bk
575526675969,2459612.7014418,16.922968378970992,0.12776474524151066,g,bk
575526675969,2459614.7475314,16.581859825122272,0.07131249813250061,g,bk
575526675969,2459613.7504937,17.199371094750283,0.19921363205145937,g,bF
575526675969,2459494.4946459,16.93786242364064,0.07947061456597271,g,bn
575526675969,2459524.6212358,16.681265976800834,0.06130263128275035,g,bG
575526675969,2459527.6461375,16.839477044109096,0.08322372566978634,g,bF
575526675969,2459201.3310772,17.091154221849827,0.06466190478724888,g,bo
575526675969,2458077.5989456,17.164292951861423,0.12334815866200965,g,bn
575526675969,2458539.5358994,16.7356227332752,0.05582251826503288,g,bF
575526675969,2459103.5864597,16.764787728598858,0.14980243361757792,g,bn
575526675969,2458567.3361688,16.987770188581763,0.12693133005402787,g,bo
575526675969,2458871.7733076,16.774774890476593,0.11966376213212358,g,bG
575526675969,2458472.838295,16.897856050113017,0.0720806104140994,g,bk
575526675969,2458456.7296268,16.91833952777841,0.07182270097163067,g,bG
575526675969,2459184.4075077,16.3827520085909,0.10315676208979609,g,bo
575526675969,2458822.7401054,16.798760383002666,0.06636951560899423,g,bF
575526675969,2459497.7864046,16.612011123342437,0.0691676460677212,g,bk
575526675969,2458817.6740692,17.278490411518536,0.12168085944724015,g,bG
575526675969,2459288.5572106,17.13985145359553,0.12414240106955954,g,bk
575526675969,2459426.9208872,17.149372619973914,0.20165438892897522,g,bG
575526675969,2459514.6845214,17.063029969967822,0.09756413198252317,g,bk
575526675969,2458414.8334084,17.010695712124836,0.19066263184450744,g,bG
575526675969,2458924.6405435,16.865938473563958,0.10218242634733547,g,bG
575526675969,2459508.7869953,16.51739122195088,0.1190267587072188,g,bk
575526675969,2459457.8512422,16.817639396925554,0.0880232838469466,g,bF
575526675969,2459478.8322352,16.56219849580857,0.19571514480001298,g,bk
575526675969,2458602.2251169,17.013317365481832,0.07889005129253057,g,bn
575526675969,2458864.6199,16.691465702928184,0.07391915723436931,g,bk
575526675969,2459114.5476102,17.06381012408421,0.09290959519588414,g,bn
575526675969,2459168.6134778,17.028946274911508,0.09088773006719346,g,bG
575526675969,2458701.9330979,17.133883233182672,0.17713252317224182,g,bG
575526675969,2459481.8176006,16.630343861435158,0.08992607400565703,g,bk
575526675969,2458841.7099541,17.215011045767458,0.10497687188982784,g,bk
575526675969,2458997.2126753,16.822729472622832,0.09350645892932519,g,bn
575526675969,2458080.83306,17.104637023752826,0.06377231235601269,g,bk
575526675969,2459500.723887,16.633976130596007,0.08589309126764284,g,bF
575526675969,2459431.6712652,17.04168579581696,0.09526298817830407,g,bo
575526675969,2459444.8964088,17.01636511893299,0.1270691593797278,g,bG
575526675969,2459504.7707648,16.881245861835506,0.11632853512685683,g,bk
575526675969,2458537.4571205,16.619628129783987,0.1251730820659135,g,bn
575526675969,2459473.7957618,17.084655202446275,0.17735203695284998,g,bk
575526675969,2458474.836066,16.5844827884068,0.150929259437059,g,bF
575526675969,2458403.761021,16.915341781084205,0.066734621342346,g,bk
575526675969,2458157.4085079,16.8715153831496,0.048049136107357684,g,bo
575526675969,2458142.3742984,16.936418809417482,0.05749148287255103,g,bo
575526675969,2458904.5404072,16.637390005143445,0.08212361999478365,g,bG
575526675969,2459502.7418252,16.713113014178884,0.08760121691078833,g,bF
575526675969,2459548.5868371,17.13327409158111,0.1326925768712752,g,bn
575526675969,2459501.7396497,17.065850824723572,0.18324249360704448,g,bG
575526675969,2458719.6194276,16.95211244901232,0.11255924887736372,g,bn
575526675969,2458832.8291302,16.739713825476752,0.1333752910352971,g,bF
575526675969,2459306.5462634,16.84159000034978,0.08254767155714264,g,bk
575526675969,2458797.6879409,16.55847569792067,0.18272405694674726,g,bk
575526675969,2458486.7682104,17.12199589555359,0.093852773312469,g,bG
575526675969,2459473.8335156,16.707413376446254,0.10837616943512446,g,bG
575526675969,2458165.6729982,17.172151454345915,0.07621913663048817,g,bk
575526675969,2459503.7595354,16.85294329979277,0.14885580106916985,g,bF
575526675969,2459321.2982362,16.83400671412404,0.08849872957550743,g,bo
575526675969,2459537.7187415,16.343386777975333,0.11935843945660095,g,bk
575526675969,2459233.3247902,16.863821414544184,0.08333436220163921,g,bn
575526675969,2458477.7781525,16.262940244592645,0.06804984221504602,g,bF
575526675969,2458199.5914649,17.112416971527672,0.07695339319561773,g,bk
575526675969,2458707.8984402,16.80369404216631,0.08445690166004655,g,bG
575526675969,2459081.6099174,16.698634964541842,0.06157288591606175,g,bo
575526675969,2459558.5589853,16.69455916323875,0.11340949065524648,g,bG
575526675969,2458511.5070544,16.778535098583543,0.07543865563735822,g,bo
575526675969,2459127.526161,16.892439000276845,0.1612862759848035,g,bo
575526675969,2458169.3459395,16.944850101310625,0.06576042382120413,g,bo
575526675969,2458814.5754406,16.990238794834838,0.12450211156623446,g,bk
575526675969,2458212.5024205,16.832706684181908,0.07585969969114459,g,bk
575526675969,2458548.6681758,16.62550718315526,0.05937874279658775,g,bG
575526675969,2458566.6136986,16.859701654025187,0.1457841358572139,g,bG
575526675969,2459530.6078497,16.756939467310342,0.14740391645135323,g,bk
575526675969,2458166.3662232,17.130837393901164,0.06557104251257984,g,bn
575526675969,2458239.2461167,16.750931216837227,0.16451964621155316,g,bo
575526675969,2459465.5491144,17.181922364014472,0.09432598983588075,g,bo
575526675969,2459416.9413793,16.36867606538766,0.13774386881852566,g,bF
575526675969,2459462.5601503,17.046245536412485,0.11215416140916605,g,bo
575526675969,2459215.4061419,16.620922570690418,0.1353786003155354,g,bn
575526675969,2459548.8143201,16.994940172937557,0.10990529088028128,g,bk
575526675969,2459547.7109536,17.108443130206734,0.08311416824025354,g,bk
575526675969,2458510.61252,16.85030507217838,0.06047099172006122,g,bF
575526675969,2458124.5411555,17.076898328181056,0.11327627274315466,g,bn
575526675969,2459216.5435677,17.183798199826178,0.13998099358775423,g,bG
575526675969,2458366.9063733,16.716520726985305,0.08532248939788185,g,bk
575526675969,2458510.4297799,16.983698603873915,0.0689176910165789,g,bn
575526675969,2459286.6490482,16.83053901966016,0.07985071317555267,g,bF
575526675969,2459556.7290411,16.721584273200932,0.06025169994733558,g,bF
575526675969,2459542.7496104,16.763598953812945,0.08534487715084806,g,bF
575526675969,2459515.6767195,16.749895095528796,0.050124812406297875,g,bF
575526675969,2459539.6242659,16.86961594806633,0.1346455159908563,g,bF
575526675969,2459548.684472,16.886468324017294,0.0723565917832016,g,bF
575526675969,2459294.6588449,17.119961178527618,0.11782374927280222,g,bF
575526675969,2459603.7666599,16.598338898668324,0.10292144717904754,g,bF
575526675969,2459193.5695473,16.60341593237082,0.07698799125430912,g,bG
575526675969,2459409.9350129,16.449339624980897,0.09627536700688409,g,bG
575526675969,2458575.3067571,16.963582721898117,0.0738123002175497,g,bo
575526675969,2458765.7646947,16.691913179110813,0.1290836496276963,g,bF
575526675969,2458515.7810136,17.172726367639214,0.10384390950886989,g,bF
575526675969,2458812.695165,16.837032269892163,0.08824254011249015,g,bk
575526675969,2458582.5193144,16.95589566652474,0.08864907164643167,g,bk
575526675969,2459483.7862192,17.089525116307193,0.13935380372695275,g,bF
575526675969,2459509.7635334,16.81353557188668,0.19627172578145052,g,bG
575526675969,2459149.7375336,17.32863278290907,0.2113000490290504,g,bk
575526675969,2458479.7538275,16.605764587712173,0.06831023482009217,g,bF
575526675969,2458397.7826174,16.897498354033754,0.060566565156403,g,bk
575526675969,2459620.6006165,16.655115347475295,0.06887705524794721,g,bF
575526675969,2458763.5141495,17.032423724703175,0.09068644838547968,g,bn
575526675969,2459619.6572924,16.77986174124294,0.10430884921308586,g,bG
575526675969,2459235.782441,16.837048015237887,0.1298506544413116,g,bG
575526675969,2458531.7171168,16.78913998269126,0.15363440450160515,g,bG
575526675969,2458080.5704786,16.966295776823525,0.0568602840466793,g,bo
575526675969,2458440.7406011,17.269001495069023,0.17346193542183314,g,bk
575526675969,2459629.6577157,16.522676492119356,0.12364195219001188,g,bF
575526675969,2459494.8151099,17.224169225682985,0.14292590991678156,g,bk
575526675969,2459515.6644331,16.91701693521602,0.12008005131342786,g,bk
575526675969,2458141.661418,17.049062615343683,0.06497485824428201,g,bk
575526675969,2458580.5372879,16.9591171886317,0.09106274015385252,g,bk
575526675969,2459622.6200743,17.08649186080239,0.17342958576718198,g,bF
575526675969,2458116.5638981,17.05333326566727,0.059896159185820044,g,bn
575526675969,2459485.7597213,17.239254157837458,0.16394313408700653,g,bk
575526675969,2458046.8657385,16.99490812366672,0.06283485056183376,g,bk
575526675969,2458833.4880311,17.01483969522491,0.12265075033665403,g,bo
575526675969,2459050.6852781,16.669746613486666,0.12796645165040474,g,bo
575526675969,2459552.5617618,16.869773100719335,0.13053505465487397,g,bG
575526675969,2459340.4899549,16.7630601030486,0.11249320063280736,g,bG
575526675969,2458408.8580694,17.014699233579435,0.06194125582424923,g,bk
575526675969,2458850.5348924,17.075528697356457,0.11035674374965172,g,bk
575526675969,2458546.3652203,17.100207416050807,0.0729685272641507,g,bo
575526675969,2459534.6620294,17.03784352587226,0.20936022095299714,g,bk
575526675969,2458132.6525995,16.812374699892825,0.06502883544580838,g,bk
575526675969,2459242.489608,17.26521553890494,0.19860732256862132,g,bn
575526675969,2459474.8695969,16.93223836017021,0.1901524441926807,g,bG
575526675969,2459525.6870588,17.123887378483694,0.1443900433062894,g,bk
575526675969,2458720.8789355,17.06130381783447,0.08581859414936215,g,bF
575526675969,2459560.7685434,16.927238154383744,0.07959486508603414,g,bk
575526675969,2459543.5673061,16.964026560102717,0.13876912312984993,g,bk
575526675969,2459510.7916577,16.668745407521772,0.1346675792576467,g,bk
575526675969,2459629.6537959,16.60038590311505,0.12491383986072904,g,bG
575526675969,2459627.6780234,16.907362864025625,0.1862896226689486,g,bk
575526675969,2459632.4808051,17.09738028725338,0.1588350453499866,g,bn
575526675969,2459636.3495998,16.708121970839102,0.08748868860126956,g,bo
575526675969,2459628.7009212,16.729146984800472,0.20825752011804036,g,bG
575526675969,2459637.4535024,16.940786851714684,0.08565285482956585,g,bn
575526675969,2459638.5806965,16.62716005227272,0.10675109595412985,g,bG
575526675969,2459639.6220434,17.027518494925808,0.11693409812359606,g,bk
575526675969,2459639.6422977,16.822435179333546,0.05478533748081637,g,bF
575526675969,2458551.6887858,16.79178124946615,0.06549941782936373,g,bF
575526675969,2458137.6473252,16.889404050200973,0.06393920262923053,g,bk
575526675969,2459528.6447978,16.807477817646614,0.10798871177998,g,bF
575526675969,2458193.5814226,17.06990122055309,0.07313589958284325,g,bk
575526675969,2459616.6081388,16.744438515471153,0.11613740968606208,g,bG
575526675969,2458864.6548677,16.899309165524272,0.09302491482299241,g,bF
575526675969,2459136.5175381,17.127575863965674,0.0979949986697622,g,bo
575526675969,2458692.6861552,16.60319067036269,0.19252827062397715,g,bn
575526675969,2458392.5137177,16.764994970679325,0.1352575059533973,g,bo
575526675969,2458742.88311,17.23487119450561,0.14763496193469555,g,bk
575526675969,2459502.7317589,16.732686472558424,0.09587556817554561,g,bk
575526675969,2459104.5605041,16.39867994031224,0.11636932040956312,g,bo
575526675969,2458875.7728869,16.6819106521472,0.08323301755933515,g,bG
575526675969,2458424.7709227,17.036277327774197,0.09404026434710103,g,bk
575526675969,2458782.8465508,17.153095532299915,0.2045337481916475,g,bG
575526675969,2459187.3890873,17.105421228367902,0.09838276227841593,g,bn
575526675969,2458455.5754036,16.76037656240341,0.07598359687407277,g,bk
575526675969,2459459.5996945,16.9299814891562,0.08722277268962843,g,bn
575526675969,2459521.6674967,17.215479271703916,0.13107892022967935,g,bF
575526675969,2458900.3697061,16.730115488161573,0.05917696507013931,g,bn
575526675969,2458803.8156734,17.25533436982433,0.19368023753462735,g,bk
575526675969,2458140.6616846,17.002281197767527,0.06612237710803105,g,bk
575526675969,2459513.6778583,17.32555065672466,0.164080448835005,g,bG
575526675969,2459586.3594365,17.079742440721905,0.08567345732362935,g,bn
575526675969,2459631.6710502,17.032392350687907,0.1331461316341954,g,bk
575526675969,2459259.7092313,17.128670672882798,0.11545861149460164,g,bk
575526675969,2459610.5519341,16.929957300127864,0.08827004333809498,g,bk
575526675969,2459216.3553203,16.460342258694823,0.07685168450226093,g,bo
575526675969,2459511.7875849,16.91474102906168,0.17795243495736443,g,bk
575526675969,2458467.7816876,16.798734756845768,0.0526328954096596,g,bF
575526675969,2458159.6338256,16.926592754573907,0.04886409476887281,g,bk
575526675969,2459210.8446813,16.87113552174135,0.08381021663279614,g,bk
575526675969,2459493.7659873,16.852070214956182,0.11445012980498112,g,bG
575526675969,2459617.7375666,16.776017379063276,0.06685118140299201,g,bF
575526675969,2459141.45248,17.215036262255705,0.11015863695263547,g,bn
575526675969,2459584.7274786,16.812810005056548,0.07045548412401591,g,bF
575526675969,2458901.2910104,16.93219510193152,0.053589259015986906,g,bo
575526675969,2459623.6460996,16.49597153328922,0.17621951075989128,g,bG
575526675969,2459488.747448,17.224560785546828,0.09630008362456059,g,bk
575526675969,2459529.6212857,16.927806068440695,0.18593812740681595,g,bG
575526675969,2458589.5343659,16.78793016771455,0.14366898720677002,g,bk
575526675969,2459555.7122813,17.002603728735068,0.12476013006790869,g,bG
575526675969,2459522.663124,16.914634651271516,0.0647548956784811,g,bk
575526675969,2459492.4878856,17.26617756994535,0.1377226652377453,g,bn
575526675969,2459264.6390514,16.645484846532472,0.07215023841244238,g,bk
575526675969,2458819.7342231,16.929333111134483,0.06823181877205677,g,bF
575526675969,2459252.7392098,16.634797464974294,0.0656038574892577,g,bF
575526675969,2459471.7852573,17.171611686985507,0.1774776744986621,g,bG
575526675969,2458509.5815797,16.83103244076833,0.08730789487200612,g,bG
575526675969,2459649.6182435,16.77584784844639,0.08038539628336909,g,bk
575526675969,2458192.3298919,16.957991894687837,0.044413674770579406,g,bn
575526675969,2458450.8439742,16.639344012089754,0.08777131095846671,g,bF
575526675969,2458224.2452648,16.754297209914693,0.05275790854281206,g,bo
575526675969,2459649.5895385,16.746128226067146,0.06887536926277567,g,bF
575526675969,2458513.7936624,16.757662887122514,0.09605060317559755,g,bF
575526675969,2459646.5982963,17.071860048159113,0.08656007381159599,g,bk
575526675969,2459648.5867165,16.95204638858377,0.08670962309874464,g,bG
575526675969,2458545.3217705,17.101638272804866,0.07419141686561241,g,bn
575526675969,2459651.5723229,16.93325330953104,0.0962078200086037,g,bF
575526675969,2459483.772451,16.90481400328516,0.10952496680036236,g,bk
575526675969,2459623.642184,16.552028900270177,0.16050571963812754,g,bF
575526675969,2459542.5752909,16.87930787116071,0.11957445324545825,g,bG
575526675969,2459564.5706543,16.460270220682403,0.12142061547772497,g,bG
575526675969,2459480.8470327,17.185774393505714,0.20661828414923597,g,bk
575526675969,2459531.6329045,16.93403224968222,0.13136195498306044,g,bF
575526675969,2459559.7834504,17.22318840680263,0.133477196406824,g,bk
575526675969,2458434.8296256,17.043171707906396,0.08220783443492867,g,bG
575526675969,2459349.4698571,16.86036108803673,0.10819359295273948,g,bk
575526675969,2458197.3266994,17.066844062216756,0.06214263806957189,g,bn
575526675969,2459532.653425,16.894421738576025,0.1488040483373847,g,bk
575526675969,2458750.8908359,16.885613448022042,0.0856916986267983,g,bG
575526675969,2458792.8049883,17.06653896835079,0.07688080002439728,g,bF
575526675969,2459482.8193353,17.13266599496777,0.12821257934673425,g,bk
575526675969,2459544.7609097,16.994897849019175,0.10987664050851995,g,bF
575526675969,2459543.8022714,16.67346479357159,0.11372974756514523,g,bF
575526675969,2459163.4002326,17.223367383476578,0.11553063391872291,g,bn
575526675969,2459644.5463451,16.979491683196237,0.060492417735239154,g,bk
575526675969,2459643.3239517,17.045378753954317,0.06018039306523725,g,bn
575526675969,2458514.4711795,16.97547888113769,0.06257879265663589,g,bo
575526675969,2458519.7516166,17.098806211684128,0.09454081028370591,g,bG
575526675969,2459509.8300534,16.779638588110018,0.17708433320361325,g,bk
575526675969,2459219.5414938,16.794475530800625,0.1109623937000928,g,bG
575526675969,2458724.8504915,16.760170435864037,0.06892880234156915,g,bG
575526675969,2459653.3081642,16.739302433727833,0.14632248076012352,g,bo
575526675969,2459650.6152306,17.25178839947455,0.1589267632650996,g,bk
575526675969,2458446.641466,16.329039792016975,0.12300214879904814,g,bF
575526675969,2459461.8220237,17.347766727831807,0.21244968734964803,g,bk
575526675969,2459294.6005913,16.612913180194322,0.07951097704272694,g,bk
575526675969,2459520.8358587,17.200437798593725,0.12932654057391385,g,bk
575526675969,2459510.7173713,16.552607207423,0.17497873935108832,g,bF
575526675969,2459519.7652012,16.804072629153634,0.11028097745638359,g,bk
575526675969,2458882.7575548,17.010995097552946,0.10571314830799994,g,bG
575526675969,2458614.2007706,16.98969056193645,0.06140458899119926,g,bo
575526675969,2459539.7093089,16.882100354585145,0.14097813443931617,g,bk
575526675969,2459652.5395956,16.815293587210874,0.09583966879732536,g,bF
575526675969,2458127.6495195,16.942791283718584,0.06354833040542167,g,bk
575526675969,2459262.7035769,16.928164750086115,0.10169471178987965,g,bk
575526675969,2458872.8185677,16.996531408980243,0.1055241190283167,g,bF
575526675969,2459496.7189028,16.968802671905955,0.06916767739211063,g,bk
575526675969,2458476.6331473,16.685324397894618,0.15502070846727853,g,bk
575526675969,2459452.9170136,16.913143534105444,0.15128637857094698,g,bF
575526675969,2458561.3170599,16.90504727332574,0.18411091218199688,g,bo
575526675969,2458871.8160689,16.67817471777038,0.08675784748537037,g,bF
575526675969,2459648.6143878,16.894171704097943,0.05980107002532945,g,bF
575526675969,2458488.6949116,16.980392100240056,0.07794723088902725,g,bk
575526675969,2459665.6164366,17.025063331764162,0.08181994583525413,g,bk
575526675969,2459492.7196079,17.398032303086957,0.1474169376470277,g,bk
575526675969,2459655.5610994,16.995149032095195,0.16737186484401798,g,bF
575526675969,2459659.538519,17.244645354721563,0.16949254004635472,g,bk
575526675969,2459665.6362522,16.807614504980812,0.058559809845064495,g,bF
575526675969,2459664.6086795,16.72804117720861,0.06529492143968041,g,bk
575526675969,2459667.2957687,17.25737822253761,0.11816319066737552,g,bn
575526675969,2459667.3381331,17.1838723416232,0.11862785815304618,g,bo
575526675969,2459269.6626316,16.745526276248448,0.15267198703417606,g,bk
575526675969,2459447.865907,16.655692644601,0.18425163927443652,g,bG
575526675969,2458846.7014794,16.932023342318068,0.09432197792583771,g,bk
575526675969,2459557.6022137,16.75565334063529,0.06895321031116516,g,bF
575526675969,2459517.7259054,16.78388931432934,0.07969247215358587,g,bF
575526675969,2459187.830411,17.397595519553516,0.21611817173897516,g,bk
575526675969,2458811.3872422,16.808590424340487,0.04878105136833662,g,bo
575526675969,2459490.7499081,16.54180489969383,0.09659086398664041,g,bG
575526675969,2458528.6840406,16.821469698465616,0.07596722794565068,g,bF
575526675969,2459659.6211535,17.275572337850214,0.19660976364545701,g,bF
575526675969,2459661.6194157,16.745524228565127,0.10486296886746892,g,bG
575526675969,2459459.8643814,16.919176492807946,0.10853420032026762,g,bF
575526675969,2459621.60347,17.03245048814685,0.14091634921386711,g,bF
575526675969,2459651.5684364,16.931078348826414,0.10139174351496105,g,bG
575526675969,2458020.8950223,16.995768701988442,0.07665783976306775,g,bk
575526675969,2458032.8381822,16.52679569545569,0.11166935164491908,g,bk
575526675969,2458840.7861957,16.738991282489856,0.08883416521182425,g,bk
575526675969,2458494.7797866,16.783552528036335,0.06705558737108623,g,bG
575526675969,2459618.7015599,16.69302498297098,0.050049409761067996,g,bF
575526675969,2459488.764374,16.750907459759258,0.07090696977356593,g,bF
575526675969,2459664.6457103,16.94437795064856,0.0669189483303967,g,bF
575526675969,2458057.8704011,16.533411241635886,0.1367875367829579,g,bk
575526675969,2458018.9016134,16.893436866654948,0.11496760833127444,g,bk
575526675969,2459646.5867214,16.97166162728496,0.06988152022171228,g,bF
575526675969,2459521.6515223,16.755660104191072,0.10055082185294693,g,bG
575526675969,2459608.7741245,16.85167368269608,0.13962943191340874,g,bk
575526675969,2459588.7183026,16.578280073815076,0.13164604155568077,g,bG
575526675969,2459662.6111192,17.027841036969146,0.08858168349448294,g,bk
575526675969,2459478.7623547,16.159682542215513,0.13330424156336776,g,bG
575526675969,2459646.5498049,16.986429953804915,0.08201150732509084,g,bG
575526675969,2459676.4776275,16.83195863214616,0.10677245172089304,g,bk
575526675969,2459146.6733537,16.890116119815517,0.0698819777181621,g,bG
575526675969,2459500.7118706,16.521822586995672,0.0915289186440282,g,bG
575526675969,2459523.6874757,16.577251379220183,0.06590618247759067,g,bF
575526675969,2459436.676765,17.07880474877444,0.12909410058639437,g,bn
575526675969,2459677.5380451,16.816151557405295,0.07449019931760818,g,bk
575526675969,2459677.5804525,16.698184636614254,0.09028908808475128,g,bG
575526675969,2459677.5765341,16.967475894900975,0.07574413198621223,g,bF
575526675969,2458083.5740332,17.157213248168066,0.0668613059404728,g,bo
575526675969,2458502.7666804,16.679590875231074,0.13698594433737535,g,bG
575526675969,2459678.5671505,16.717626171132476,0.10380347768743425,g,bG
575526675969,2459678.5328848,16.91016275090935,0.09150711661096347,g,bk
575526675969,2459679.5663154,17.41068233755759,0.19872017094383448,g,bk
575526675969,2459680.2388998,16.989317538112708,0.13188961344277067,g,bn
575526675969,2459681.5691865,16.753250082369227,0.13765860592606055,g,bG
575526675969,2459680.5162577,16.701096848411503,0.08380896926157455,g,bk
575526675969,2459681.5813511,17.000616932333536,0.1198447748412328,g,bF
575526675969,2458371.8643461,16.852771832254348,0.07094932760657455,g,bk
575526675969,2458834.4921697,17.010450834209117,0.12687203718252468,g,bo
575526675969,2459478.7862775,16.610262914848338,0.16105825583693995,g,bF
575526675969,2458194.3027204,16.822980822855598,0.06265279892659527,g,bo
575526675969,2459673.3398932,17.030410999257576,0.13649516739395517,g,bo
575526675969,2459682.2985265,16.348455713357424,0.12876085445064425,g,bn
575526675969,2459682.2972862,16.386941154174895,0.10166680716257863,g,bn
575526675969,2459293.6477196,16.908741407819956,0.12709888142676903,g,bF
575526675969,2459687.5440844,16.470458654948978,0.12273477305852962,g,bG
575526675969,2459685.5452925,16.761873979841905,0.2041900776661552,g,bG
575526675969,2459669.6001979,17.053769889561057,0.11468450126746693,g,bG
575526675969,2459531.6131662,17.096733384168044,0.15251945304753273,g,bG
575526675969,2459204.7932414,16.7938994595088,0.10120803348396452,g,bG
575526675969,2459688.5482677,16.647704653657513,0.14572338964149342,g,bG
575526675969,2459691.5365614,17.12405754464012,0.15710270666640938,g,bk
575526675969,2459662.6123479,16.856413974504093,0.1278658074290594,g,bk
575526675969,2459726.4714255,16.86429699285906,0.05562882206877313,g,bF
575526675969,2459723.1995133,16.786524030590012,0.186943925533212,g,bo
575526675969,2458154.3561258,16.957097057316265,0.06212499878046722,g,bo
575526675969,2458167.3762458,16.98931307270193,0.051087591304224265,g,bo
575526675969,2458170.314766,16.906290044693502,0.07027815154324228,g,bo
575526675969,2458185.3106712,16.89534305245369,0.049715967109989274,g,bo
575526675969,2458186.3200032,17.07596111184312,0.059888381520672954,g,bo
575526675969,2458513.4922205,16.850225726949233,0.06521403268931975,g,bo
575526675969,2458564.344476,17.0876921632245,0.21390250265267488,g,bo
575526675969,2458705.6560856,17.153124943662906,0.08747858115410619,g,bo
575526675969,2458767.4894555,16.81067945717157,0.11819531426387661,g,bo
575526675969,2458752.5797372,16.670464216198816,0.10385298159849131,g,bo
575526675969,2459046.6845856,16.994925791387,0.11500297080279613,g,bo
575526675969,2459186.4284117,16.77068902221117,0.15923748919870342,g,bo
575526675969,2459187.470624,17.26967184858543,0.13993416695645544,g,bo
575526675969,2459596.3754527,16.63119775120131,0.1437764119515718,g,bo
575526675969,2459608.3759547,16.79866720268242,0.10002186747017036,g,bo
575526675969,2459641.3344214,16.973543489969604,0.08650127930867171,g,bo
575526675969,2458076.6056391,16.224491935673875,0.17716672861876123,g,bo
575526675969,2458980.2369999,16.96992805784571,0.07142964572266068,g,bo
575526675969,2459086.5998407,17.073024265173455,0.10125095818701092,g,bo
575526675969,2459224.3154867,16.829900789103714,0.07338389182126025,g,bo
575526675969,2459604.5247112,16.72838678765831,0.12764435114443817,g,bo
575526675969,2458103.5180234,16.971249736321802,0.0590949128049451,g,bo
575526675969,2458156.3990958,16.790425059480253,0.043772978006750986,g,bo
575526675969,2458192.3148244,16.88624142978466,0.06047097476846836,g,bo
575526675969,2458223.249778,16.833538548166302,0.05933585403977793,g,bo
575526675969,2458691.6797456,16.42660414227423,0.1501411225383671,g,bo
575526675969,2458699.6754995,16.98073376118145,0.08657649779082495,g,bo
575526675969,2459120.517463,17.2128668347168,0.19630761992364465,g,bo
575526675969,2459191.3709406,16.869872111793537,0.0717232898344654,g,bo
575526675969,2459709.2688938,16.979641091267233,0.18536486354926626,g,bn
575526675969,2459717.4710462,16.801216075921236,0.20218119841658544,g,bG
575526675969,2459695.5582665,16.943130562317325,0.06326225916173449,g,bF
575526675969,2459471.8108865,16.97843095887216,0.1044094600963287,g,bF
575526675969,2459564.6382906,16.53488651898893,0.08304975157900688,g,bF
575526675969,2459670.53315,16.615913078465624,0.059446214940203024,g,bk
575526675969,2459690.5455608,16.659155278441695,0.09310766389393058,g,bk
575526675969,2459668.6053498,16.964480266302168,0.08705019850626522,g,bG
575526675969,2459689.5503501,16.605941316812853,0.11698059635123258,g,bG
575526675969,2459702.5355613,16.784082503055068,0.05003281783596978,g,bF
575526675969,2459698.5230618,16.979213702067693,0.08457047264972627,g,bk
575526675969,2459701.5358525,16.956486814045828,0.05715173872069153,g,bF
575526675969,2458604.5123289,16.914794189841878,0.08921791944617805,g,bG
575526675969,2458526.6465722,16.850827614267825,0.07690385211232804,g,bF
575526675969,2458135.6479945,16.896354418551812,0.07618149457663491,g,bk
575526675969,2459658.631741,16.574087407403805,0.14516692342023146,g,bG
575526675969,2459673.3741739,17.026268821109348,0.0811973867242513,g,bn
575526675969,2459645.5539021,16.968993555655526,0.0678451221484444,g,bF
575526675969,2459425.9374841,16.399409228182794,0.13882357976977494,g,bG
575526675969,2459702.5130527,16.96141250333572,0.06390659559019002,g,bk
575526675969,2459640.7088314,16.76315519421017,0.08604454866182004,g,bF
575526675969,2459721.230132,17.02883829705976,0.09923294060343749,g,bn
575526675969,2459694.5312332,16.903224575035676,0.09688775017721299,g,bG
575526675969,2458884.7754915,16.83062646612849,0.07141275755207667,g,bF
575526675969,2459717.4697596,16.960133467214,0.14665897308348289,g,bG
575526675969,2459703.5273176,16.684047400752373,0.05727902992043473,g,bF
575526675969,2459697.5197392,17.047378992227834,0.08725338256689215,g,bk
575526675969,2459727.4671277,16.684930613439157,0.06570030797800439,g,bF
575526675969,2459720.2379492,17.108829802280493,0.10289291379477516,g,bn
575526675969,2459725.4685702,17.08066635206524,0.07404630554863406,g,bF
575526675969,2459712.4555449,16.639453753470328,0.16969594782139216,g,bG
575526675969,2458601.5269783,16.845455069167393,0.09035016449469781,g,bk
575526675969,2459556.7762673,16.933115210230856,0.13860281011066575,g,bG
575526675969,2459723.4797724,16.850802648655982,0.0952753226922721,g,bF
575526675969,2459708.4949492,17.061639000001843,0.15069206450361772,g,bG
575526675969,2459654.5796052,17.13009090556499,0.16566642594268416,g,bF
575526675969,2459705.4702539,16.740913576304074,0.08842156978591728,g,bk
575526675969,2459660.6253878,16.831308006047955,0.12527424904311837,g,bG
575526675969,2459643.5671099,16.800528374307795,0.09189040044718258,g,bG
575526675969,2459705.5280694,16.540711169634108,0.0645522851984674,g,bF
575526675969,2459695.5382653,17.30875677224901,0.1377056148643605,g,bG
575526675969,2459716.4693071,17.139842445274795,0.20995025512471038,g,bk
575526675969,2459662.6135998,17.0502631006323,0.17143929415261713,g,bk
575526675969,2459692.5342918,16.720981268019827,0.06423070929725212,g,bG
575526675969,2459719.4587682,17.24138878621578,0.19945524618191526,g,bG
575526675969,2459784.9223574,16.88910306723925,0.08692898300688985,g,bG
575526675969,2459785.9313357,17.121997367182434,0.09877144949877184,g,bF
575526675969,2459786.6584824,17.021699914899568,0.11281415784587122,g,bo
575526675969,2459787.9346932,17.185515303079846,0.1559990776702912,g,bk
575526675969,2459788.9238144,16.883339497586615,0.05645773124477215,g,bF
575526675969,2459792.6722,17.141181364995845,0.13832828027225197,g,bo
575526675969,2459796.67833,16.70122958184533,0.11246811207824338,g,bo
575526675969,2459799.8929093,17.24944404014289,0.13399903213628525,g,bG
575526675969,2459712.2246823,16.72283434047635,0.1309493168753336,g,bn
575526675969,2459800.8844267,17.36648316411638,0.17496233017320215,g,bk
575526675969,2459804.893046,16.425428887400987,0.13502046827629408,g,bk
575526675969,2459807.8889473,17.323785190380452,0.1720912495368303,g,bk
575526675969,2459810.8927908,17.128572460170723,0.15124863260525925,g,bG
575526675969,2459809.8749075,16.950479058091318,0.13171928910989492,g,bG
575526675969,2459809.8867762,16.889335766157952,0.07675606767981373,g,bF
575526675969,2459811.8812175,17.055345745265786,0.08054828792766475,g,bF
575526675969,2459813.5956676,17.157971115289577,0.12310302164720582,g,bo
575526675969,2459813.6410582,17.296840552560315,0.13612070076902028,g,bn
575526675969,2459814.6259823,17.08916719810953,0.1308677272257691,g,bo
575526675969,2459814.8703332,16.76432599291962,0.056707942187289466,g,bF
575526675969,2459815.8838128,16.798167961077198,0.055229455393861725,g,bF
575526675969,2459816.8439044,16.9695399629459,0.16221299326066685,g,bG
575526675969,2459816.8413306,17.055261484818946,0.0976746442838204,g,bG
575526675969,2459818.5896515,17.15544912848315,0.12547983426019885,g,bo
575526675969,2459818.8620028,16.933279889074885,0.12148257023227281,g,bF
575526675969,2459819.6062511,16.82989361114966,0.07816212012588081,g,bn
575526675969,2459819.5947822,17.0949095694319,0.11766305907437857,g,bo
575526675969,2459819.9045776,16.72019163993207,0.05483477809087456,g,bF
575526675969,2459820.6055774,16.802536730361776,0.08688494110482099,g,bo
575526675969,2459820.8585622,16.72500012901515,0.053207397892466486,g,bF
575526675969,2459823.8479584,16.804203020028904,0.06012133182373307,g,bF
575526675969,2459824.8224724,16.628880317495984,0.1069783963165401,g,bG
575526675969,2459825.5602669,17.012498634232173,0.11905120782187877,g,bo
575526675969,2459826.8138157,16.72380117748472,0.07496719521697867,g,bk
575526675969,2459826.8447994,16.653045530675314,0.052078751006764415,g,bF
575526675969,2459820.9181102,16.578841220003284,0.09555335982904621,g,bG
575526675969,2459829.588881,16.795731116652608,0.12449090918061416,g,bn
575526675969,2459827.856091,16.764685902279574,0.06426265581130085,g,bF
575526675969,2459828.854474,16.7700149299743,0.051901814311744385,g,bF
575526675969,2459828.9060777,16.83852503122332,0.09979104726999902,g,bG
575526675969,2459845.7883822,17.00001045204618,0.08960125799755676,g,bF
575526675969,2459845.7804062,16.997280655754675,0.09533047857554124,g,bk
575526675969,2459849.6127309,16.715753858847375,0.0835176604427166,g,bo
575526675969,2459846.5243991,16.787383604846696,0.08337773040787544,g,bn
575526675969,2459846.7688268,16.631521471874265,0.06704091000831296,g,bG
575526675969,2459851.7740542,16.934546355818014,0.05388501661370354,g,bF
575526675969,2459843.5307693,16.88111449900502,0.08094670753453083,g,bn
575526675969,2459843.7678073,16.614437074883995,0.06928498401350956,g,bG
575526675969,2459848.8153859,16.814316965395058,0.07812382131322688,g,bF
575526675969,2459850.8831789,16.92593142487543,0.17111052999173199,g,bG
575526675969,2459859.758257,16.55653534617107,0.1468390807026118,g,bk
575526675969,2459861.7466126,16.74781311056921,0.18885503212669014,g,bk
575526675969,2459853.7446892,16.86020336225597,0.09504484877876423,g,bk
575526675969,2459856.8268372,16.804489221503125,0.045309159676045395,g,bF
575526675969,2459867.6954964,17.037376831636397,0.12141522714339226,g,bk
575526675969,2459871.7172108,17.070973691570725,0.10796198672134767,g,bF
575526675969,2459870.6873092,17.15807346351056,0.09925341757961087,g,bk
575526675969,2459870.7170834,16.961579173842356,0.09940945097176893,g,bF
575526675969,2459866.7078322,16.95387007443007,0.1761729491163689,g,bk
575526675969,2459872.7110726,16.76484367855999,0.07256305138594887,g,bk
575526675969,2459874.6999733,16.833620230873862,0.0639660649644866,g,bF
575526675969,2459877.7204377,17.07705603926945,0.12209155174621075,g,bF
575526675969,2459876.7546712,17.022674987860057,0.08246172610175795,g,bk
575526675969,2459878.60516,17.29464200662077,0.12412962324956242,g,bn
575526675969,2459879.6901903,16.729946695519935,0.04980385202032062,g,bF
575526675969,2459881.7648759,16.6225893875393,0.09407408170805799,g,bF
575526675969,2459882.7078933,16.809068975478816,0.06423349812669954,g,bF
575526675969,2459882.6941341,16.936114472801908,0.08524732189403633,g,bk
575526675969,2459883.7266264,16.806214698073802,0.09166553610630274,g,bk
575526675969,2459883.725386,16.731746073963077,0.0744875352007466,g,bk
575526675969,2459887.6972239,16.920487066698268,0.12560264615778075,g,bk
575526675969,2459887.8022159,16.799438800163358,0.07411969163429201,g,bF
575526675969,2459888.7224267,16.726472297584966,0.09293376121673676,g,bk
575526675969,2459888.8109876,16.84300927724787,0.10842302282820038,g,bF
575526675969,2459889.8073577,16.868692652241382,0.0965293213090197,g,bF
575526675969,2459889.7180823,17.078737413141955,0.18416594489632412,g,bk
575526675969,2459886.7976444,16.929607765147303,0.06874375039512327,g,bF
575526675969,2459897.6047556,16.889420484414174,0.08789247759906461,g,bG
575526675969,2459898.6011188,16.800287570918453,0.08697678364715902,g,bG
575526675969,2459898.6249553,16.888864107161957,0.054933668913387274,g,bF
575526675969,2459901.7511104,17.047586190554696,0.055566211566246276,g,bk
575526675969,2459913.5570433,16.879512330562218,0.14822632536694907,g,bG
575526675969,2458813.4532043,17.060732674011525,0.07669713429067049,g,bn
575526675969,2458705.6745162,16.824545694433056,0.0706273608245228,g,bn
575526675969,2458922.4128703,16.820568038328208,0.1483997152247266,g,bn
575526675969,2459117.5452452,16.6825530558257,0.09179421945660418,g,bn
575526675969,2459061.6717173,17.161173421663882,0.0833956237629081,g,bn
575526675969,2459199.4954023,17.07855480746439,0.0860502838747692,g,bn
575526675969,2459202.3953168,17.045101199803344,0.08729552328008842,g,bn
575526675969,2459206.4265159,17.26744109311573,0.14031583780305648,g,bn
575526675969,2459252.277532,16.85932542219109,0.06192523404067379,g,bn
575526675969,2459670.3514418,16.795169924362128,0.07759246313383558,g,bn
575526675969,2459710.2699042,16.90707331531012,0.19740273798524927,g,bn
575526675969,2459838.6377048,16.776755382088723,0.11394620743364907,g,bn
575526675969,2459850.554262,17.150346192519812,0.11567240092146588,g,bn
575526675969,2459882.4449602,16.994934779804012,0.07753238846568812,g,bn
575526675969,2459909.3874986,17.1675955034508,0.06847110295689182,g,bn
575526675969,2459908.7847837,16.993193556362883,0.08789323682647363,g,bG
575526675969,2459862.755448,16.483557450485684,0.15322169020634785,g,bG
575526675969,2457460.6726102,16.489571275601044,0.13543196883218292,V,bf
575526675969,2457095.5665605,16.511494502498124,0.0930524656267941,V,bf
575526675969,2457412.5750386,16.069258675979903,0.1009578929062684,V,bg
575526675969,2458068.7959046,16.152199586789656,0.09005986795524494,V,bg
575526675969,2457710.7854421,16.561325002945317,0.08352023423122536,V,bf
575526675969,2458344.9165066,16.279562153213167,0.04428070651673889,V,bf
575526675969,2457797.5852003,16.396568570549764,0.09819636012725506,V,bf
575526675969,2459925.5859798,16.680319146929143,0.054442004884925274,g,bF
575526675969,2459955.2985612,16.802866091187873,0.08432039154505183,g,bo
575526675969,2459935.5703604,16.970110212006965,0.0899923511755389,g,bG
575526675969,2459960.7256349,16.761445568139845,0.06981702052438946,g,bk
575526675969,2457840.5461927,16.147877571164855,0.08573387456108593,V,bg
575526675969,2457790.7181428,16.8765955135297,0.1956012206627821,V,bg
575526675969,2457387.7088431,16.16405642428849,0.10218677491332805,V,bg
575526675969,2457374.8366088,16.246972705126808,0.0725560191380085,V,bg
575526675969,2457334.815626,16.441469894003674,0.05956633512134773,V,bf
575526675969,2456858.9469976,16.053403335554876,0.18383765857129875,V,be
575526675969,2459964.6031333,16.64843826744563,0.07145005462225566,g,bG
575526675969,2459963.6145878,16.776897806079617,0.05826953991372341,g,bF
575526675969,2459963.5940639,16.852433478642826,0.042083674507464704,g,bF
575526675969,2457763.6220842,16.73740364743965,0.1562043535731099,V,bf
575526675969,2458328.9393173,16.693008132858417,0.14452149494184235,V,bf
575526675969,2457378.575909,15.978788345780998,0.1000367904169483,V,bf
575526675969,2456881.911708,16.088707456614465,0.10006460748586551,V,bf
575526675969,2457371.8013928,16.617725032313963,0.10139945052388133,V,bg
575526675969,2457786.75014,16.216091635864068,0.07887886691666995,V,bg
575526675969,2457730.7564024,16.439088110203237,0.07946754261371583,V,bg
575526675969,2457704.6524349,16.584558157793044,0.16729322295467328,V,bg
575526675969,2457765.7692658,16.108511881958798,0.13969075134319767,V,bf
575526675969,2457621.9084595,16.395413819842876,0.1109814474065158,V,bg
575526675969,2457136.5487939,16.626053341101322,0.14403402119651215,V,bf
575526675969,2457823.5402777,16.62395153416924,0.1705166704158548,V,bg
575526675969,2457833.5930013,16.343091834667106,0.05320449628953754,V,bf
575526675969,2458009.8548042,16.230311487219907,0.08768038229591446,V,bf
575526675969,2459879.7178045,16.720642235573745,0.08774111568564538,g,bG
575526675969,2459876.6933619,16.825922459916846,0.06921255664539797,g,bF
575526675969,2457896.4636324,16.388077181288196,0.07882944732799134,V,bf
575526675969,2459959.747053,16.92774399518201,0.11423851024473902,g,bG
575526675969,2457747.600757,16.815192991798966,0.12223278002168923,V,bg
575526675969,2458102.6648402,16.704735203703336,0.11310117975383512,V,bg
575526675969,2457718.7411154,16.269236268544237,0.05174507015057206,V,bf
575526675969,2459960.8327277,17.0429742097406,0.09780960328185949,g,bF
575526675969,2457767.6174266,16.68245774778041,0.16136678327754775,V,bg
575526675969,2458010.8580029,16.376517183408154,0.09577433063063362,V,bg
575526675969,2459930.7694347,16.92254338197322,0.08894378912648551,g,bk
575526675969,2459933.7554972,16.88052126090614,0.0770299166243749,g,bk
575526675969,2459933.7579679,16.919976719337527,0.09973381488474432,g,bk
575526675969,2459554.7231229,17.33738965003305,0.12906975109973898,g,bk
575526675969,2459919.6877077,16.700088021819507,0.12284192462689848,g,bk
575526675969,2459900.6372799,16.924524909898405,0.04907064444993765,g,bk
575526675969,2459926.7912787,17.34291792293203,0.15166938061865398,g,bk
575526675969,2459932.789851,16.879353245560857,0.09126709344599183,g,bk
575526675969,2459869.7214984,17.055864314358274,0.07840972644639527,g,bF
575526675969,2459931.713161,16.92162712708995,0.05136060357267943,g,bk
575526675969,2459932.764692,16.704358816069774,0.04818646577592817,g,bF
575526675969,2459914.6073946,16.618496076135315,0.08903249555262757,g,bG
575526675969,2459178.5836896,16.65206882435434,0.14819665713958785,g,bG
575526675969,2459940.5912049,16.78113199892443,0.07197489233035789,g,bk
575526675969,2459885.7018526,16.857624762802786,0.10483176129333636,g,bG
575526675969,2459899.6032439,16.849731820598127,0.08006261605765103,g,bk
575526675969,2459914.6520866,17.014047790077726,0.11082614574281824,g,bk
575526675969,2459885.7928692,16.826698102037085,0.04533563336469922,g,bF
575526675969,2459713.4695559,16.908390552923628,0.21090605312629568,g,bG
575526675969,2459937.6818948,17.180242309164267,0.15790709949978202,g,bG
575526675969,2459936.8206791,16.75678873261706,0.048070937442778384,g,bF
575526675969,2459927.8170837,16.791953539438833,0.07075200354696332,g,bF
575526675969,2459865.7679311,17.484146645179692,0.20080979272092564,g,bk
575526675969,2459878.7510675,17.097545135569717,0.10785779645844798,g,bG
575526675969,2459929.6979659,16.85654611465698,0.07674599233626332,g,bk
575526675969,2459925.5872668,16.769411380740273,0.06485467643999802,g,bF
575526675969,2459927.6781876,17.042883550912865,0.0838574737034372,g,bk
575526675969,2459923.7627142,17.03926845606719,0.11584298476568065,g,bk
575526675969,2459900.6651142,16.748607155209655,0.03761938515599732,g,bF
575526675969,2459952.7978371,15.981114307824729,0.17713511226482948,g,bF
575526675969,2459914.6086944,16.7713576080352,0.15457109704977567,g,bG
575526675969,2459830.8164202,16.674477557229135,0.20717888779134033,g,bG
575526675969,2459852.7457059,16.646380401174344,0.09154627519222475,g,bG
575526675969,2459930.7450783,16.77010022514151,0.06629677201668527,g,bF
575526675969,2459944.3579651,17.080618283989768,0.16943927902285275,g,bo
575526675969,2459904.4450065,16.921928224330294,0.09748752960990012,g,bo
575526675969,2459864.7769578,16.927294480926935,0.18977972643562666,g,bG
575526675969,2459972.6679167,16.9548545781284,0.062178167684215684,g,bF
575526675969,2459875.7565646,17.020976556895626,0.0881530645902785,g,bG
575526675969,2457413.7778563,16.085550424904135,0.11202944325647055,V,bf
575526675969,2457445.6851711,16.120760752196976,0.19428658284781575,V,bg
575526675969,2457874.4988648,16.246963291478167,0.0866407676781158,V,bg
575526675969,2458207.5036289,16.205095704860295,0.14630908099673903,V,bg
575526675969,2457096.595781,16.71008183436318,0.12252635174723998,V,be
575526675969,2457853.5637254,16.41955253815287,0.1465578559796588,V,bg
575526675969,2459960.7268637,16.732965222173764,0.09800092853948428,g,bk
575526675969,2458048.8111373,16.35689574044599,0.07879296108896822,V,bf
575526675969,2459961.7787461,16.78129016287881,0.10901581251810993,g,bG
575526675969,2459659.5372888,17.185568719979283,0.12155232345589448,g,bk
575526675969,2456933.8606713,16.532789174581126,0.07455984310493524,V,bf
575526675969,2459860.7245034,16.513787709815073,0.13208664946322152,g,bk
575526675969,2457604.9141993,16.482899235768947,0.09390969524526419,V,bg
575526675969,2459957.8202294,16.901391282114663,0.1294418841085241,g,bk
575526675969,2457778.7617042,16.52395783264304,0.1019376543574267,V,bg
575526675969,2458047.6990771,16.394619623982717,0.09407664844442615,V,bg
575526675969,2459960.7243946,16.806942043864662,0.06345607676158808,g,bk
575526675969,2459947.5888716,17.152306510178903,0.1626944104940628,g,bo
575526675969,2458196.5947237,16.522642865970933,0.1135297566098372,V,bg
575526675969,2459693.5242771,17.027073393395202,0.1180348439088583,g,bG
575526675969,2457725.5982208,16.554137475994935,0.10148604881342968,V,bg
575526675969,2457292.8799572,16.636768739056166,0.1164972209596514,V,bf
575526675969,2459975.797602,16.98942821407822,0.08180835476169573,g,bF
575526675969,2459973.6749786,16.884608978302225,0.05809678783719452,g,bF
575526675969,2459914.5995838,17.336933427663034,0.17298656294581044,g,bF
575526675969,2459932.767289,16.554855764720852,0.05916918142743804,g,bF
575526675969,2459885.7954461,16.800633535188492,0.084037160694428,g,bF
575526675969,2459968.8063365,16.9303574426322,0.07344085400551065,g,bF
575526675969,2459899.6608619,16.812965340920904,0.053350145307408746,g,bF
575526675969,2459872.7145184,16.72427050218945,0.053887221145489085,g,bF
575526675969,2459973.6775734,16.982550752671592,0.12010636669024755,g,bF
575526675969,2459827.8452269,17.127553280854528,0.08895824631338729,g,bk
575526675969,2459886.7046068,16.907759131609126,0.10360016494280073,g,bk
575526675969,2459880.76617,17.19735989894523,0.1196801560023977,g,bk
575526675969,2459844.7712288,17.057500571938622,0.08274483358768593,g,bk
575526675969,2458560.6328825,16.38625550552165,0.11340248471368355,g,bk
575526675969,2459877.7552232,17.031916427255535,0.07316587108762586,g,bk
575526675969,2459906.8498274,16.762734923759407,0.08633657014085906,g,bk
575526675969,2459943.6489504,16.902458939879274,0.07691554701207332,g,bk
575526675969,2459928.7742351,16.846770875295213,0.08757814416346757,g,bk
575526675969,2459929.6967139,16.946075765381366,0.07723798721750962,g,bk
575526675969,2459966.6313365,17.08563689949521,0.10249927064926047,g,bk
575526675969,2459972.674539,17.01644935522024,0.07789110562842115,g,bk
575526675969,2459975.5856021,17.174006473519785,0.1832148135184338,g,bk
575526675969,2459985.442362,16.86539085878834,0.12648198086223625,g,bo
575526675969,2459874.6826164,17.0685619397372,0.1093674423464803,g,bG
575526675969,2459884.6932152,16.652650245107115,0.09521757979220194,g,bG
575526675969,2459973.7722748,16.736560728859686,0.07203035125031533,g,bG
575526675969,2459869.6977597,16.65734641359386,0.07606547821248537,g,bG
575526675969,2459873.6872801,17.21655809848746,0.12468763208497056,g,bG
575526675969,2459987.4794751,16.733689959856747,0.12212456982329108,g,bo
575526675969,2459987.5638581,17.139844852663536,0.08164891529853756,g,bk
575526675969,2459968.7848885,16.418925401789224,0.132254816051887,g,bG
575526675969,2459969.7821123,16.931278933944423,0.09927086228990907,g,bG
575526675969,2459899.6528224,16.86588292904562,0.08468434351928626,g,bG
575526675969,2459896.7849693,16.650617315410198,0.11408137056727333,g,bG
575526675969,2459885.7044489,16.779275120761866,0.13449997158338314,g,bG
575526675969,2459972.7713135,16.909079564342772,0.11221738243649979,g,bG
575526675969,2459978.5915272,17.00003912929854,0.20640393653396719,g,bG
575526675969,2459881.73705,17.029750665476943,0.09577573118361843,g,bG
575526675969,2459855.7570074,16.719110371690967,0.0813154987520819,g,bG
575526675969,2459871.7432286,16.91983053302275,0.09364579266476625,g,bG
575526675969,2459847.8110831,16.51095475412192,0.06715744519963303,g,bG
575526675969,2459671.5133693,16.713321159571947,0.06390766963511499,g,bG
575526675969,2459868.6884845,16.808592600453267,0.09816828114092108,g,bG
575526675969,2459854.7418069,16.78476766314509,0.08763922726493008,g,bG
575526675969,2459885.7031508,16.868162044104107,0.11626377135136555,g,bG
575526675969,2459967.788682,16.788189154147457,0.1173596053518554,g,bG
575526675969,2459934.6366972,17.04561131119923,0.1430242487969473,g,bG
575526675969,2459968.7823034,16.784663199585808,0.10716661219381379,g,bG
575526675969,2459970.7675435,17.023779051305773,0.12651838533494764,g,bG
575526675969,2459988.486085,16.856252874815365,0.10876064904936204,g,bn
575526675969,2459988.6003458,16.814322377232937,0.07354165792385016,g,bk
575526675969,2459989.7547656,16.551519491633975,0.0795163596581672,g,bF
575526675969,2459989.7229797,16.582720190382155,0.09843894632847518,g,bG
575526675969,2459989.7250894,16.867520336418558,0.08328460360280127,g,bk
575526675969,2459940.3531967,16.97467948069314,0.10464978818728102,g,bn
575526675969,2458614.197121,16.995398485372334,0.05137598259681113,g,bn
575526675969,2459990.7223332,17.12212817376707,0.14117874680954942,g,bG
575526675969,2459991.2921986,17.141687712070258,0.07557717475270805,g,bn
575526675969,2459991.538267,16.77789694809745,0.06666773577150345,g,bk
575526675969,2459991.5648171,16.995041453291567,0.08113408103127703,g,bG
575526675969,2458182.2786992,16.942872312095027,0.054195653431812436,g,bn
575526675969,2459942.3310086,17.63212618031409,0.2118940597870906,g,bn
575526675969,2459990.7381443,16.953630414252864,0.10266357161881573,g,bF
575526675969,2456912.8945623,16.591292782969365,0.12767354522331748,V,be
575526675969,2456894.8762517,16.384817176901585,0.09688449508890958,V,be
575526675969,2456789.4830497,16.417760662854086,0.1489190480498192,V,be
575526675969,2456885.8932925,16.62800554778628,0.11814628690580443,V,be
575526675969,2456933.8973458,16.179183199077592,0.12432904759875807,V,be
575526675969,2456937.7740129,16.56102820479782,0.20928978760930686,V,be
575526675969,2456950.7672363,16.525325633602566,0.11408633202987195,V,be
575526675969,2456971.7236509,16.600187104751612,0.1676452958752621,V,be
575526675969,2456952.8364596,16.163168096550585,0.08078489602522325,V,be
575526675969,2456970.767108,16.118583491010394,0.13113246121141697,V,be
575526675969,2456992.6899351,16.402319565602717,0.10299575925269361,V,be
575526675969,2456980.7089331,16.18230436490839,0.0929214073418949,V,be
575526675969,2456999.683149,16.529411203715497,0.18033851350598448,V,be
575526675969,2457002.6871299,16.602028039332303,0.15837486641624157,V,be
575526675969,2457004.6822145,16.433247177747273,0.09764731733864153,V,be
575526675969,2457072.6351047,16.276374495915785,0.08246084862822549,V,be
575526675969,2457088.609326,16.125980214032374,0.11843606958874335,V,be
575526675969,2457085.5633512,16.328889804022918,0.18275958625965044,V,be
575526675969,2457086.6563411,16.244048292599466,0.16150304935864354,V,be
575526675969,2457092.6363029,16.243813406898916,0.10659276246309786,V,be
575526675969,2457113.5755269,16.629569921227453,0.16900598129297115,V,be
575526675969,2457101.5796158,16.586618743175134,0.16616601278317927,V,be
575526675969,2457133.4912325,16.13500964562547,0.08081517908699394,V,be
575526675969,2457118.5670811,15.803385950687474,0.09927800003337375,V,be
575526675969,2457116.5663968,16.111518330724653,0.16037821023023047,V,be
575526675969,2457119.5102137,16.459833083754155,0.10755050942405418,V,be
575526675969,2457110.578305,16.7833014765514,0.20369909985260662,V,be
575526675969,2459977.49084,16.757965850377616,0.11562482728784917,g,bo
575526675969,2459936.2955128,16.961292353595937,0.12393027511252007,g,bo
575526675969,2459936.2967534,16.97522120774146,0.12491259705731471,g,bo
575526675969,2459993.7045038,16.879642879799505,0.10527809554838775,g,bG
575526675969,2459993.7418553,16.811427974707705,0.07933705466892552,g,bF
575526675969,2459993.7405615,16.760695261497624,0.06434446893625122,g,bF
575526675969,2459994.7139173,16.950748337642686,0.10837971864180596,g,bG
575526675969,2456881.8921469,16.680173038672894,0.19798812779708644,V,be
575526675969,2456863.9269595,16.148076656473815,0.08471946254001211,V,be
575526675969,2456776.4819614,16.679704707249847,0.16022436751176902,V,be
575526675969,2456874.9140879,16.691268599580084,0.12664099169947116,V,be
575526675969,2456910.909262,15.981729921484957,0.12238479408199977,V,be
575526675969,2456904.8510319,16.200728119316516,0.07164853652179003,V,be
575526675969,2456930.8775696,16.37418838192586,0.11224935821278355,V,be
575526675969,2456907.8666267,16.46784475614091,0.10703389976430017,V,be
575526675969,2456936.8664066,16.50945433878063,0.13058046844989296,V,be
575526675969,2456918.8335882,16.882971983969334,0.1757608764387071,V,be
575526675969,2456931.8152767,16.188273009863547,0.0818432141737181,V,be
575526675969,2456974.8110224,16.391106269084943,0.09915971769371898,V,be
575526675969,2456938.7912254,16.318917899635853,0.2028516676954629,V,be
575526675969,2456984.7114765,16.335756996616965,0.09500752997685546,V,be
575526675969,2456966.7449739,16.568332805769785,0.21727424803619175,V,be
575526675969,2456932.8036894,16.460044952533423,0.09883351583786355,V,be
575526675969,2456940.7803708,16.259011340996906,0.1260107713675294,V,be
575526675969,2456988.6972696,16.414830572390365,0.12296657555243601,V,be
575526675969,2457007.8236363,16.46501420215213,0.0882618828091837,V,be
575526675969,2457006.8468351,16.743618107301618,0.12278020039402462,V,be
575526675969,2457010.6812694,16.195436337201695,0.10750082579705528,V,be
575526675969,2457034.7546952,16.36838234011777,0.08825855867305156,V,be
575526675969,2457016.6631533,16.606797407433707,0.10681804393249812,V,be
575526675969,2457022.6573776,16.195426301979666,0.1078803675478043,V,be
575526675969,2457019.6666345,16.460053839263967,0.09994504683565907,V,be
575526675969,2457031.6566292,16.270525929340433,0.08500207552367173,V,be
575526675969,2457033.6490066,16.471730987381882,0.10730423331580646,V,be
575526675969,2457035.8079754,16.43711727640352,0.12925252812204704,V,be
575526675969,2457037.6433813,16.364019245842243,0.0838489367563041,V,be
575526675969,2457043.6424058,16.644132935859336,0.10822353597351736,V,be
575526675969,2457046.6391321,16.37589709523886,0.11452265274952968,V,be
575526675969,2457040.631107,16.616633800116137,0.11851936024949931,V,be
575526675969,2457050.6265553,16.30652311524311,0.1111037355933517,V,be
575526675969,2457060.6103868,16.36895876608351,0.1002393750519321,V,be
575526675969,2457063.6887595,16.57216610942539,0.13999247574064308,V,be
575526675969,2457066.6423002,16.513772380257915,0.10993687627110944,V,be
575526675969,2457069.6338831,16.11415350320516,0.08250343096011073,V,be
575526675969,2457077.5843597,16.202792353010263,0.07685889379264119,V,be
575526675969,2457124.5499029,16.48557327654038,0.11377145645853326,V,be
575526675969,2457129.5282351,16.40654297999763,0.09059509587588357,V,be
575526675969,2457137.5155515,16.11827651462055,0.0972680825760024,V,be
575526675969,2457140.4889794,16.77410559960513,0.15345538396866704,V,be
575526675969,2457158.457322,15.981893316981399,0.10358331869334376,V,be
575526675969,2457153.4703577,16.776174739075593,0.16477539653091036,V,be
575526675969,2457226.9434066,16.066504069247046,0.11127060266921547,V,be
575526675969,2457227.9287791,16.426156274537618,0.09969750124969043,V,be
575526675969,2457252.8706863,16.247066863266944,0.08994556616404674,V,be
575526675969,2457229.925808,16.635856095270064,0.13739113550541068,V,be
575526675969,2457268.8957274,16.635440728089044,0.17257258535038708,V,be
575526675969,2457265.8859749,16.53345248095498,0.1546990528580166,V,be
575526675969,2457248.8838178,16.56000600321097,0.11427997867028376,V,be
575526675969,2459996.7060605,17.029677378071092,0.10101408593739664,g,bk
575526675969,2457278.8059448,16.387765218930216,0.11648518316657194,V,bg
575526675969,2457354.6859205,16.114793815953135,0.11205993907772276,V,bg
575526675969,2457361.8155349,16.621131664948678,0.10120189749335648,V,bg
575526675969,2457337.8143747,16.527071275446602,0.08310038350062922,V,bg
575526675969,2457341.8022541,16.316788794860255,0.07784117439339755,V,bg
575526675969,2457363.5651551,16.172522140160112,0.07028011156722255,V,bg
575526675969,2457349.7707749,16.165021602914443,0.09806166813497649,V,bg
575526675969,2457276.8766774,16.297107840315558,0.07935471199944867,V,bg
575526675969,2457422.5271292,16.81430555709318,0.14040799356983652,V,bg
575526675969,2457425.740258,16.79195347018282,0.1330255823478827,V,bg
575526675969,2457471.5720986,16.20991341974038,0.16637757779146486,V,bg
575526675969,2457428.6820116,16.38724096775526,0.08096872990869801,V,bg
575526675969,2457617.884931,16.6611655202741,0.1722599471322012,V,bg
575526675969,2457433.5554879,16.35615168799485,0.07465605342596135,V,bg
575526675969,2457426.6950641,16.40532400964805,0.0879414834836333,V,bg
575526675969,2457667.7476056,16.221454002431116,0.06797370877765004,V,bg
575526675969,2457429.5572529,16.300937369249407,0.06849424165550635,V,bg
575526675969,2457699.6672995,16.384197009048297,0.07756062538674707,V,bg
575526675969,2457721.6341496,16.254677691338916,0.0693789698498672,V,bg
575526675969,2457729.596957,16.512888603183995,0.10288045944751094,V,bg
575526675969,2457797.5572621,16.35338719063227,0.09678002201060172,V,bg
575526675969,2457808.6836013,16.468648291503026,0.10172290175364286,V,bg
575526675969,2457803.6838087,16.359761576256776,0.06966688105223118,V,bg
575526675969,2457681.7409229,16.355360253370968,0.09848124196658213,V,bg
575526675969,2457696.7086064,16.242942407220056,0.09092330611599611,V,bg
575526675969,2457684.812173,16.342792193379935,0.09249882218744086,V,bg
575526675969,2457816.6693448,16.454025136491357,0.0920891966053545,V,bg
575526675969,2457818.6686201,16.324126394312273,0.09426067451046556,V,bg
575526675969,2457700.7409985,16.3988327786265,0.0823641058535707,V,bg
575526675969,2457830.6293379,16.522036301989772,0.13730576576960718,V,bg
575526675969,2457826.6367634,16.162625564102417,0.1342092892781317,V,bg
575526675969,2457834.5585529,16.39556780881673,0.1074343686382654,V,bg
575526675969,2457837.6073567,16.556281532182652,0.11362381038763637,V,bg
575526675969,2457835.6170824,16.26327415099354,0.0766225368747607,V,bg
575526675969,2457827.5851956,16.44565150109183,0.13685901230372258,V,bg
575526675969,2457831.6050656,16.458416107754275,0.10275873655667817,V,bg
575526675969,2458039.7964543,16.546376462355678,0.10610623695460639,V,bg
575526675969,2458034.7418703,16.51401669718008,0.16731091527919917,V,bg
575526675969,2457846.5848677,16.05844625748607,0.07879315331682635,V,bg
575526675969,2458046.70227,16.512074218389607,0.08542212036583899,V,bg
575526675969,2458053.6833977,16.53323647787288,0.11188418867726777,V,bg
575526675969,2458069.7428175,16.727536000604367,0.11777487411178192,V,bg
575526675969,2458070.7630892,16.392888782356845,0.08710751467973978,V,bg
575526675969,2458083.5923562,16.090111464156852,0.08522924961029489,V,bg
575526675969,2458084.6436719,16.424723290804984,0.10335214112724443,V,bg
575526675969,2458087.5832662,16.372127084514872,0.15605099396592859,V,bg
575526675969,2458174.6129508,16.539022584892322,0.1263523989626045,V,bg
575526675969,2458045.7055695,16.382724438388287,0.07989208366777621,V,bg
575526675969,2458190.5845183,16.232734367560198,0.08884982560059793,V,bg
575526675969,2458182.6144665,16.518337978470626,0.13665402697036785,V,bg
575526675969,2458203.5971642,16.294900971794757,0.10457321804495381,V,bg
575526675969,2458048.6959298,16.38086898947382,0.07893482239113031,V,bg
575526675969,2458376.8706111,16.441058383758076,0.11918451161042846,V,bg
575526675969,2458339.9029984,16.509041578978593,0.1453956261282039,V,bg
575526675969,2458343.8939036,16.462208105754492,0.13810172510357746,V,bg
575526675969,2458383.7831852,16.624726598350286,0.21718668879403163,V,bg
575526675969,2458038.7435813,16.64405144490306,0.1863029243734126,V,bg
575526675969,2457844.5899663,16.57383773807693,0.09341701495059605,V,bg
575526675969,2457687.6986706,16.020260182259996,0.07984054862555867,V,bg
575526675969,2457703.7764618,16.29836631137571,0.10681571381484854,V,bg
575526675969,2457671.7471735,16.12614424299374,0.13277320438236612,V,bg
575526675969,2457690.6963832,16.83962587620848,0.13428077126509783,V,bg
575526675969,2457709.7585883,16.29010587701044,0.11357379905290789,V,bg
575526675969,2457485.5678963,16.308366099772783,0.08615005416444581,V,bg
575526675969,2457591.9295049,16.154135106355522,0.11724310249550696,V,bg
575526675969,2457606.9110904,16.412096519169786,0.07600674451220761,V,bg
575526675969,2457608.907946,16.636009898121618,0.10226287427036967,V,bg
575526675969,2457616.8809047,16.71838348780888,0.16769919172502468,V,bg
575526675969,2457610.9005918,16.364412793737923,0.08473716798255285,V,bg
575526675969,2457626.8505882,16.281803006450367,0.06766292261825922,V,bg
575526675969,2457625.872135,16.620833285380737,0.12041240052616768,V,bg
575526675969,2457630.8441007,16.623016832297107,0.11220277023927175,V,bg
575526675969,2457634.8257497,16.598615125571015,0.09321536128860713,V,bg
575526675969,2457637.8309406,16.631236054127083,0.113733289079632,V,bg
575526675969,2457282.892102,16.36499780593645,0.08830535745436471,V,bg
575526675969,2457277.808611,16.47919082919716,0.10847161364576709,V,bg
575526675969,2457318.8134765,16.14087727937998,0.08428887935935772,V,bg
575526675969,2457302.7749448,16.507991478506355,0.09292886965682311,V,bg
575526675969,2457331.7641329,16.437259412520486,0.07217837856311549,V,bg
575526675969,2457327.8240723,16.06102649080412,0.1137760875574854,V,bg
575526675969,2457334.7640866,16.45161336947768,0.14848637363222592,V,bg
575526675969,2457346.6911536,16.509984330956588,0.09217483171699305,V,bg
575526675969,2457372.5446588,16.779752478563147,0.12534029805343738,V,bg
575526675969,2457365.7566195,16.27879963303076,0.08425173640795874,V,bg
575526675969,2457378.8042073,16.34671530833233,0.08503361055895971,V,bg
575526675969,2457375.6103352,16.346776119717923,0.08763434384489686,V,bg
575526675969,2457376.7917775,16.26016445667666,0.07008466077620921,V,bg
575526675969,2457380.5293354,16.447942179221023,0.17274602158978142,V,bg
575526675969,2457383.809667,16.529508621160993,0.16353944712021706,V,bg
575526675969,2457385.7761174,16.36863660197758,0.10354633360422484,V,bg
575526675969,2457389.6407093,16.7452604750445,0.11180271642910058,V,bg
575526675969,2457394.5820694,16.653473644719746,0.10275443862563505,V,bg
575526675969,2457398.8150169,16.35931776822578,0.0771948321352988,V,bg
575526675969,2457397.5353765,16.648517519027976,0.11382996848204313,V,bg
575526675969,2457396.7198749,16.306942068036275,0.07005076646584901,V,bg
575526675969,2457399.6700998,16.373382291543717,0.07551578347577127,V,bg
575526675969,2457404.7982718,16.710020482389428,0.13617714992226823,V,bg
575526675969,2457407.6764481,16.571530607127947,0.11978528951307607,V,bg
575526675969,2457405.6690025,16.276071661340595,0.08508977278256545,V,bg
575526675969,2457416.7640729,16.57175405601747,0.13070022900101383,V,bg
575526675969,2457406.7913868,16.63129607185438,0.17743814006303646,V,bg
575526675969,2457419.6636934,16.608810062325652,0.08830210398959845,V,bg
575526675969,2457418.7293978,16.128376530414517,0.07940968836367743,V,bg
575526675969,2457421.610253,16.59209836225386,0.11397012608151912,V,bg
575526675969,2457415.6850884,16.157380648799496,0.08547036967160399,V,bg
575526675969,2457439.7003922,16.600590039971912,0.170113817323605,V,bg
575526675969,2457437.5922319,16.145338597392026,0.08671372491409396,V,bg
575526675969,2457442.6901614,16.371636786386865,0.13756927002605746,V,bg
575526675969,2457447.6796369,16.78565547405706,0.12773663799804078,V,bg
575526675969,2457440.5385864,16.26523392950763,0.11223646565068808,V,bg
575526675969,2457444.643268,16.232019335039038,0.09828765381930922,V,bg
575526675969,2457448.6303761,16.35956951589916,0.07678381306420083,V,bg
575526675969,2457458.6507935,16.332738418522283,0.10079654824437108,V,bg
575526675969,2457460.5765103,16.441965909720835,0.0767258239654089,V,bg
575526675969,2457470.6161614,16.461731293168466,0.17105211553865207,V,bg
575526675969,2457477.5754504,16.233866685318862,0.07416319792643836,V,bg
575526675969,2457711.7105761,16.08378664735846,0.07754111669581437,V,bg
575526675969,2457640.8137001,16.244069922995486,0.07220591193012958,V,bg
575526675969,2457648.8724902,16.636665801821504,0.17621228098770522,V,bg
575526675969,2457654.803302,16.126390323401818,0.08723081868509175,V,bg
575526675969,2457655.8078327,16.42259365985839,0.11282341547978264,V,bg
575526675969,2457660.793958,16.67781121888327,0.10495577165456896,V,bg
575526675969,2457658.7671347,16.324614000925198,0.09057972144305577,V,bg
575526675969,2457663.7535915,16.192358010919158,0.08300705733473172,V,bg
575526675969,2457714.7582158,16.689995008886747,0.09878174415716275,V,bg
575526675969,2457718.7271671,16.543511007558372,0.09339991493958996,V,bg
575526675969,2457740.8189691,16.386295910965508,0.09778478587500769,V,bg
575526675969,2457742.7126451,16.28172230260081,0.08699496437088586,V,bg
575526675969,2457751.5505521,16.71845865571887,0.11319537757905022,V,bg
575526675969,2457745.7451764,16.343294918161625,0.07934256200695204,V,bg
575526675969,2457754.6294217,16.2107417046728,0.07562376844809034,V,bg
575526675969,2457757.5551809,16.433246756978296,0.08679355886252842,V,bg
575526675969,2457756.7992891,16.884832867896773,0.1299424902891451,V,bg
575526675969,2457759.6704142,16.258245359369404,0.07852437133850726,V,bg
575526675969,2457761.6577792,16.448029524397615,0.10555454119166312,V,bg
575526675969,2457763.7653908,16.35217940889988,0.12510028015126812,V,bg
575526675969,2457772.752006,16.45186612967294,0.09903218989717659,V,bg
575526675969,2457770.7187276,16.03004546220065,0.07978308277926968,V,bg
575526675969,2457775.6497243,16.35921261394911,0.0820998783502758,V,bg
575526675969,2457782.73857,16.748365428151658,0.13628882244398147,V,bg
575526675969,2457773.68405,16.106732482759163,0.07613043753613605,V,bg
575526675969,2457789.7011801,16.48152367270751,0.21311644204960098,V,bg
575526675969,2457780.5949383,16.539250252952208,0.10335406799747335,V,bg
575526675969,2457801.7107081,17.05771890098166,0.1915833229210264,V,bg
575526675969,2457784.6365691,16.796817862422834,0.10776425286107572,V,bg
575526675969,2457795.6218509,16.31800938062142,0.1857659758445373,V,bg
575526675969,2457800.7114815,16.519605732759818,0.12042718024884534,V,bg
575526675969,2457806.6951188,16.678268399414847,0.14351107461881502,V,bg
575526675969,2457802.7060033,16.352651395918162,0.13019497106333502,V,bg
575526675969,2457848.5712096,16.439979431711937,0.12893373078869846,V,bg
575526675969,2457851.5692825,16.54019518662263,0.16375401829217717,V,bg
575526675969,2457855.5550329,16.628366938769744,0.18189276525049686,V,bg
575526675969,2457863.5331499,16.514636241232754,0.10072716177059655,V,bg
575526675969,2457857.5496116,16.352185131134732,0.10403908859634967,V,bg
575526675969,2457865.5003637,16.249058161755514,0.07337161073238901,V,bg
575526675969,2457870.4978542,16.41322467190426,0.08388473931278137,V,bg
575526675969,2457882.4757067,16.366232096573242,0.13329353079690875,V,bg
575526675969,2457953.9398098,16.47496510833278,0.13727240120744552,V,bg
575526675969,2457867.5259847,16.406381357464923,0.07940330762321411,V,bg
575526675969,2457957.9336348,16.396084180295432,0.12187207431685813,V,bg
575526675969,2457960.9189861,16.175087955746033,0.07468945127504704,V,bg
575526675969,2457969.9300401,16.830035437786496,0.15894793247719036,V,bg
575526675969,2457974.8962519,16.207445113053332,0.14925689733323222,V,bg
575526675969,2457999.8341702,16.694777765841003,0.1953511639232568,V,bg
575526675969,2457980.883626,16.720082773360613,0.14840934140790618,V,bg
575526675969,2457983.9126716,16.672067882211042,0.11938166625807228,V,bg
575526675969,2457972.9060919,16.02275017380402,0.19103891363806585,V,bg
575526675969,2458007.8072216,16.395838082573558,0.10767427195562997,V,bg
575526675969,2458014.8054038,16.536311470170514,0.10779620593300754,V,bg
575526675969,2458012.7926477,16.518026641349547,0.08986963594799663,V,bg
575526675969,2458018.7953478,16.54292536043148,0.1262889121146672,V,bg
575526675969,2458016.7997517,16.521015808415623,0.10030045958059411,V,bg
575526675969,2458052.6865254,16.108950043550177,0.07632307729861623,V,bg
575526675969,2458022.7673414,16.176537238313827,0.08423338847627435,V,bg
575526675969,2458028.7499531,16.904377715716606,0.1938383916772983,V,bg
575526675969,2458056.6744341,16.15195059448265,0.09535215641046813,V,bg
575526675969,2458067.8046604,16.51411337961322,0.09273703430733672,V,bg
575526675969,2458072.6352712,16.80692152708477,0.15368484008103683,V,bg
575526675969,2458071.6346477,16.56436426594836,0.12508547482997587,V,bg
575526675969,2458074.6706635,16.035689330326907,0.07150097662600842,V,bg
575526675969,2458079.6002992,16.04537622797931,0.0900418848993748,V,bg
575526675969,2458075.6868707,16.196671218169705,0.0784753868886019,V,bg
575526675969,2458085.6949568,16.51281773882195,0.18615156673029756,V,bg
575526675969,2458096.5770622,16.275660919282434,0.09338591366325079,V,bg
575526675969,2458101.7027238,16.251118377144927,0.10127198903166651,V,bg
575526675969,2458094.7671932,16.462940285406212,0.10249501126606296,V,bg
575526675969,2458103.5303131,16.270010302566874,0.10767228889967746,V,bg
575526675969,2458104.8517849,16.78853209434316,0.14093524775510702,V,bg
575526675969,2458105.8328348,16.28045636900132,0.11647136967311515,V,bg
575526675969,2458108.7312452,16.52707444989547,0.14090616733329903,V,bg
575526675969,2458111.7516361,16.44863990405899,0.08127819454414165,V,bg
575526675969,2458117.7384237,16.316056048327134,0.11094718885147231,V,bg
575526675969,2458165.7111556,16.76893442027065,0.1520882367453969,V,bg
575526675969,2458172.5137636,16.094424369540828,0.0989559204931911,V,bg
575526675969,2458175.5813196,16.44930730134316,0.11475760381499579,V,bg
575526675969,2458176.6532194,15.936996154239282,0.12602199182143248,V,bg
575526675969,2458178.5900748,16.279006935088688,0.16162998184140376,V,bg
575526675969,2458192.6094761,16.269343054649575,0.08636445323535352,V,bg
575526675969,2458198.6147259,16.468516206661125,0.10139547264404605,V,bg
575526675969,2458335.9340533,16.229207050408057,0.1877592316429901,V,bg
575526675969,2458323.9260801,16.794092049560344,0.20940370287847607,V,bg
575526675969,2458358.8536568,16.201176510323773,0.15224826879518263,V,bg
575526675969,2458360.8503132,15.897774017306737,0.12189079133130229,V,bg
575526675969,2458368.8260951,16.609853416474667,0.1676587602558169,V,bg
575526675969,2458384.790397,16.056790126016807,0.1463872662181526,V,bg
575526675969,2459997.6775969,16.937794445515763,0.10182122619138172,g,bG
575526675969,2456878.9156962,16.522424984574812,0.10872111793757885,V,bf
575526675969,2456789.5165419,16.4889986857322,0.14695408076695418,V,bf
575526675969,2456894.8852552,16.552331405645283,0.07731113887976285,V,bf
575526675969,2456872.9442526,15.938676816653652,0.1610096604689486,V,bf
575526675969,2456918.8366655,16.616931070813813,0.10674138765719103,V,bf
575526675969,2457007.841823,16.510498960716816,0.08252287545867716,V,bf
575526675969,2456884.9207064,16.13583923494315,0.09852822489234096,V,bf
575526675969,2456988.6767236,16.315458070841633,0.07115053393135685,V,bf
575526675969,2457009.6898589,16.357019502431918,0.06290939200254374,V,bf
575526675969,2457013.6892971,16.5570747505832,0.08580028616491248,V,bf
575526675969,2457010.5573239,16.42667767515943,0.04121496036022113,V,bf
575526675969,2457016.6777078,16.396164497022408,0.06352472124047845,V,bf
575526675969,2457033.772242,16.32921132879291,0.0689534180525183,V,bf
575526675969,2457034.6576303,16.528901711551327,0.0785583434604246,V,bf
575526675969,2456885.8993341,16.887336594228355,0.19132481060044002,V,bf
575526675969,2456979.7184904,16.375741659591803,0.06580860513472692,V,bf
575526675969,2457133.5509438,16.5038236998672,0.10614061996795204,V,bf
575526675969,2457150.4838006,16.20511298113359,0.07592899892693926,V,bf
575526675969,2457111.5821829,16.84633738953308,0.18108656986952615,V,bf
575526675969,2457155.4903689,16.77004164873352,0.12263296467431173,V,bf
575526675969,2457158.4747014,16.508060151490454,0.09370834023245052,V,bf
575526675969,2457234.936332,15.932671709678822,0.13548073522295365,V,bf
575526675969,2457167.4618749,16.413030411608638,0.10120608358312712,V,bf
575526675969,2457161.4767936,16.321840682457236,0.07652441711805505,V,bf
575526675969,2457251.9096695,16.235703648724854,0.06876088017496632,V,bf
575526675969,2457317.7485542,16.348314201133554,0.09406975444924587,V,bf
575526675969,2457093.5975841,16.630416442394843,0.13115022716572652,V,bf
575526675969,2457331.7835531,16.466073455878846,0.05616021518435809,V,bf
575526675969,2457319.7765335,16.47513213489948,0.09689126255177216,V,bf
575526675969,2457354.7576125,16.890875455326707,0.1752460575346176,V,bf
575526675969,2457364.6083961,16.60970993160625,0.07313759971900166,V,bf
575526675969,2457362.7588168,16.478330500161825,0.057410116492896686,V,bf
575526675969,2457367.6626359,16.30519183821513,0.05834945877470785,V,bf
575526675969,2457375.7991853,16.419369117772604,0.05488383727569836,V,bf
575526675969,2457380.6665997,16.15193944732932,0.13790702057270496,V,bf
575526675969,2457390.6013963,16.50157680108894,0.06073880253930723,V,bf
575526675969,2457398.5353385,16.59940173255353,0.10241170806467166,V,bf
575526675969,2457419.7031859,16.102721574270845,0.0682486195489457,V,bf
575526675969,2457420.6789153,16.487927669492638,0.07268609173874045,V,bf
575526675969,2457371.7792336,16.484613903187547,0.059087886364918234,V,bf
575526675969,2457422.7389625,16.478135085347585,0.06648581395755272,V,bf
575526675969,2457357.8233586,16.70569140704679,0.09568501734243019,V,bf
575526675969,2457424.7639532,16.389197838127536,0.05375521365721035,V,bf
575526675969,2457426.7626238,16.59977450063319,0.09277774490091042,V,bf
575526675969,2457428.6624261,16.348451075253653,0.055438269756326604,V,bf
575526675969,2457427.7582132,16.261143502694754,0.0627473163243467,V,bf
575526675969,2457447.5995563,16.486040119824395,0.06177656562361698,V,bf
575526675969,2457448.7048622,16.28751255659058,0.0788871631367516,V,bf
575526675969,2457451.6309855,16.7205739994534,0.0828803076562508,V,bf
575526675969,2457602.9255471,16.42169700225014,0.060490347141186444,V,bf
575526675969,2457101.5640497,16.676610814578908,0.10395754558164869,V,bf
575526675969,2457666.7667353,16.55235770175534,0.07730098017113554,V,bf
575526675969,2457668.8549279,16.58208247175803,0.07255688733330672,V,bf
575526675969,2457662.790963,16.395751293185636,0.06090360916550888,V,bf
575526675969,2457671.7535785,16.230463031714354,0.06177148035365511,V,bf
575526675969,2457686.8227801,16.596918256443825,0.06868543635245115,V,bf
575526675969,2457767.6056384,16.436122184188328,0.09503239622370035,V,bf
575526675969,2457749.6361631,16.42456023629973,0.07098891950030475,V,bf
575526675969,2457691.7686801,16.548583955787986,0.06271527906152008,V,bf
575526675969,2457773.7832003,16.22260112062147,0.07813028735092728,V,bf
575526675969,2457774.7411901,16.437953389612524,0.08362600856061703,V,bf
575526675969,2457689.7178334,16.371602252030208,0.05290971179063694,V,bf
575526675969,2457127.5325845,16.47701035312131,0.09377112176095019,V,bf
575526675969,2457775.6676501,16.312114123383786,0.05366297699987251,V,bf
575526675969,2457782.756156,16.468501768267124,0.07903322949496343,V,bf
575526675969,2457778.7578199,16.42197135533394,0.06851639424840308,V,bf
575526675969,2457787.6310726,16.50033603043835,0.073544350379706,V,bf
575526675969,2457780.6857516,16.281577673090833,0.05167435200119198,V,bf
575526675969,2457791.6130432,16.323440459280242,0.11554214641668017,V,bf
575526675969,2457856.5400309,16.818241082303697,0.17497038113383165,V,bf
575526675969,2457802.7218868,16.32588795013738,0.0816963489867467,V,bf
575526675969,2457799.6331075,16.38293874027552,0.10105343189859951,V,bf
575526675969,2457858.4868727,16.499785743230333,0.06751242385644661,V,bf
575526675969,2457803.7212507,16.534625895761113,0.08318789713512126,V,bf
575526675969,2457872.5006523,16.515448925091217,0.06593643930461077,V,bf
575526675969,2457867.5569766,16.35794644921927,0.14321918329501535,V,bf
575526675969,2457889.4850123,16.607348056620896,0.08786970093061472,V,bf
575526675969,2457869.5143969,16.34186739339802,0.07776618635963399,V,bf
575526675969,2457843.5312286,16.488982718145394,0.07185002604828766,V,bf
575526675969,2457801.7266411,16.44579903218252,0.08717142336387591,V,bf
575526675969,2457967.9253224,16.51393008728221,0.07424674321509751,V,bf
575526675969,2458021.8262715,16.621207680446975,0.07609654630743247,V,bf
575526675969,2457893.4643873,16.568128194087613,0.10974810310266571,V,bf
575526675969,2458033.7749087,16.45263136829864,0.16545438771157747,V,bf
575526675969,2457966.9338479,16.42536988818928,0.10890666280419532,V,bf
575526675969,2458038.7620494,16.243506601272287,0.08262099233606734,V,bf
575526675969,2458032.7629683,16.45650617629863,0.17434442766489552,V,bf
575526675969,2458039.7742174,16.147809648551068,0.06579632827301107,V,bf
575526675969,2458045.8189721,16.47716471333042,0.06581028045281706,V,bf
575526675969,2458041.7787539,16.515619757763584,0.07744534423067588,V,bf
575526675969,2458044.8260994,16.6123472421706,0.0860059466827827,V,bf
575526675969,2458046.8040837,16.520292476386047,0.0868916958614818,V,bf
575526675969,2456904.8613784,16.383652271187827,0.08057396513470262,V,bf
575526675969,2457784.5806962,16.419952289867908,0.05276031930318388,V,bf
575526675969,2458047.8007888,16.23622454105642,0.06224144078751264,V,bf
575526675969,2458082.7634736,16.693937181181234,0.07954677960252574,V,bf
575526675969,2458094.7517229,16.686896263573733,0.11191642284226382,V,bf
575526675969,2458119.7187526,16.262788170506603,0.1565946980502814,V,bf
575526675969,2458180.5807737,16.523773569944918,0.15534616197157095,V,bf
575526675969,2458079.639265,16.140991650781974,0.05631685794864948,V,bf
575526675969,2458077.7483635,16.497516247740784,0.08135544611684442,V,bf
575526675969,2458191.6343656,16.354558753862648,0.0718185272297673,V,bf
575526675969,2458076.6484995,16.663559354028745,0.07949421723693306,V,bf
575526675969,2458194.6193478,16.367586911651657,0.07832919118859291,V,bf
575526675969,2458193.5812922,16.465483252797387,0.07608954297196224,V,bf
575526675969,2458074.753993,16.485811863435607,0.061627736167198036,V,bf
575526675969,2458196.602425,16.37284343952645,0.07084547311136624,V,bf
575526675969,2458203.6283293,16.09989019110294,0.10660163079455244,V,bf
575526675969,2458198.5836675,16.70820947942647,0.0997171857927872,V,bf
575526675969,2458347.9059232,16.423025018463623,0.04167559599313271,V,bf
575526675969,2458358.8836185,16.21451879329122,0.15229425902758545,V,bf
575526675969,2458199.5928653,16.615949750123246,0.08725596986978487,V,bf
575526675969,2458384.8058319,16.484894211337267,0.11662689228026343,V,bf
575526675969,2457964.9357556,16.36377026393831,0.09231295569892742,V,bf
575526675969,2457436.7363055,16.376732702418398,0.08917937423339349,V,bf
575526675969,2456906.8560316,16.684134196663642,0.11586208439072006,V,bf
575526675969,2456909.907497,16.777061251266904,0.18543104882914094,V,bf
575526675969,2458233.5223033,16.311947812902105,0.10234209653958495,V,bf
575526675969,2459998.6888117,16.905094039478268,0.09613795047679159,g,bG
575526675969,2456796.4706062,16.04082437716738,0.06333388406370816,V,bf
575526675969,2456804.4575414,16.57851749376688,0.09214784898843573,V,bf
575526675969,2456910.8943384,16.347652184136415,0.11998448037344839,V,bf
575526675969,2456923.8328519,16.39586113420354,0.07318877380068944,V,bf
575526675969,2456927.8253437,16.64372457744153,0.10389579554887779,V,bf
575526675969,2456930.8569513,16.372136649959955,0.06321557803301991,V,bf
575526675969,2456932.8661169,16.297658865101997,0.06391312364088186,V,bf
575526675969,2456785.4530042,15.77905479127596,0.13956579417671441,V,bf
575526675969,2456784.5224572,16.5703423373527,0.10609241599949809,V,bf
575526675969,2456795.4735182,16.97682544738529,0.14735449453596658,V,bf
575526675969,2456939.7946223,16.26498177155326,0.15496499296383867,V,bf
575526675969,2456931.8485867,16.309657621046718,0.07587073527365602,V,bf
575526675969,2456938.7999647,16.27595596979966,0.1314821446052664,V,bf
575526675969,2456936.8142384,15.991918024053131,0.08152197076131863,V,bf
575526675969,2456952.7841767,16.242403290955355,0.07396571786837278,V,bf
575526675969,2456966.7509221,16.530106307249497,0.14190154203037791,V,bf
575526675969,2456970.7321132,16.514276514299006,0.10675048061941189,V,bf
575526675969,2456976.7375173,16.55614020620935,0.0937897753419833,V,bf
575526675969,2456983.76577,16.6188714925124,0.07248618974192868,V,bf
575526675969,2456991.6714015,16.297215673355222,0.07705052070452555,V,bf
575526675969,2456993.7002154,16.29744305780741,0.09414227418522625,V,bf
575526675969,2457002.7015631,16.59669249026055,0.115766104994616,V,bf
575526675969,2457005.6909469,16.381233091699244,0.07596913587560268,V,bf
575526675969,2456999.6949295,16.084156023921437,0.09808031165531003,V,bf
575526675969,2457004.6850855,16.329851807690712,0.08369632857128477,V,bf
575526675969,2457006.6943826,16.50397225948928,0.0766127584779489,V,bf
575526675969,2457019.6752334,16.600121191209926,0.07999602217141331,V,bf
575526675969,2457021.6644163,16.369899055181236,0.057639286576670626,V,bf
575526675969,2457036.647769,16.366887850558967,0.0696158902018504,V,bf
575526675969,2457038.6522097,16.445139293652268,0.052974776327578924,V,bf
575526675969,2457043.6886691,16.574700518965308,0.08721205603624778,V,bf
575526675969,2457040.6458207,16.174545543836746,0.06286685166413927,V,bf
575526675969,2457046.6814764,16.21970482862824,0.098567845975194,V,bf
575526675969,2457052.637307,16.694521679543627,0.1276772395982724,V,bf
575526675969,2457049.6326862,16.395919553961285,0.07568718486704774,V,bf
575526675969,2457060.6190775,16.28862259250274,0.08921094228416537,V,bf
575526675969,2457064.7549683,16.297056612409612,0.1152935099043912,V,bf
575526675969,2457740.7157478,16.27592491843056,0.07754010362350293,V,bf
575526675969,2457071.5892734,16.53979448561213,0.08022044487778443,V,bf
575526675969,2457068.5948961,16.766986457441682,0.100742646902158,V,bf
575526675969,2457076.5896231,16.699669871332162,0.10808294700360946,V,bf
575526675969,2457079.5874613,16.53972215267244,0.13313404133732146,V,bf
575526675969,2457139.5235006,16.533939295189413,0.11001634742465036,V,bf
575526675969,2457121.5472558,16.696708697004386,0.08019129266239554,V,bf
575526675969,2457166.4518469,16.696731492518715,0.17238850357213242,V,bf
575526675969,2457229.9363455,16.654134370203263,0.10099863236294603,V,bf
575526675969,2457247.9042431,16.70945710367657,0.09810463024956519,V,bf
575526675969,2457170.4570564,16.555494289414384,0.12859477535845076,V,bf
575526675969,2457256.9045813,16.359649037511286,0.0611079322414075,V,bf
575526675969,2457278.9022622,16.511241918015507,0.0891305064938908,V,bf
575526675969,2457267.854841,16.396180887644856,0.09884670971465176,V,bf
575526675969,2457269.9019427,16.373632846469967,0.10895575244569006,V,bf
575526675969,2457266.8562005,16.408707288901617,0.19937283662046446,V,bf
575526675969,2457282.876004,16.4972489834515,0.08290203124574771,V,bf
575526675969,2457283.8191696,16.433192490031526,0.0795984077683513,V,bf
575526675969,2457287.8692446,16.559945649740303,0.08108897248799417,V,bf
575526675969,2457288.7988218,16.417089111951427,0.05580555866236996,V,bf
575526675969,2457295.8089058,16.601166007937547,0.15060337358045475,V,bf
575526675969,2457305.84811,16.169878568412035,0.05850745915704707,V,bf
575526675969,2457327.7510394,16.57126349644544,0.07871121966403322,V,bf
575526675969,2457339.8269244,16.420690739968894,0.04808774213678129,V,bf
575526675969,2457312.8295734,16.514167930840692,0.059048839690641,V,bf
575526675969,2457373.5620272,16.427225079537248,0.07307364137600877,V,bf
575526675969,2457376.6331444,16.35276358349629,0.04934006510300632,V,bf
575526675969,2457345.7675736,16.41835360353212,0.052899306065402496,V,bf
575526675969,2457381.6110886,16.19147077982619,0.12296478552991011,V,bf
575526675969,2457360.633603,16.412762544016832,0.06396608515301751,V,bf
575526675969,2457387.7768267,16.295955444223544,0.07381820329574247,V,bf
575526675969,2457384.7721712,16.28010113510198,0.10108828669387164,V,bf
575526675969,2457389.7696082,16.40637555808765,0.05977869474214189,V,bf
575526675969,2457401.8028534,16.6380295443708,0.07725631859073194,V,bf
575526675969,2457400.834209,16.03083007668428,0.08362603674822407,V,bf
575526675969,2457396.785118,16.50456506817129,0.06569663692130483,V,bf
575526675969,2457403.7528152,16.83308208367918,0.08369777602915501,V,bf
575526675969,2457407.8131643,16.40551664371738,0.07026578908899506,V,bf
575526675969,2457404.5790376,16.40708803453929,0.07354236267136084,V,bf
575526675969,2457406.5854155,16.73077636098871,0.1211248607812142,V,bf
575526675969,2457410.6950351,16.33445345234028,0.15074116773125382,V,bf
575526675969,2457415.6695633,16.433931074701167,0.08278230372823077,V,bf
575526675969,2457405.8059563,16.5857683076868,0.06787231261267798,V,bf
575526675969,2457418.7410257,16.53166897536696,0.06385968397280906,V,bf
575526675969,2457461.6678139,16.59985764242284,0.059993452407345944,V,bf
575526675969,2457477.6230135,16.719280803915876,0.10159706479994271,V,bf
575526675969,2457471.5602853,16.308220696315566,0.12549391679583313,V,bf
575526675969,2457485.5836101,16.318842544888724,0.05277559438744814,V,bf
575526675969,2457479.5689779,16.45232097381688,0.0590536247418618,V,bf
575526675969,2457617.8991757,16.57500102634738,0.141430351202187,V,bf
575526675969,2457635.891601,16.294890121575914,0.05483743038804064,V,bf
575526675969,2457621.8902041,16.04958894489102,0.07885423115613649,V,bf
575526675969,2457623.9053185,16.617040859495667,0.20884312214711073,V,bf
575526675969,2457696.7536922,16.44850011790701,0.06599273118611944,V,bf
575526675969,2457700.6742119,16.287788416884695,0.09784917044844785,V,bf
575526675969,2457701.7672935,16.381106211564383,0.06087834113851895,V,bf
575526675969,2457708.6549725,16.066222858015763,0.11967883584851352,V,bf
575526675969,2457721.7254997,16.30354098694593,0.05490838398897744,V,bf
575526675969,2457714.8115245,16.609319128316336,0.10646890570252082,V,bf
575526675969,2457725.7417346,16.274803101739348,0.06534491141531498,V,bf
575526675969,2457729.7298516,16.311440636730417,0.058683923870280506,V,bf
575526675969,2457738.7487738,16.62541659464592,0.13118498323150501,V,bf
575526675969,2457752.6737481,16.390271982444766,0.06117950228332244,V,bf
575526675969,2457742.6529154,16.22702523068206,0.0607192752704255,V,bf
575526675969,2457755.7614568,16.58699175860369,0.07046337942824071,V,bf
575526675969,2457757.637909,16.46451981323347,0.054428389688161743,V,bf
575526675969,2457760.7097133,16.562131800431036,0.15191383433036573,V,bf
575526675969,2457761.5789471,16.412384712179527,0.09668339525914635,V,bf
575526675969,2457770.7918043,16.379526880667235,0.15810535873799023,V,bf
575526675969,2457772.8131428,16.45169514939346,0.09661196220867714,V,bf
575526675969,2457795.6099693,16.27471525449043,0.1398394785772025,V,bf
575526675969,2457804.7166355,16.430766244098642,0.06616302811683734,V,bf
575526675969,2457806.605969,16.364484194037544,0.04512857775382987,V,bf
575526675969,2457808.6517456,16.459573155166375,0.05433006748378624,V,bf
575526675969,2457811.6485266,16.86647856845973,0.17521365039816028,V,bf
575526675969,2457827.6639598,16.04163224431818,0.09997304463568904,V,bf
575526675969,2457830.5501555,16.312806827323744,0.05503972862567387,V,bf
575526675969,2457824.5311621,16.292034720929465,0.09109666440164127,V,bf
575526675969,2457838.5077637,16.380833937877306,0.0594418948744018,V,bf
575526675969,2457835.644928,16.439331566526448,0.06421185622336427,V,bf
575526675969,2457855.5858405,16.15531375657211,0.12337721682824622,V,bf
575526675969,2457846.6127621,16.304368039040458,0.08935947461048853,V,bf
575526675969,2457848.6073631,16.41058264594479,0.10564113620688066,V,bf
575526675969,2457864.5598409,16.327608327862787,0.06691939389696905,V,bf
575526675969,2457999.8594034,16.469157746729756,0.08513005393844625,V,bf
575526675969,2457983.9050326,16.32826256694267,0.0728980329424998,V,bf
575526675969,2457994.869377,16.644088017792914,0.07313100150452315,V,bf
575526675969,2458011.8427575,16.518766379798954,0.06177255987715547,V,bf
575526675969,2458016.8144736,16.59178186219377,0.09568475626380206,V,bf
575526675969,2458007.832418,16.261482228469408,0.09048036513887618,V,bf
575526675969,2458013.8554872,16.4497049292713,0.06579806925790876,V,bf
575526675969,2458018.829278,16.327953031025423,0.08250852929100706,V,bf
575526675969,2458028.7780599,16.474052991257384,0.10687544490848919,V,bf
575526675969,2458080.7126729,16.535764758545255,0.05961963651096944,V,bf
575526675969,2458034.8509681,16.294272321462064,0.11163432892442507,V,bf
575526675969,2458085.6291051,16.473499699400705,0.09177521145336953,V,bf
575526675969,2458086.6861902,16.60113504188322,0.11257665696375546,V,bf
575526675969,2458088.8470303,16.589160468035352,0.08186971040801456,V,bf
575526675969,2458096.7341731,16.366899917747865,0.07919081472026483,V,bf
575526675969,2458092.6557526,16.104388542315256,0.12503329913072117,V,bf
575526675969,2458102.6803619,16.58643396741819,0.07762052161191456,V,bf
575526675969,2458109.6238798,16.35116854457865,0.08720925397785768,V,bf
575526675969,2458118.7317463,16.18054790675362,0.14492293874677015,V,bf
575526675969,2458175.699905,16.57803468468822,0.13888409116977413,V,bf
575526675969,2458165.6694765,16.561884234465538,0.08301769163432161,V,bf
575526675969,2458179.640191,15.91507640128427,0.1714979578158765,V,bf
575526675969,2458183.6814389,16.436723936064258,0.12950636754323222,V,bf
575526675969,2458235.5404242,16.45576913968008,0.17726679996443448,V,bf
575526675969,2458189.6430788,16.4466874866197,0.07727160183708988,V,bf
575526675969,2458329.9358576,16.508069614278757,0.10900434474115299,V,bf
575526675969,2458337.9307704,16.25214428683957,0.0599400313780846,V,bf
575526675969,2458331.9288202,16.33391973429775,0.09656925883901743,V,bf
575526675969,2458343.9199377,16.354236465049613,0.10590133996273132,V,bf
575526675969,2458356.882942,15.896851798728038,0.15916277079783542,V,bf
575526675969,2458360.8726095,16.391573334879375,0.07743589836539559,V,bf
575526675969,2458367.8528107,16.43199763574899,0.04342912856658177,V,bf
575526675969,2458359.8763077,16.450202398382398,0.10687774732151414,V,bf
575526675969,2458368.8492022,16.607764284403693,0.0702254278330273,V,bf
575526675969,2458365.8913448,16.35405719267517,0.06468183053143074,V,bf
575526675969,2458371.8426152,16.46053352552118,0.059047658820259634,V,bf
575526675969,2458385.8024467,16.22953788617847,0.10378086915407236,V,bf
575526675969,2459999.444078,17.124672104820945,0.08894670185765925,g,bn
575526675969,2459999.6081945,17.002041021564768,0.07088809081242074,g,bk
575526675969,2459999.6094349,16.844425163829982,0.07207317064455794,g,bk
575526675969,2460000.5984873,16.988032092328414,0.06371007788701105,g,bk
575526675969,2460000.5586419,16.81986469571607,0.052048056891780006,g,bF
575526675969,2460001.6805264,16.838514852176456,0.09208454435830554,g,bG
575526675969,2460004.6203693,16.933772722860457,0.07564650697556197,g,bk
575526675969,2460005.6770782,16.84403236330929,0.1283969959904606,g,bk
575526675969,2460009.6353566,16.5460974480523,0.1546541731866143,g,bF
575526675969,2460009.6340684,16.829097446852842,0.13785894900787998,g,bF
575526675969,2460011.6695277,16.19650214050909,0.20292724074997764,g,bG
575526675969,2460011.6682295,16.15992506254379,0.1451793278535999,g,bG
575526675969,2460012.6619355,16.81662547268125,0.19497923332370823,g,bk
575526675969,2456924.8153638,16.402325168065023,0.10051372347075795,V,be
575526675969,2460014.6712387,16.960283752411193,0.15711737266420045,g,bF
575526675969,2460021.6428152,16.889207462748484,0.08003132866000953,g,bk
575526675969,2460027.5641615,16.84491392301564,0.06935296390454371,g,bk
575526675969,2460028.6034911,16.873968119987094,0.060384162243884695,g,bG
575526675969,2460029.5598201,16.830398021072913,0.07486540489777664,g,bk
575526675969,2460031.5149733,16.931113376462704,0.10223477731486083,g,bk
575526675969,2460032.4965789,17.295446010634173,0.12975021748294036,g,bk
575526675969,2460033.6424607,16.81893277558415,0.09684562229853762,g,bF
575526675969,2460035.5777586,16.736149733698987,0.1272805787629331,g,bk
575526675969,2460036.5504652,17.01712439442645,0.11137280155440611,g,bk
575526675969,2458852.7757975,16.888596050477613,0.06145449663524062,g,bF
575526675969,2458580.5479765,16.699931037905976,0.042376065561095445,g,bF
575526675969,2460021.6720105,17.31813984584578,0.11256259424465025,g,bF
575526675969,2458749.8749027,16.726255441310077,0.0733136868878734,g,bF
575526675969,2459241.7081325,16.79350081639516,0.18161280096292137,g,bF
575526675969,2460018.6687298,16.884959396653954,0.08214264149897123,g,bF
575526675969,2458541.7172406,16.91507511079982,0.07905461983797274,g,bF
575526675969,2459264.7015517,16.858815706724304,0.08094994154101065,g,bF
575526675969,2460025.645032,16.757691218451797,0.06122078386088838,g,bF
575526675969,2460019.6672179,16.86645142711222,0.06653919326430167,g,bF
575526675969,2458455.7755075,16.720792100951513,0.05535954659064652,g,bF
575526675969,2458833.6511481,16.97050549740508,0.12872433822016704,g,bF
575526675969,2459202.8553378,16.693193998155863,0.11844466709387971,g,bF
575526675969,2458882.7809225,16.571970409101397,0.09521060204054961,g,bF
575526675969,2459306.6174701,16.67706623450853,0.1326145381222846,g,bF
575526675969,2459534.6521725,16.589509564045105,0.10715018612498685,g,bF
575526675969,2459251.7734707,16.80460666758653,0.08945140765169879,g,bF
575526675969,2458726.8665064,16.84033709325076,0.08482987022407176,g,bG
575526675969,2458844.7173106,16.775228702215284,0.10260224301292861,g,bG
575526675969,2459240.5767999,16.642097140146653,0.13179185808022445,g,bG
575526675969,2459934.635386,17.0350746768119,0.08880966305309404,g,bG
575526675969,2458472.6756211,16.798073349388023,0.12304123083463725,g,bG
575526675969,2458484.7325828,16.836123706799842,0.09259501543131754,g,bG
575526675969,2458854.5550542,17.186253760752294,0.2098375428938713,g,bG
575526675969,2459503.7482161,16.870065992221896,0.20472275276729687,g,bG
575526675969,2459562.7381842,17.061019299198364,0.16937958099649816,g,bG
575526675969,2458495.6869417,16.81149154466565,0.08091999404363795,g,bG
575526675969,2459633.5858651,16.66177648766916,0.08369722921105188,g,bG
575526675969,2459645.6712745,17.059661585152607,0.11768761735777628,g,bG
575526675969,2460003.5288937,16.79469363585585,0.08270318479377962,g,bG
575526675969,2460023.6335469,17.055427080060674,0.12016375020202755,g,bG
575526675969,2459840.7784793,16.7421826865776,0.08461045953697272,g,bG
575526675969,2458542.6813644,16.75425180956832,0.08180611297370453,g,bG
575526675969,2458618.4509055,16.763760722554483,0.08116994042944219,g,bG
575526675969,2459187.5479617,16.91846377118104,0.09396340637152571,g,bG
575526675969,2459550.5843462,16.736896642960627,0.09959765604572925,g,bG
575526675969,2459621.6192808,16.923474516977098,0.14984873014257796,g,bG
575526675969,2459653.6469595,16.863359816615528,0.17111923581315142,g,bG
575526675969,2459663.5368939,16.682474214217926,0.08154259905970707,g,bG
575526675969,2459832.8509034,16.950236495875846,0.2092156767367347,g,bG
575526675969,2460019.6387682,16.919229994280887,0.099607827095292,g,bG
575526675969,2458479.7864077,17.013909690605573,0.12343240187774648,g,bG
575526675969,2458794.6600811,17.137660014615992,0.19069293693852166,g,bG
575526675969,2458751.8327358,16.70437130897583,0.1462137217012183,g,bG
575526675969,2459320.4982108,16.55189359828006,0.09239072651866088,g,bG
575526675969,2459580.7598338,16.61392591003143,0.10332947381886634,g,bG
575526675969,2458407.7632249,16.766195631063763,0.07179210190682886,g,bG
575526675969,2458624.464691,16.730736074671174,0.07033963754621841,g,bG
575526675969,2459251.7438626,16.884311134701896,0.1294854109216971,g,bG
575526675969,2459647.5478896,17.017795198073912,0.10931657406310101,g,bG
575526675969,2460018.6422418,16.881932456166982,0.10695430209159239,g,bG
575526675969,2458795.8431382,16.768308281396855,0.10241209934173429,g,bG
575526675969,2458878.7673069,17.524652246426335,0.2137609146573513,g,bG
575526675969,2459293.6318582,17.147532184281992,0.11871247113021965,g,bG
575526675969,2458442.7476084,16.761646782493788,0.09546868021987653,g,bF
575526675969,2459322.5178996,16.908064107713564,0.0890399593359592,g,bF
575526675969,2458480.6235593,17.01878175902202,0.08548634320543314,g,bF
575526675969,2458748.8639263,16.827874886115982,0.06754791053391108,g,bF
575526675969,2459522.7101589,16.948972106610043,0.06083078293080489,g,bF
575526675969,2459626.6602747,16.50134637509078,0.16444378622252495,g,bF
575526675969,2458637.4543458,16.589164267784856,0.08932432529877266,g,bF
575526675969,2458795.6846039,16.99729543943496,0.16313163388431035,g,bF
575526675969,2458820.7989401,17.00337557159129,0.08911621065239798,g,bF
575526675969,2459504.7997812,16.82088780981864,0.14798981293304694,g,bF
575526675969,2459482.8272163,17.010715035910174,0.16849959984189933,g,bF
575526675969,2458481.7713032,16.81134269277813,0.08593199786892476,g,bF
575526675969,2458494.7952589,16.738783347888802,0.058576726450839084,g,bF
575526675969,2458806.7976257,16.662163171254253,0.0837025215117827,g,bF
575526675969,2458870.8164152,16.711294213380622,0.07663588682589759,g,bF
575526675969,2458878.7946476,16.925601539349827,0.16139078897335538,g,bF
575526675969,2459454.8581917,17.270030671319528,0.2077224762039996,g,bF
575526675969,2459506.710686,16.634586168293954,0.16898617445682318,g,bF
575526675969,2458698.9215065,16.75272481514788,0.09091573462723876,g,bG
575526675969,2458773.7985226,16.640946870419228,0.11465537984270315,g,bG
575526675969,2459624.6209729,16.82144271158758,0.19451261477604698,g,bG
575526675969,2459634.7003707,17.12154348173278,0.18850289214953772,g,bG
575526675969,2459158.8537865,16.44924491492292,0.10474614574444037,g,bG
575526675969,2459188.6092865,16.72859115526247,0.11536413459766721,g,bG
575526675969,2459535.659413,16.87431302720285,0.20213348666047054,g,bG
575526675969,2459617.7414998,16.928695483316776,0.14364707618468814,g,bG
575526675969,2459228.8081314,16.75459984964692,0.10976307726096324,g,bG
575526675969,2459703.5031866,17.083755653135974,0.11151546563547199,g,bG
575526675969,2460017.6445209,16.781800011631272,0.10620503616063985,g,bG
575526675969,2458543.6562036,16.887906306697133,0.0711649645975471,g,bG
575526675969,2459837.9121756,16.4510058221806,0.20239452409785927,g,bF
575526675969,2460020.6661626,16.600291310115033,0.05479593706859689,g,bF
575526675969,2460040.5322625,16.785365918908578,0.21024181575783107,g,bk
575526675969,2460040.5845773,16.349629826344497,0.21359930034842736,g,bG
575526675969,2459840.8003874,16.53396610883615,0.07912249288047643,g,bF
575526675969,2459834.8052074,16.925657682402566,0.15749801809364697,g,bF
575526675969,2459297.6244542,16.456729754484748,0.1143029444031641,g,bG
575526675969,2459937.6806081,16.89748255276968,0.0857265141148517,g,bG
575526675969,2460016.6475127,17.019151122218027,0.16009870002827217,g,bG
575526675969,2458505.6793039,16.485227164876196,0.1122490958704213,g,bF
575526675969,2459318.4988482,16.877060415340225,0.09239774354297478,g,bF
575526675969,2458464.6961264,16.835559444809086,0.055987563395232615,g,bF
575526675969,2458409.7421065,16.582754598053388,0.06553488018348098,g,bF
575526675969,2458436.7434496,16.588217100942583,0.050675893045895794,g,bF
575526675969,2458483.7551958,16.926448869652308,0.05868282548843419,g,bF
575526675969,2458881.7893927,16.80598341374395,0.0795244952847009,g,bF
575526675969,2459178.6155512,16.70199790551074,0.10906622659976101,g,bF
575526675969,2459497.7399884,16.646575248415438,0.06933368804888018,g,bF
575526675969,2459501.7357213,17.05459622729328,0.15314976126040467,g,bF
575526675969,2459611.716668,16.927618892311443,0.07108364272425392,g,bF
575526675969,2458519.763128,16.84883596290246,0.062272476801419833,g,bF
575526675969,2458523.5865176,16.99059871687662,0.07482106084479839,g,bF
575526675969,2459610.7172322,16.92083211526864,0.08327993729228286,g,bF
575526675969,2460016.6742673,17.238515044231544,0.18705007420311404,g,bF
575526675969,2458409.7112319,16.973266378456938,0.10996406339685744,g,bG
575526675969,2458481.7167422,16.90088806210352,0.15702133913882918,g,bG
575526675969,2458469.6395876,16.676822857517816,0.08549115239469632,g,bG
575526675969,2458897.7172455,16.90956208644667,0.08622270362169053,g,bG
575526675969,2458447.6544355,17.10674560745864,0.194948980739984,g,bG
575526675969,2458437.7779963,16.79961529667886,0.07276034170037392,g,bG
575526675969,2459359.4492783,16.022879992763094,0.16622115877714982,g,bG
575526675969,2458536.5147671,16.845671913651806,0.09625751830166876,g,bG
575526675969,2460031.5375678,16.694156739780436,0.047831431239521154,g,bF
575526675969,2460031.5137214,16.801479939656552,0.07425942290955037,g,bk
575526675969,2460044.6026003,16.827501666299675,0.13124912162950628,g,bF
575526675969,2460046.5978231,16.75551736426768,0.05111843409335303,g,bF
575526675969,2460047.5682343,16.989623018415067,0.07753160711067594,g,bk
575526675969,2460050.5644361,16.74349725469769,0.09131832231752808,g,bG
575526675969,2460052.5491684,16.825931991939512,0.11604524463432245,g,bG
575526675969,2460045.5755366,16.956886499183458,0.10223999353725748,g,bG
575526675969,2460046.5698259,16.93893113129662,0.09686035852700971,g,bG
575526675969,2460048.5625964,16.895456268739665,0.08737758000215048,g,bG
575526675969,2460049.5627606,16.826464004869305,0.08954810537550269,g,bk
575526675969,2460050.588247,16.803853996538862,0.05972485664890874,g,bF
575526675969,2460045.6043198,16.796990588962345,0.10509985889487883,g,bF
575526675969,2460049.5894795,16.680830945069967,0.04955777528398577,g,bF
575526675969,2460053.5390209,16.884061663189286,0.11159786449258169,g,bF
575526675969,2460053.5364466,16.90906180847591,0.06740057841228313,g,bF
575526675969,2460051.5581937,16.627786205627885,0.08161602430642115,g,bG
575526675969,2460051.585729,16.82229303481271,0.06270485789123692,g,bF
575526675969,2460054.5097511,16.79521721358534,0.07235828815906858,g,bk
575526675969,2460056.5326751,16.97163487343369,0.0886014962519852,g,bk
575526675969,2460056.5387377,16.65424512439135,0.0626159041024585,g,bF
575526675969,2460057.5271536,17.256748794040472,0.10050580301803043,g,bk
575526675969,2460059.5657147,16.790911683029172,0.07205588413711583,g,bF
575526675969,2460059.521602,16.498855232844065,0.08757444610470257,g,bG
575526675969,2460059.4914863,17.00921539203077,0.09505588936708718,g,bk
575526675969,2460062.5285368,17.04494393576461,0.13183901093618455,g,bk
575526675969,2460061.5206423,17.230837593421363,0.12903358668238038,g,bk
575526675969,2460066.5413847,17.19587372377996,0.15688846108753368,g,bF
575526675969,2460066.4979047,16.91477636168753,0.1399899809974222,g,bG
575526675969,2460068.5082556,16.399209807735144,0.11248776727242009,g,bG
575526675969,2460069.5096753,16.579937848215053,0.18477074070725982,g,bG
575526675969,2460073.5198657,16.743500134744856,0.06636148077042366,g,bF
575526675969,2458107.7246073,16.434656348943417,0.06427777523216373,V,bf
575526675969,2460076.4678679,16.889461249573227,0.12428454944334387,g,bG
575526675969,2460077.4674036,16.616548728364027,0.10417913760590372,g,bG
575526675969,2460077.4909203,17.13263762837161,0.0974987665593232,g,bF
575526675969,2460072.5026641,16.273574678771446,0.11114973877983446,g,bG
575526675969,2460073.4954847,16.935853188601907,0.07394131418225991,g,bk
575526675969,2460074.4964967,16.987676891684615,0.1281756121049124,g,bG
575526675969,2460072.5302949,16.47036661053922,0.1224337456546593,g,bF
575526675969,2460078.4869028,17.069973003946313,0.08593775270310217,g,bF
575526675969,2460088.4601383,16.72406679339212,0.10072116202926237,g,bF
575526675969,2460089.4599257,16.775813083849798,0.11889705938676726,g,bF
575526675969,2460149.914465,16.96079870580721,0.1837969547900385,g,bG
575526675969,2460157.9251361,16.568815165727734,0.14580465323536615,g,bF
575526675969,2460158.9130016,16.370584580412483,0.21019956456936018,g,bG
575526675969,2460164.6375477,16.64183553031094,0.09997000954365645,g,bo
575526675969,2460167.6811895,16.564487015415498,0.1761664080113598,g,bn
575526675969,2460173.635067,17.044436380190064,0.07645344919662372,g,bo
575526675969,2460200.5352808,16.6574408333304,0.07457740529874442,g,bo
575526675969,2460200.5560308,16.93780638845066,0.061978108441385626,g,bn
575526675969,2460210.497539,16.761156039648874,0.06176047695373224,g,bo
575526675969,2460215.5272815,17.134751036750476,0.12052907219086373,g,bo
575526675969,2460235.542658,17.087155745251803,0.08391400533780694,g,bo
575526675969,2460243.6731283,16.7542754268579,0.17493984537330176,g,bG
575526675969,2460239.7208384,16.646080270745472,0.07468485933435838,g,bF
575526675969,2460242.6662146,16.4919623926021,0.10616769426818576,g,bk
575526675969,2460235.7288927,16.864562523068148,0.07043047285239842,g,bF
575526675969,2460242.7500048,16.706457063437348,0.12382881109441342,g,bF
575526675969,2460239.6740976,17.252079429191035,0.11739681531641845,g,bk
575526675969,2460241.8172473,16.827688281156124,0.05409502218811214,g,bF
575526675969,2460245.7322269,16.751135558187066,0.20235183403370233,g,bk
575526675969,2460260.3683412,16.93253608307401,0.05097158755734983,g,bo
575526675969,2460263.6124667,16.757032418744842,0.07011224541872005,g,bk
575526675969,2460266.635755,16.85707300047026,0.045725178689810755,g,bF
575526675969,2460266.3610392,16.771808143633702,0.07748213196433247,g,bo
575526675969,2460264.815428,16.98344190707948,0.07479892892283613,g,bk
575526675969,2460271.6586872,17.045276508247007,0.14442694453006408,g,bF
575526675969,2460273.8318328,16.8509852394346,0.08133322700347384,g,bk
575526675969,2460282.6220275,17.101716831211057,0.15113922225982487,g,bk
575526675969,2460275.6000769,16.705115721478897,0.19863728795862215,g,bF
575526675969,2460267.5925148,17.027131629011578,0.1123701197478509,g,bk
575526675969,2459701.5137729,16.900861725773904,0.07876924709012435,g,bk
575526675969,2459601.7422398,16.847376507013262,0.16149259002732697,g,bk
575526675969,2460272.5922267,16.800550749624666,0.18708391568323957,g,bk
575526675969,2460283.6080366,17.162319028491723,0.11786707598342078,g,bk
575526675969,2460270.6119683,16.82650725918309,0.15179020000227972,g,bG
575526675969,2460285.7874871,17.119690845665993,0.17089969594862378,g,bk
575526675969,2459833.8636998,16.807105765268368,0.17572007306268553,g,bk
575526675969,2459599.5710858,17.010248300039386,0.15944083808918974,g,bk
575526675969,2459618.7183597,16.928150436181227,0.12497311072256909,g,bk
575526675969,2459837.7835116,16.936373115649804,0.13861012503977463,g,bk
575526675969,2459700.5181655,16.717869929278507,0.05608776492087499,g,bk
575526675969,2459841.8268811,16.840001559685575,0.09766790955331928,g,bk
575526675969,2460268.6237573,16.969715699579165,0.10035005465188988,g,bk
575526675969,2460269.613343,16.805591034834965,0.09462031470287632,g,bk
575526675969,2460271.6109467,16.841031551045628,0.13110076202746498,g,bk
575526675969,2459945.5736352,16.9459497838201,0.09677923439401082,g,bn
575526675969,2460257.5019852,17.343182088435153,0.09556938403827442,g,bn
575526675969,2460258.4803378,16.903182307852237,0.0793444633284821,g,bo
575526675969,2460287.8218154,17.055000144491515,0.10131933156134847,g,bk
575526675969,2460289.4005991,16.764943274436153,0.08318592228737147,g,bo
575526675969,2460226.7507827,16.88112199507906,0.05647222452567978,g,bF
575526675969,2460247.7457384,16.69706153123461,0.11620463439540753,g,bF
575526675969,2460078.4578606,16.622388325710638,0.2108779941398262,g,bG
575526675969,2460264.6334622,16.790531959375986,0.05175412202002746,g,bF
575526675969,2460222.7577705,16.989441001201282,0.13007597189664868,g,bF
575526675969,2460260.6568604,16.770927456071934,0.056007567700431936,g,bF
575526675969,2460218.7612875,16.435894930965112,0.13983677694966515,g,bF
575526675969,2460256.6783806,16.674254960549433,0.06412226009403486,g,bF
575526675969,2460262.6581316,16.775145171905542,0.06320865834931735,g,bF
575526675969,2460219.7432068,16.628091251845184,0.15179113476465025,g,bk
575526675969,2460223.7333916,17.23543673934251,0.122867578899348,g,bk
575526675969,2460230.7007582,16.867758035055516,0.06576352614372916,g,bk
575526675969,2460231.7074259,17.075212813728385,0.08394186449327341,g,bk
575526675969,2460232.8628385,16.99092773793003,0.18194116247721018,g,bk
575526675969,2460290.4708511,16.898618458099122,0.06640401405710075,g,bn
575526675969,2460290.6315047,17.177785636336665,0.16315500031899424,g,bk
575526675969,2460291.7860727,17.065836602058656,0.08623305452295037,g,bk
575526675969,2460218.7366644,16.565235355386662,0.15913089313028797,g,bk
575526675969,2460025.6308751,16.968528454970304,0.08938948757414336,g,bk
575526675969,2460022.5808997,17.042266427823098,0.07927245423356165,g,bk
575526675969,2460024.6020087,17.08053474768934,0.07990293049388864,g,bk
575526675969,2460251.7605565,17.105162244946897,0.11729411053336933,g,bk
575526675969,2460261.8389209,17.055814820279927,0.08404655827583045,g,bk
575526675969,2460254.6709271,17.169094238109416,0.09522077704924745,g,bk
575526675969,2460256.8544896,16.945700464268,0.0712497004628782,g,bk
575526675969,2460261.6546705,16.75019135470354,0.07459029253123038,g,bG
575526675969,2460228.7865135,16.741123167816042,0.08235821330522677,g,bG
575526675969,2460227.7147896,16.635258666844216,0.10549718782391754,g,bG
575526675969,2460139.9427616,16.726523678052676,0.17038490466667158,g,bG
575526675969,2460225.7290961,16.976294359798757,0.1198814225638288,g,bG
575526675969,2460142.945758,16.434282416077327,0.2082758994170362,g,bG
575526675969,2460250.6807318,17.21891034029239,0.19636220215192524,g,bG
575526675969,2460293.5901059,16.891923839767685,0.06898319993402868,g,bk
575526675969,2460185.6054519,16.42400136669959,0.10675273696109679,g,bn
575526675969,2460206.5898756,17.079771635370772,0.07356402852612084,g,bn
575526675969,2460017.4338572,16.991507976751613,0.20655108714636383,g,bn
575526675969,2460191.6156254,17.04013125068336,0.13194608295287266,g,bn
575526675969,2460191.6078127,16.630664335850362,0.11147780541805051,g,bo
575526675969,2460206.5672028,17.018266305025772,0.09296493151539498,g,bo
575526675969,2460183.5933683,17.203032378986624,0.08676713381754649,g,bo
575526675969,2460253.4074646,16.768427033369456,0.07876342403669125,g,bo
575526675969,2460252.6063133,17.50925718569036,0.21708561900011722,g,bo
575526675969,2460168.6731,16.931798929363833,0.13084499012681497,g,bo
575526675969,2460221.5035148,16.787589954500618,0.1189563132676991,g,bn
575526675969,2460233.4768892,17.21001786402663,0.08517662010538302,g,bn
575526675969,2460253.4711754,17.235490809150676,0.09076757722627216,g,bn
575526675969,2460261.3825261,17.022220527143542,0.06453928899800039,g,bn
575526675969,2460295.5430587,16.887160333511172,0.06283122007110922,g,bn
575526675969,2460295.5404879,16.705719281619416,0.09299086003660438,g,bk
575526675969,2460296.6288035,17.020403689859545,0.08241191844494641,g,bk
575526675969,2460297.5989537,16.843998478280277,0.08757560265132446,g,bk
575526675969,2460298.6412381,16.906551186590747,0.093053435560022,g,bk
575526675969,2460301.562985,17.141964570719274,0.1743982116309741,g,bk
575526675969,2460302.5741959,16.82440020988698,0.1500236324803715,g,bk
575526675969,2460303.5785128,16.645975526672892,0.1378086900290756,g,bk
575526675969,2460309.8301773,16.849005604696245,0.11381095644689235,g,bk
575526675969,2460310.6890546,16.878258255460448,0.09799999519846955,g,bk
575526675969,2460311.6940249,17.10493860053038,0.10841440331472862,g,bF
575526675969,2460312.3581724,17.247121639405954,0.08191855827937788,g,bn
575526675969,2460312.5392369,16.873688938776805,0.12126813643411344,g,bG
575526675969,2460278.5608826,16.867361350277218,0.08458803089061863,g,bG
575526675969,2460314.3275667,16.992323968679287,0.0672166959198842,g,bo
575526675969,2460315.3851038,16.79837187642618,0.05228830249603367,g,bn
575526675969,2460316.6225443,16.870547103805553,0.04836329377105012,g,bF
575526675969,2460314.6178104,16.84866587037036,0.06431139774485602,g,bk
575526675969,2460319.5664324,16.893783360485536,0.057998394929476234,g,bF
575526675969,2460316.7382465,17.16245357840895,0.08480270050066172,g,bk
575526675969,2460317.7838837,16.893771001311872,0.07320042605096382,g,bk
575526675969,2460321.374765,17.137269194609022,0.08220515489719907,g,bo
575526675969,2460321.7691712,16.68828544628302,0.10610744399727329,g,bG
575526675969,2460321.8113072,16.574811091268117,0.06730977744196275,g,bF
575526675969,2460322.4233978,16.753900249952657,0.06047432834869771,g,bo
575526675969,2460322.4909441,16.990167075550147,0.06805509055073809,g,bn
575526675969,2460322.7901622,16.773023500863744,0.0634636109888737,g,bk
575526675969,2460322.8407708,16.88333272182601,0.07421014596015375,g,bF
575526675969,2460323.3782978,17.01815566658656,0.09071187160579675,g,bo
575526675969,2460324.759948,16.774030153514023,0.04818616930151086,g,bF
575526675969,2460324.7822382,16.737198086462456,0.08532048829084196,g,bk
575526675969,2460325.7911101,16.71959300261915,0.09198566965761622,g,bG
575526675969,2460325.29971,16.779082192718967,0.07734127217898537,g,bo
575526675969,2460283.6067963,17.024945325743722,0.07704211502485375,g,bk
575526675969,2460326.7864126,16.914745699698912,0.0810933635081881,g,bk
575526675969,2460327.7853767,16.86688397970816,0.08744158512855213,g,bk
575526675969,2460328.788733,17.337997652081214,0.14089823315444125,g,bk
575526675969,2460329.5647183,16.708515528300527,0.06592706544022096,g,bF
575526675969,2460329.5933854,17.28002983181756,0.16724927958771757,g,bk
575526675969,2460329.7820325,16.78461279729494,0.09336136382740909,g,bG
575526675969,2460330.5367716,16.961692995548006,0.08670483500459589,g,bk
575526675969,2460331.7539209,16.613738438135346,0.11467460931864523,g,bG
575526675969,2460332.7414395,16.567804203382185,0.12862525389506516,g,bF
575526675969,2460337.5714163,17.220615763754637,0.193660299468804,g,bk
575526675969,2460338.576457,16.81365995991093,0.10925972020220785,g,bG
575526675969,2460339.5798313,16.72823407156794,0.14797898668524825,g,bG
575526675969,2460340.5794846,16.813935483264718,0.06714725663599597,g,bG
575526675969,2460371.4503031,16.87373297667699,0.12220172567768604,g,bn
575526675969,2460371.6685403,16.962025278011783,0.12775948411360497,g,bk
575526675969,2460372.4305775,16.069587315987487,0.13254864070704375,g,bn
575526675969,2460374.699602,16.971356596371663,0.07672876963717824,g,bF
575526675969,2460375.4239873,17.021674063152567,0.09235088494090607,g,bn
575526675969,2460372.6741115,16.78721008645027,0.11000774829922191,g,bG
575526675969,2460379.3209172,16.834276910194493,0.05717522578938292,g,bn
575526675969,2460345.2757065,16.91370756117869,0.13768548330372202,g,bo
575526675969,2460380.6532438,17.056804295891787,0.0761761631642038,g,bk
575526675969,2460341.3648393,17.040663875067665,0.10282553093827038,g,bo
575526675969,2460374.6621211,16.76205005083348,0.07523120430183557,g,bk
575526675969,2460373.7012763,17.05033272655293,0.09268742189757075,g,bF
575526675969,2460385.6237918,16.909141996464466,0.07017033095600823,g,bk
575526675969,2460346.271237,16.8222946716351,0.1931454542283396,g,bo
575526675969,2460370.6797513,16.54179601471295,0.0914422876067747,g,bG
575526675969,2460386.6670161,16.614958836917666,0.07630131449009454,g,bF
575526675969,2460373.6751992,16.89065016488432,0.11615393701667627,g,bG
575526675969,2460378.3258446,16.676178293853628,0.06101595104627763,g,bn
575526675969,2460380.3203442,17.002319747796154,0.0767347244860631,g,bn
575526675969,2460381.3156165,16.955975996424797,0.07275819206359081,g,bn
575526675969,2460388.6221481,16.741346411947735,0.10483775772980218,g,bG
575526675969,2460390.6258542,16.9418424805082,0.14932832961135822,g,bG
575526675969,2460375.6956519,16.965606611527633,0.08542223832403661,g,bF
575526675969,2460388.2592007,16.587572994507394,0.1862044536402508,g,bn
575526675969,2460375.6645967,16.575687809019573,0.08697886972729249,g,bG
575526675969,2460376.6570385,16.931103765170988,0.08680214732743174,g,bk
575526675969,2460377.6527136,16.932223187566063,0.07961431026210293,g,bk
575526675969,2460381.64128,17.125335618621634,0.08766425159463304,g,bk
575526675969,2460403.605231,16.988481931673757,0.08269303298306735,g,bF
575526675969,2460403.5711963,16.852321712825933,0.07991310336907262,g,bk
575526675969,2460404.3413636,17.010676163055713,0.10013628534684665,g,bn
575526675969,2460404.5704564,17.095062014550997,0.09934703155753244,g,bk
575526675969,2460393.6366126,16.212865497714,0.18528350142169187,g,bF
575526675969,2460392.6416681,16.304663093843622,0.11210721681042587,g,bF
575526675969,2460405.3413478,17.09326051725258,0.09966593919992853,g,bn
575526675969,2460406.5989636,16.989988285993718,0.0786616131107302,g,bF
575526675969,2460401.6172593,16.794240883758786,0.19002741436528717,g,bF
575526675969,2460408.5561225,17.06523105615163,0.08650610671283893,g,bk
575526675969,2460402.6161444,16.71500678228798,0.10223162456318163,g,bF
575526675969,2460404.6045367,17.015503555663784,0.07652035981374397,g,bF
575526675969,2460405.5997815,17.1267234003573,0.09264804626963939,g,bF
575526675969,2460402.3520447,16.77131853051663,0.07374524508949379,g,bn
575526675969,2460403.3638158,17.52013720369241,0.15659881474530876,g,bn
575526675969,2460402.579536,16.481484564280127,0.05996971238975416,g,bG
575526675969,2460407.5641977,16.860492208466667,0.07367274111840226,g,bk
575526675969,2460395.528083,17.029397082140466,0.18412580950192617,g,bk
575526675969,2460400.5774203,16.883700118712124,0.07999364785866266,g,bk
575526675969,2460401.5803157,16.973383058891724,0.14480088157813564,g,bk
575526675969,2460405.5658495,17.189674000767535,0.10431398731851788,g,bk
575526675969,2460406.5686696,16.992057881233876,0.08360778204736996,g,bG
575526675969,2460412.241262,16.85285691346112,0.07964605936293012,g,bn
575526675969,2460413.2638992,16.880007732582037,0.060173939080486585,g,bn
575526675969,2460410.5543108,17.021059042781822,0.08993787976589014,g,bk
575526675969,2460409.5589891,16.654984760113255,0.07773456299970152,g,bG
575526675969,2460409.5892434,16.843171606350406,0.07450379603997774,g,bF
575526675969,2460410.5884955,16.913000958487462,0.0839285466091428,g,bF
575526675969,2460411.5823141,17.224589506888165,0.1181375788542788,g,bF
575526675969,2460411.5520794,17.09998474494209,0.10418382870679564,g,bG
575526675969,2460414.2170047,17.227870717132333,0.14543352274119908,g,bn
575526675969,2460416.5708675,17.083071238275153,0.1293612415262119,g,bF
575526675969,2460419.5291256,16.779830751288355,0.11158588813454161,g,bG
575526675969,2460417.5814153,16.91991037312905,0.1077623337366281,g,bF
575526675969,2460418.2552572,17.15831818192311,0.16748510174550924,g,bn
575526675969,2460420.2990938,16.85997777887122,0.1427848776234737,g,bn
575526675969,2460417.5339453,17.206196573603844,0.1552185866295948,g,bk
575526675969,2460419.280636,17.036424410037284,0.1325507974731178,g,bn
575526675969,2460423.5356794,16.691003596408574,0.16948607185352746,g,bk
575526675969,2460425.5060446,16.832298004234968,0.1343431699487411,g,bk
575526675969,2460429.2253539,16.831921695143986,0.08198181768762355,g,bn
575526675969,2460432.2604663,16.878939364619544,0.11034108529857733,g,bo
575526675969,2460432.5433166,16.880696154788712,0.11171403274188174,g,bF
575526675969,2460437.2672524,16.870327548532156,0.08045262316147758,g,bn
575526675969,2460437.4577118,16.885785892705258,0.12823959640926372,g,bG
575526675969,2460441.4887936,17.134494496295257,0.13380541379830005,g,bG
575526675969,2460442.1992366,16.526980275660975,0.11910160164125395,g,bn
575526675969,2460444.2171406,17.053010262433574,0.09771359584433291,g,bo
575526675969,2460445.2414885,17.36152242659641,0.21622144226959192,g,bn
575526675969,2460447.4781193,16.966181114080236,0.14653365139421093,g,bG
575526675969,2460449.456979,17.16539782725319,0.18223842419331682,g,bk
575526675969,2460449.4897845,16.32528807791006,0.08667657905275758,g,bF
575526675969,2460450.4630061,16.840646284242816,0.12574200321967183,g,bG
575526675969,2460457.468725,17.38292466070019,0.12081055795728629,g,bF
